ID,Year_Birth,Education,Marital_Status,Income,Kidhome,Teenhome,Dt_Customer,Recency,MntWines,MntFruits,MntMeatProducts,MntFishProducts,MntSweetProducts,MntGoldProds,NumDealsPurchases,NumWebPurchases,NumCatalogPurchases,NumStorePurchases,NumWebVisitsMonth,AcceptedCmp3,AcceptedCmp4,AcceptedCmp5,AcceptedCmp1,AcceptedCmp2,Complain,Z_CostContact,Z_Revenue,Response,TotalSpent,TotalPurchases,TotalChildren,TotalCampaignsAccepted,DealPurchaseRatio,WebPurchaseRatio,StorePurchaseRatio,CatalogPurchaseRatio,WebConversionRatio,CustomerYear,CustomerMonth
5524,1957,2,0,58138.0,0,0,2012-09-04,58,635,88,546,172,88,88,3,8,10,4,7,0,0,0,0,0,0,3,11,1,1617,22,0,0,0.13043478260869565,0.34782608695652173,0.17391304347826086,0.43478260869565216,1.0,2012,9
2174,1954,2,0,46344.0,1,1,2014-03-08,38,11,1,6,2,1,6,2,1,1,2,5,0,0,0,0,0,0,3,11,0,27,4,2,0,0.4,0.2,0.4,0.2,0.16666666666666666,2014,3
4141,1965,2,4,71613.0,0,0,2013-08-21,26,426,49,127,111,21,42,1,8,2,10,4,0,0,0,0,0,0,3,11,0,776,20,0,0,0.047619047619047616,0.38095238095238093,0.47619047619047616,0.09523809523809523,1.6,2013,8
6182,1984,2,4,26646.0,1,0,2014-02-10,26,11,4,20,10,3,5,2,2,0,4,6,0,0,0,0,0,0,3,11,0,53,6,1,0,0.2857142857142857,0.2857142857142857,0.5714285714285714,0.0,0.2857142857142857,2014,2
5324,1981,4,4,58293.0,1,0,2014-01-19,94,173,43,118,46,27,15,5,5,3,6,5,0,0,0,0,0,0,3,11,0,422,14,1,0,0.3333333333333333,0.3333333333333333,0.4,0.2,0.8333333333333334,2014,1
7446,1967,3,4,62513.0,0,1,2013-09-09,16,520,42,98,0,42,14,2,6,4,10,6,0,0,0,0,0,0,3,11,0,716,20,1,0,0.09523809523809523,0.2857142857142857,0.47619047619047616,0.19047619047619047,0.8571428571428571,2013,9
965,1971,2,1,55635.0,0,1,2012-11-13,34,235,65,164,50,49,27,4,7,3,7,6,0,0,0,0,0,0,3,11,0,590,17,1,0,0.2222222222222222,0.3888888888888889,0.3888888888888889,0.16666666666666666,1.0,2012,11
6177,1985,4,4,33454.0,1,0,2013-05-08,32,76,10,56,3,1,23,2,4,0,4,8,0,0,0,0,0,0,3,11,0,169,8,1,0,0.2222222222222222,0.4444444444444444,0.4444444444444444,0.0,0.4444444444444444,2013,5
4855,1974,4,4,30351.0,1,0,2013-06-06,19,14,0,24,3,3,2,1,3,0,2,9,0,0,0,0,0,0,3,11,1,46,5,1,0,0.16666666666666666,0.5,0.3333333333333333,0.0,0.3,2013,6
5899,1950,4,4,5648.0,1,1,2014-03-13,68,28,0,6,1,1,13,1,1,0,0,20,1,0,0,0,0,0,3,11,0,49,1,2,1,0.5,0.5,0.0,0.0,0.047619047619047616,2014,3
387,1976,0,4,7500.0,0,0,2012-11-13,59,6,16,11,11,1,16,1,2,0,3,8,0,0,0,0,0,0,3,11,0,61,5,0,0,0.16666666666666666,0.3333333333333333,0.5,0.0,0.2222222222222222,2012,11
2125,1959,2,1,63033.0,0,0,2013-11-15,82,194,61,480,225,112,30,1,3,4,8,2,0,0,0,0,0,0,3,11,0,1102,15,0,0,0.0625,0.1875,0.5,0.25,1.0,2013,11
8180,1952,3,1,59354.0,1,1,2013-11-15,53,233,2,53,3,5,14,3,6,1,5,6,0,0,0,0,0,0,3,11,0,310,12,2,0,0.23076923076923078,0.46153846153846156,0.38461538461538464,0.07692307692307693,0.8571428571428571,2013,11
2569,1987,2,4,17323.0,0,0,2012-10-10,38,3,14,17,6,1,5,1,1,0,3,8,0,0,0,0,0,0,3,11,0,46,4,0,0,0.2,0.2,0.6,0.0,0.1111111111111111,2012,10
2114,1946,4,0,82800.0,0,0,2012-11-24,23,1006,22,115,59,68,45,1,7,6,12,3,0,0,1,1,0,0,3,11,1,1315,25,0,2,0.038461538461538464,0.2692307692307692,0.46153846153846156,0.23076923076923078,1.75,2012,11
9736,1980,2,4,41850.0,1,1,2012-12-24,51,53,5,19,2,13,4,3,3,0,3,8,0,0,0,0,0,0,3,11,0,96,6,2,0,0.42857142857142855,0.42857142857142855,0.42857142857142855,0.0,0.3333333333333333,2012,12
4939,1946,2,4,37760.0,0,0,2012-08-31,20,84,5,38,150,12,28,2,4,1,6,7,0,0,0,0,0,0,3,11,0,317,11,0,0,0.16666666666666666,0.3333333333333333,0.5,0.08333333333333333,0.5,2012,8
6565,1949,3,4,76995.0,0,1,2013-03-28,91,1012,80,498,0,16,176,2,11,4,9,5,0,0,0,1,0,0,3,11,0,1782,24,1,1,0.08,0.44,0.36,0.16,1.8333333333333333,2013,3
2278,1985,1,0,33812.0,1,0,2012-11-03,86,4,17,19,30,24,39,2,2,1,3,6,0,0,0,0,0,0,3,11,0,133,6,1,0,0.2857142857142857,0.2857142857142857,0.42857142857142855,0.14285714285714285,0.2857142857142857,2012,11
9360,1982,2,4,37040.0,0,0,2012-08-08,41,86,2,73,69,38,48,1,4,2,5,8,0,0,0,0,0,0,3,11,0,316,11,0,0,0.08333333333333333,0.3333333333333333,0.4166666666666667,0.16666666666666666,0.4444444444444444,2012,8
5376,1979,2,4,2447.0,1,0,2013-01-06,42,1,1,1725,1,1,1,15,0,28,0,1,0,0,0,0,0,0,3,11,0,1730,28,1,0,0.5172413793103449,0.0,0.0,0.9655172413793104,0.0,2013,1
1993,1949,4,4,58607.0,0,1,2012-12-23,63,867,0,86,0,0,19,3,2,3,9,8,0,1,0,0,0,0,3,11,0,972,14,1,1,0.2,0.13333333333333333,0.6,0.2,0.2222222222222222,2012,12
4047,1954,4,4,65324.0,0,1,2014-01-11,0,384,0,102,21,32,5,3,6,2,9,4,0,0,0,0,0,0,3,11,0,544,17,1,0,0.16666666666666666,0.3333333333333333,0.5,0.1111111111111111,1.2,2014,1
1409,1951,2,4,40689.0,0,1,2013-03-18,69,270,3,27,39,6,99,7,7,1,5,8,0,0,0,0,0,0,3,11,0,444,13,1,0,0.5,0.5,0.35714285714285715,0.07142857142857142,0.7777777777777778,2013,3
7892,1969,2,0,18589.0,0,0,2013-01-02,89,6,4,25,15,12,13,2,2,1,3,7,0,0,0,0,0,0,3,11,0,75,6,0,0,0.2857142857142857,0.2857142857142857,0.42857142857142855,0.14285714285714285,0.25,2013,1
2404,1976,2,4,53359.0,1,1,2013-05-27,4,173,4,30,3,6,41,4,5,1,4,7,0,0,0,0,0,0,3,11,0,257,10,2,0,0.36363636363636365,0.45454545454545453,0.36363636363636365,0.09090909090909091,0.625,2013,5
9422,1989,2,4,38360.0,1,0,2013-05-31,26,36,2,42,20,21,10,2,2,1,4,3,0,0,0,0,0,0,3,11,0,131,7,1,0,0.25,0.25,0.5,0.125,0.5,2013,5
1966,1965,4,4,84618.0,0,0,2013-11-22,96,684,100,801,21,66,0,1,6,9,10,2,0,0,1,0,0,0,3,11,0,1672,25,0,1,0.038461538461538464,0.23076923076923078,0.38461538461538464,0.34615384615384615,2.0,2013,11
6864,1989,3,1,10979.0,0,0,2014-05-22,34,8,4,10,2,2,4,2,3,0,3,5,0,0,0,0,0,0,3,11,0,30,6,0,0,0.2857142857142857,0.42857142857142855,0.42857142857142855,0.0,0.5,2014,5
3033,1963,3,4,38620.0,0,0,2013-05-11,56,112,17,44,34,22,89,1,2,5,3,3,0,0,0,0,0,0,3,11,0,318,10,0,0,0.09090909090909091,0.18181818181818182,0.2727272727272727,0.45454545454545453,0.5,2013,5
5710,1970,2,4,40548.0,0,1,2012-10-10,31,110,0,5,2,0,3,2,2,1,4,5,0,1,0,0,0,0,3,11,0,120,7,1,1,0.25,0.25,0.5,0.125,0.3333333333333333,2012,10
7373,1952,4,1,46610.0,0,2,2012-10-29,8,96,12,96,33,22,43,6,4,1,6,6,0,0,0,0,0,0,3,11,1,302,11,2,0,0.5,0.3333333333333333,0.5,0.08333333333333333,0.5714285714285714,2012,10
8755,1946,3,4,68657.0,0,0,2013-02-20,4,482,34,471,119,68,22,1,3,5,9,7,0,0,0,0,0,0,3,11,0,1196,17,0,0,0.05555555555555555,0.16666666666666666,0.5,0.2777777777777778,0.375,2013,2
10738,1951,3,0,49389.0,1,1,2013-08-29,55,40,0,19,2,1,3,1,2,0,3,7,0,0,0,0,0,0,3,11,0,65,5,2,0,0.16666666666666666,0.3333333333333333,0.5,0.0,0.25,2013,8
4339,1970,4,4,67353.0,0,1,2013-12-31,37,702,17,151,0,8,35,5,5,6,12,2,0,0,0,0,0,0,3,11,0,913,23,1,0,0.20833333333333334,0.20833333333333334,0.5,0.25,1.6666666666666667,2013,12
10755,1976,1,4,23718.0,1,0,2013-09-02,76,6,3,14,15,7,36,3,3,1,2,7,0,0,0,0,0,0,3,11,0,81,6,1,0,0.42857142857142855,0.42857142857142855,0.2857142857142857,0.14285714285714285,0.375,2013,9
8595,1973,2,2,42429.0,0,1,2014-02-11,99,55,0,6,2,0,4,2,1,1,3,5,0,0,0,0,0,0,3,11,0,67,5,1,0,0.3333333333333333,0.16666666666666666,0.5,0.16666666666666666,0.16666666666666666,2014,2
2968,1943,4,1,48948.0,0,0,2013-02-01,53,437,8,206,160,49,42,2,7,10,5,6,1,0,0,0,0,0,3,11,1,902,22,0,1,0.08695652173913043,0.30434782608695654,0.21739130434782608,0.43478260869565216,1.0,2013,2
8601,1980,2,4,80011.0,0,1,2013-04-29,3,421,76,536,82,178,102,2,8,6,5,4,0,0,0,0,0,0,3,11,0,1395,19,1,0,0.1,0.4,0.25,0.3,1.6,2013,4
503,1985,3,4,20559.0,1,0,2013-03-12,88,13,1,29,3,0,7,2,2,0,3,8,0,0,0,0,0,0,3,11,0,53,5,1,0,0.3333333333333333,0.3333333333333333,0.5,0.0,0.2222222222222222,2013,3
8430,1957,2,4,21994.0,0,1,2012-12-24,4,9,0,6,3,1,3,1,0,0,3,5,0,0,0,0,0,0,3,11,0,22,3,1,0,0.25,0.0,0.75,0.0,0.0,2012,12
2139,1975,3,4,7500.0,1,0,2013-10-02,19,3,1,10,3,2,12,3,2,0,3,5,0,0,0,0,0,0,3,11,0,31,5,1,0,0.5,0.3333333333333333,0.5,0.0,0.3333333333333333,2013,10
1371,1976,2,0,79941.0,0,0,2014-06-28,72,123,164,266,227,30,174,1,2,4,9,1,0,0,0,0,0,0,3,11,0,984,15,0,0,0.0625,0.125,0.5625,0.25,1.0,2014,6
9909,1996,1,4,7500.0,0,0,2012-11-09,24,3,18,14,15,22,50,3,3,1,3,9,0,0,0,0,0,0,3,11,1,122,7,0,0,0.375,0.375,0.375,0.125,0.3,2012,11
7286,1968,2,4,41728.0,1,0,2013-05-24,92,13,6,15,3,5,13,1,2,0,2,10,0,0,0,0,0,0,3,11,0,55,4,1,0,0.2,0.4,0.4,0.0,0.18181818181818182,2013,5
6566,1954,4,4,72550.0,1,1,2012-11-08,39,826,50,317,50,38,38,9,5,2,12,8,0,0,0,0,0,0,3,11,0,1319,19,2,0,0.45,0.25,0.6,0.1,0.5555555555555556,2012,11
8614,1957,2,2,65486.0,0,1,2014-05-12,29,245,19,125,37,67,14,1,4,2,10,2,0,0,0,0,0,0,3,11,0,507,16,1,0,0.058823529411764705,0.23529411764705882,0.5882352941176471,0.11764705882352941,1.3333333333333333,2014,5
4114,1964,3,4,79143.0,0,0,2012-08-11,2,650,37,780,27,167,32,1,6,9,13,3,0,0,0,0,0,0,3,11,0,1693,28,0,0,0.034482758620689655,0.20689655172413793,0.4482758620689655,0.3103448275862069,1.5,2012,8
1331,1977,2,0,35790.0,1,0,2013-01-02,54,12,6,20,30,1,3,2,2,0,3,7,0,0,0,0,0,0,3,11,0,72,5,1,0,0.3333333333333333,0.3333333333333333,0.5,0.0,0.25,2013,1
2225,1977,2,1,82582.0,0,0,2014-06-07,54,510,120,550,156,40,241,1,4,9,7,1,1,0,0,1,0,0,3,11,1,1617,20,0,2,0.047619047619047616,0.19047619047619047,0.3333333333333333,0.42857142857142855,2.0,2014,6
9381,1978,2,4,66373.0,1,1,2013-06-12,57,328,9,124,12,24,109,7,4,2,10,3,0,0,0,0,0,0,3,11,0,606,16,2,0,0.4117647058823529,0.23529411764705882,0.5882352941176471,0.11764705882352941,1.0,2013,6
6260,1955,3,4,82384.0,0,0,2012-11-19,55,984,51,432,180,120,190,1,3,10,13,1,0,0,1,0,0,0,3,11,1,1957,26,0,1,0.037037037037037035,0.1111111111111111,0.48148148148148145,0.37037037037037035,1.5,2012,11
10383,1966,2,1,70287.0,0,0,2013-04-02,30,295,35,482,121,120,40,1,5,5,10,3,0,0,0,0,0,0,3,11,1,1093,20,0,0,0.047619047619047616,0.23809523809523808,0.47619047619047616,0.23809523809523808,1.25,2013,4
7437,1988,2,0,27938.0,1,0,2014-04-28,31,13,0,8,2,1,5,1,1,0,4,3,0,0,0,0,0,0,3,11,0,29,5,1,0,0.16666666666666666,0.16666666666666666,0.6666666666666666,0.0,0.25,2014,4
8375,1968,4,4,55954.0,0,1,2014-03-03,63,447,0,28,0,0,43,3,8,2,6,7,0,0,0,0,0,0,3,11,0,518,16,1,0,0.17647058823529413,0.47058823529411764,0.35294117647058826,0.11764705882352941,1.0,2014,3
6853,1982,3,0,75777.0,0,0,2013-07-04,12,712,26,538,69,13,80,1,3,6,11,1,0,1,1,0,0,0,3,11,1,1438,20,0,2,0.047619047619047616,0.14285714285714285,0.5238095238095238,0.2857142857142857,1.5,2013,7
3076,1975,2,4,66653.0,1,1,2012-09-07,18,452,18,102,16,18,6,4,4,2,12,3,0,0,0,0,0,0,3,11,0,612,18,2,0,0.21052631578947367,0.21052631578947367,0.631578947368421,0.10526315789473684,1.0,2012,9
1012,1952,2,0,61823.0,0,1,2013-02-18,26,523,7,134,37,14,169,4,8,2,10,7,0,0,0,0,0,0,3,11,0,884,20,1,0,0.19047619047619047,0.38095238095238093,0.47619047619047616,0.09523809523809523,1.0,2013,2
6518,1951,4,2,67680.0,0,1,2013-06-11,8,546,0,48,0,6,6,1,7,3,8,5,0,0,0,0,0,0,3,11,0,606,18,1,0,0.05263157894736842,0.3684210526315789,0.42105263157894735,0.15789473684210525,1.1666666666666667,2013,6
4137,1948,2,4,70666.0,0,0,2013-12-06,29,398,40,367,119,122,30,1,7,4,4,4,0,0,0,0,0,0,3,11,0,1076,15,0,0,0.0625,0.4375,0.25,0.25,1.4,2013,12
8082,1971,2,4,25721.0,1,0,2013-05-21,75,1,3,6,3,6,15,1,1,1,2,7,0,0,0,0,0,0,3,11,1,34,4,1,0,0.2,0.2,0.4,0.2,0.125,2013,5
1386,1967,2,4,32474.0,1,1,2014-05-11,0,10,0,1,0,0,0,1,1,0,2,7,0,0,0,0,0,0,3,11,0,11,3,2,0,0.25,0.25,0.5,0.0,0.125,2014,5
9369,1979,1,0,88194.0,0,1,2014-03-19,19,688,14,309,201,24,38,1,11,10,10,5,1,0,0,1,0,0,3,11,1,1274,31,1,2,0.03125,0.34375,0.3125,0.3125,1.8333333333333333,2014,3
4477,1958,2,4,69096.0,0,1,2013-09-27,4,247,49,159,7,82,109,1,5,2,10,4,0,0,0,0,0,0,3,11,0,653,17,1,0,0.05555555555555555,0.2777777777777778,0.5555555555555556,0.1111111111111111,1.0,2013,9
1357,1970,2,4,74854.0,1,2,2013-04-08,90,856,59,487,58,29,73,7,2,5,5,5,0,0,0,0,0,0,3,11,0,1562,12,3,0,0.5384615384615384,0.15384615384615385,0.38461538461538464,0.38461538461538464,0.3333333333333333,2013,4
1402,1954,3,4,66991.0,0,0,2012-09-11,1,496,36,460,189,60,12,3,4,8,6,3,0,0,0,0,0,0,3,11,0,1253,18,0,0,0.15789473684210525,0.21052631578947367,0.3157894736842105,0.42105263157894735,1.0,2012,9
6312,1959,2,4,65031.0,0,1,2013-03-17,29,258,107,291,84,37,86,4,10,3,13,7,0,0,0,0,0,0,3,11,0,863,26,1,0,0.14814814814814814,0.37037037037037035,0.48148148148148145,0.1111111111111111,1.25,2013,3
8132,1975,4,4,60631.0,1,1,2013-04-05,88,565,6,65,0,6,19,5,9,2,8,7,0,1,0,0,0,0,3,11,0,661,19,2,1,0.25,0.45,0.4,0.1,1.125,2013,4
1050,1952,2,4,28332.0,0,0,2014-04-30,58,14,10,13,4,15,9,1,2,1,4,2,0,0,0,0,0,0,3,11,0,65,7,0,0,0.125,0.25,0.5,0.125,0.6666666666666666,2014,4
5846,1977,2,1,40246.0,1,0,2012-12-19,68,2,1,6,2,1,1,1,1,0,2,6,0,0,0,0,0,0,3,11,0,13,3,1,0,0.25,0.25,0.5,0.0,0.14285714285714285,2012,12
1859,1972,3,4,75251.0,0,0,2012-08-27,34,721,111,925,97,18,18,1,7,6,5,5,0,0,0,0,0,0,3,11,1,1890,18,0,0,0.05263157894736842,0.3684210526315789,0.2631578947368421,0.3157894736842105,1.1666666666666667,2012,8
7503,1976,2,0,75825.0,0,0,2012-10-12,40,1032,105,779,137,105,51,0,5,8,9,4,1,0,0,0,0,0,3,11,1,2209,22,0,1,0.0,0.21739130434782608,0.391304347826087,0.34782608695652173,1.0,2012,10
10401,1976,1,4,26326.0,0,0,2013-09-04,12,1,0,5,0,3,9,1,0,0,3,3,0,0,0,0,0,1,3,11,0,18,3,0,0,0.25,0.0,0.75,0.0,0.0,2013,9
1618,1965,2,4,56046.0,0,0,2013-01-02,9,577,0,64,0,0,51,2,10,1,8,8,1,0,0,0,0,0,3,11,1,692,19,0,1,0.1,0.5,0.4,0.05,1.1111111111111112,2013,1
3332,1985,2,0,29760.0,1,0,2012-08-29,87,64,4,68,7,5,17,4,3,1,4,8,0,0,0,0,0,0,3,11,0,165,8,1,0,0.4444444444444444,0.3333333333333333,0.4444444444444444,0.1111111111111111,0.3333333333333333,2012,8
2261,1969,2,4,26304.0,1,0,2013-06-23,5,4,1,5,2,0,4,1,1,0,2,7,0,0,0,0,0,0,3,11,0,16,3,1,0,0.25,0.25,0.5,0.0,0.125,2013,6
5346,1973,1,4,23559.0,1,0,2013-07-03,87,25,5,19,7,0,23,3,3,0,3,7,0,0,0,0,0,0,3,11,0,79,6,1,0,0.42857142857142855,0.42857142857142855,0.42857142857142855,0.0,0.375,2013,7
4119,1963,3,4,38620.0,0,0,2013-05-11,56,112,17,44,34,22,89,1,2,5,3,3,0,0,0,0,0,0,3,11,0,318,10,0,0,0.09090909090909091,0.18181818181818182,0.2727272727272727,0.45454545454545453,0.5,2013,5
535,1987,2,1,81361.0,0,0,2014-02-25,18,163,23,424,27,65,76,1,3,10,13,1,0,0,0,0,0,0,3,11,0,778,26,0,0,0.037037037037037035,0.1111111111111111,0.48148148148148145,0.37037037037037035,1.5,2014,2
5268,1960,2,4,29440.0,1,1,2013-08-11,95,17,8,14,10,4,3,2,1,0,4,7,0,0,0,0,0,0,3,11,0,56,5,2,0,0.3333333333333333,0.16666666666666666,0.6666666666666666,0.0,0.125,2013,8
273,1970,3,4,36138.0,1,1,2013-07-16,48,130,0,16,0,0,5,5,3,1,4,7,0,1,0,0,0,0,3,11,0,151,8,2,1,0.5555555555555556,0.3333333333333333,0.4444444444444444,0.1111111111111111,0.375,2013,7
4452,1957,2,0,50388.0,0,1,2014-05-28,3,292,6,37,0,3,34,4,6,1,6,7,0,1,0,1,0,0,3,11,1,372,13,1,2,0.2857142857142857,0.42857142857142855,0.42857142857142855,0.07142857142857142,0.75,2014,5
8504,1973,2,4,79593.0,0,0,2014-05-12,70,350,60,568,110,133,145,1,5,6,7,2,0,0,1,0,0,0,3,11,0,1366,18,0,1,0.05263157894736842,0.2631578947368421,0.3684210526315789,0.3157894736842105,1.6666666666666667,2014,5
771,1967,2,4,54178.0,0,1,2014-01-21,79,135,9,39,4,0,7,1,2,2,5,2,0,0,0,0,0,0,3,11,0,194,9,1,0,0.1,0.2,0.5,0.2,0.6666666666666666,2014,1
11178,1972,3,0,42394.0,1,0,2014-03-23,69,15,2,10,0,1,4,1,1,0,3,7,0,0,0,0,0,0,3,11,0,32,4,1,0,0.2,0.2,0.6,0.0,0.125,2014,3
2230,1970,4,4,23626.0,1,0,2014-05-24,84,27,2,14,0,0,0,3,3,1,3,5,0,0,0,0,0,0,3,11,0,43,7,1,0,0.375,0.375,0.375,0.125,0.5,2014,5
7516,1983,2,4,30096.0,1,0,2014-05-22,30,5,3,11,12,5,9,1,2,0,3,6,0,0,0,0,0,0,3,11,0,45,5,1,0,0.16666666666666666,0.3333333333333333,0.5,0.0,0.2857142857142857,2014,5
7247,1960,2,2,47916.0,0,1,2012-11-22,72,505,0,26,0,0,75,5,7,4,6,6,0,1,0,0,0,0,3,11,0,606,17,1,1,0.2777777777777778,0.3888888888888889,0.3333333333333333,0.2222222222222222,1.0,2012,11
11100,1972,2,1,51813.0,1,1,2013-04-11,37,51,2,7,0,1,2,2,2,0,3,7,0,0,0,0,0,0,3,11,0,63,5,2,0,0.3333333333333333,0.3333333333333333,0.5,0.0,0.25,2013,4
4646,1951,1,4,78497.0,0,0,2013-12-01,44,207,26,447,75,0,223,1,5,7,12,2,0,0,0,1,0,0,3,11,0,978,24,0,1,0.04,0.2,0.48,0.28,1.6666666666666667,2013,12
3037,1983,4,4,50150.0,0,0,2013-06-20,32,135,46,92,65,61,11,2,5,2,7,5,0,0,0,0,0,0,3,11,0,410,14,0,0,0.13333333333333333,0.3333333333333333,0.4666666666666667,0.13333333333333333,0.8333333333333334,2013,6
1473,1960,1,0,47823.0,0,1,2013-07-23,0,53,1,5,2,1,10,2,2,0,3,8,0,0,0,0,0,0,3,11,0,72,5,1,0,0.3333333333333333,0.3333333333333333,0.5,0.0,0.2222222222222222,2013,7
1016,1959,4,0,34554.0,0,1,2014-03-30,43,41,1,6,2,0,5,2,2,0,3,6,0,0,0,0,0,0,3,11,0,55,5,1,0,0.3333333333333333,0.3333333333333333,0.5,0.0,0.2857142857142857,2014,3
4518,1979,2,4,85693.0,0,1,2013-04-20,59,386,172,183,185,132,111,2,9,5,11,5,0,0,0,0,0,0,3,11,0,1169,25,1,0,0.07692307692307693,0.34615384615384615,0.4230769230769231,0.19230769230769232,1.5,2013,4
9370,1945,4,4,65846.0,0,0,2013-05-17,68,562,81,276,80,40,81,1,6,3,6,4,0,0,0,0,0,0,3,11,0,1120,15,0,0,0.0625,0.375,0.375,0.1875,1.2,2013,5
8908,1959,2,4,87195.0,0,0,2014-05-08,35,217,76,690,50,26,38,1,3,11,5,1,0,0,0,0,0,0,3,11,1,1097,19,0,0,0.05,0.15,0.25,0.55,1.5,2014,5
8373,1979,0,4,24594.0,1,0,2013-12-10,94,1,3,6,10,0,9,1,1,0,3,5,0,0,0,0,0,0,3,11,0,29,4,1,0,0.2,0.2,0.6,0.0,0.16666666666666666,2013,12
7533,1964,2,4,49096.0,1,1,2013-09-24,15,144,1,32,2,1,7,4,4,1,4,7,0,0,0,0,0,0,3,11,0,187,9,2,0,0.4,0.4,0.4,0.1,0.5,2013,9
2683,1969,2,4,52413.0,0,2,2013-02-02,56,295,106,271,75,98,65,4,6,4,12,6,0,0,0,0,0,0,3,11,0,910,22,2,0,0.17391304347826086,0.2608695652173913,0.5217391304347826,0.17391304347826086,0.8571428571428571,2013,2
3629,1978,2,0,38557.0,1,0,2012-12-19,17,76,3,31,4,4,27,2,3,1,3,7,0,0,0,0,0,0,3,11,0,145,7,1,0,0.25,0.375,0.375,0.125,0.375,2012,12
10991,1960,3,4,89058.0,0,0,2012-12-07,18,454,194,106,31,22,43,1,5,4,4,2,0,0,0,0,0,0,3,11,0,850,13,0,0,0.07142857142857142,0.35714285714285715,0.2857142857142857,0.2857142857142857,1.6666666666666667,2012,12
5077,1979,2,4,77298.0,0,1,2013-11-02,46,425,115,292,23,35,79,1,6,6,11,3,0,0,0,0,0,0,3,11,0,969,23,1,0,0.041666666666666664,0.25,0.4583333333333333,0.25,1.5,2013,11
7431,1991,4,0,68126.0,0,0,2012-11-10,40,1332,17,311,23,51,86,1,7,4,5,9,0,1,0,0,0,0,3,11,1,1820,16,0,1,0.058823529411764705,0.4117647058823529,0.29411764705882354,0.23529411764705882,0.7,2012,11
3267,1963,3,4,57288.0,0,1,2014-06-25,27,527,0,21,0,0,60,3,8,1,8,6,0,1,0,0,0,0,3,11,0,608,17,1,1,0.16666666666666666,0.4444444444444444,0.4444444444444444,0.05555555555555555,1.1428571428571428,2014,6
999,1991,2,0,86037.0,0,0,2013-01-02,95,490,44,125,29,20,22,1,6,7,11,3,0,1,1,0,0,0,3,11,1,730,24,0,2,0.04,0.24,0.44,0.28,1.5,2013,1
9215,1980,4,4,43974.0,1,0,2012-12-12,19,378,0,101,0,0,72,5,6,4,6,7,0,0,0,0,0,0,3,11,0,551,16,1,0,0.29411764705882354,0.35294117647058826,0.35294117647058826,0.23529411764705882,0.75,2012,12
2286,1962,2,0,50785.0,1,1,2013-09-10,27,64,1,21,0,1,27,2,2,1,3,6,0,0,0,0,0,0,3,11,0,114,6,2,0,0.2857142857142857,0.2857142857142857,0.42857142857142855,0.14285714285714285,0.2857142857142857,2013,9
1592,1970,2,4,90765.0,0,0,2014-01-24,25,547,99,812,151,82,33,0,4,6,5,1,0,0,1,1,0,0,3,11,0,1724,15,0,2,0.0,0.25,0.3125,0.375,2.0,2014,1
367,1978,1,4,36550.0,1,0,2013-02-19,74,47,90,94,123,103,120,5,9,1,5,9,0,0,0,0,0,0,3,11,0,577,15,1,0,0.3125,0.5625,0.3125,0.0625,0.9,2013,2
5234,1967,1,4,30753.0,1,1,2013-07-11,85,12,5,25,0,9,30,2,1,1,3,5,0,0,0,0,0,0,3,11,0,81,5,2,0,0.3333333333333333,0.16666666666666666,0.5,0.16666666666666666,0.16666666666666666,2013,7
9862,1969,2,4,21918.0,1,0,2013-11-14,37,1,6,7,11,5,3,2,2,0,3,6,0,0,0,0,0,0,3,11,0,33,5,1,0,0.3333333333333333,0.3333333333333333,0.5,0.0,0.2857142857142857,2013,11
9805,1953,3,4,56129.0,0,1,2013-06-20,65,320,48,133,39,72,48,4,6,2,10,4,0,0,0,0,0,0,3,11,0,660,18,1,0,0.21052631578947367,0.3157894736842105,0.5263157894736842,0.10526315789473684,1.2,2013,6
6205,1967,3,0,32557.0,1,0,2014-02-24,13,34,3,29,0,4,10,3,2,1,3,5,0,0,0,0,0,0,3,11,1,80,6,1,0,0.42857142857142855,0.2857142857142857,0.42857142857142855,0.14285714285714285,0.3333333333333333,2014,2
8442,1985,3,4,19510.0,2,0,2013-09-04,63,9,0,7,3,4,7,2,1,0,3,7,0,0,0,0,0,0,3,11,0,30,4,2,0,0.4,0.2,0.6,0.0,0.125,2013,9
7386,1976,2,1,30992.0,1,0,2013-04-22,83,17,0,14,7,3,2,1,1,0,3,7,0,0,0,0,0,0,3,11,0,43,4,1,0,0.2,0.2,0.6,0.0,0.125,2013,4
7215,1983,2,0,101970.0,0,0,2013-03-12,69,722,27,102,44,72,168,0,6,8,13,2,0,1,1,1,0,0,3,11,1,1135,27,0,3,0.0,0.21428571428571427,0.4642857142857143,0.2857142857142857,2.0,2013,3
1491,1965,1,4,71488.0,0,0,2013-02-18,87,162,33,124,40,28,172,2,3,4,7,1,0,0,0,0,0,0,3,11,0,559,14,0,0,0.13333333333333333,0.2,0.4666666666666667,0.26666666666666666,1.5,2013,2
11071,1984,2,0,79607.0,0,0,2013-04-21,37,450,133,951,173,0,216,1,3,6,6,1,0,0,0,0,0,0,3,11,1,1923,15,0,0,0.0625,0.1875,0.375,0.375,1.5,2013,4
3381,1953,3,4,54348.0,1,1,2014-06-08,51,70,0,16,0,0,4,2,2,0,4,6,0,0,0,0,0,0,3,11,0,90,6,2,0,0.2857142857142857,0.2857142857142857,0.5714285714285714,0.0,0.2857142857142857,2014,6
11051,1956,4,4,77376.0,1,1,2014-05-10,72,492,19,110,16,12,12,4,6,3,10,4,0,0,0,0,0,0,3,11,0,661,19,2,0,0.2,0.3,0.5,0.15,1.2,2014,5
8026,1952,2,4,62998.0,0,1,2013-09-30,10,120,58,73,65,89,58,5,5,4,5,5,0,0,0,0,0,0,3,11,0,463,14,1,0,0.3333333333333333,0.3333333333333333,0.3333333333333333,0.26666666666666666,0.8333333333333334,2013,9
433,1958,3,0,61331.0,1,1,2013-03-10,42,534,5,47,0,5,41,5,11,1,6,8,0,0,0,0,0,0,3,11,0,632,18,2,0,0.2631578947368421,0.5789473684210527,0.3157894736842105,0.05263157894736842,1.2222222222222223,2013,3
9597,1969,2,4,73448.0,0,0,2014-02-10,10,236,106,189,23,41,130,1,7,2,9,4,0,0,0,0,0,0,3,11,0,725,18,0,0,0.05263157894736842,0.3684210526315789,0.47368421052631576,0.10526315789473684,1.4,2014,2
5290,1964,4,4,41551.0,1,1,2013-08-14,51,220,0,33,3,0,23,5,5,1,5,8,0,0,0,0,0,0,3,11,0,279,11,2,0,0.4166666666666667,0.4166666666666667,0.4166666666666667,0.08333333333333333,0.5555555555555556,2013,8
1685,1967,4,4,62981.0,0,0,2013-03-17,21,796,14,590,38,44,0,1,4,5,13,3,0,1,0,0,0,0,3,11,0,1482,22,0,1,0.043478260869565216,0.17391304347826086,0.5652173913043478,0.21739130434782608,1.0,2013,3
5342,1976,0,1,9548.0,1,0,2012-08-08,31,0,1,3,10,6,9,2,1,0,3,8,0,0,0,0,0,0,3,11,0,29,4,1,0,0.4,0.2,0.6,0.0,0.1111111111111111,2012,8
9579,1959,4,4,33762.0,2,1,2013-07-07,61,53,1,34,2,0,16,3,2,2,2,8,0,0,0,0,0,0,3,11,0,106,6,3,0,0.42857142857142855,0.2857142857142857,0.2857142857142857,0.2857142857142857,0.2222222222222222,2013,7
7660,1973,4,0,35860.0,1,1,2014-05-19,37,15,0,8,4,2,20,2,1,1,2,5,1,0,0,0,0,0,3,11,1,49,4,2,1,0.4,0.2,0.4,0.2,0.16666666666666666,2014,5
1461,1965,4,1,36921.0,1,1,2013-07-28,74,17,1,12,3,1,4,2,2,0,3,7,0,0,0,0,0,0,3,11,0,38,5,2,0,0.3333333333333333,0.3333333333333333,0.5,0.0,0.25,2013,7
821,1992,3,0,92859.0,0,0,2012-10-19,46,962,61,921,52,61,20,1,5,4,12,2,0,0,0,0,0,0,3,11,0,2077,21,0,0,0.045454545454545456,0.22727272727272727,0.5454545454545454,0.18181818181818182,1.6666666666666667,2012,10
11084,1976,3,4,65104.0,0,1,2013-11-14,4,738,0,232,13,20,50,2,3,5,7,7,0,0,0,0,0,0,3,11,1,1053,15,1,0,0.125,0.1875,0.4375,0.3125,0.375,2013,11
8690,1962,2,4,86111.0,0,0,2013-04-19,73,399,28,756,36,40,126,1,5,7,10,2,0,0,0,0,0,0,3,11,0,1385,22,0,0,0.043478260869565216,0.21739130434782608,0.43478260869565216,0.30434782608695654,1.6666666666666667,2013,4
2937,1974,4,0,68352.0,0,1,2013-08-28,47,614,16,132,43,33,33,3,8,5,9,6,0,0,0,0,0,0,3,11,0,871,22,1,0,0.13043478260869565,0.34782608695652173,0.391304347826087,0.21739130434782608,1.1428571428571428,2013,8
9701,1988,2,4,41883.0,1,0,2013-03-19,13,32,34,41,73,16,116,3,4,2,3,7,0,0,0,0,0,0,3,11,0,312,9,1,0,0.3,0.4,0.3,0.2,0.5,2013,3
9949,1976,2,4,59809.0,0,2,2012-10-18,36,598,16,141,32,41,49,3,3,3,6,8,0,0,0,0,0,0,3,11,0,877,12,2,0,0.23076923076923078,0.23076923076923078,0.46153846153846156,0.23076923076923078,0.3333333333333333,2012,10
10837,1975,2,4,23957.0,1,0,2012-10-28,47,2,1,18,20,11,16,1,2,0,3,6,0,0,0,0,0,0,3,11,1,68,5,1,0,0.16666666666666666,0.3333333333333333,0.5,0.0,0.2857142857142857,2012,10
3120,1981,2,4,38547.0,1,0,2013-08-28,49,6,1,10,0,1,4,1,1,0,2,8,0,0,0,0,0,1,3,11,0,22,3,1,0,0.25,0.25,0.5,0.0,0.1111111111111111,2013,8
5885,1973,1,4,35688.0,2,1,2012-08-22,94,73,3,90,12,1,32,7,4,1,4,8,0,0,0,0,0,0,3,11,0,211,9,3,0,0.7,0.4,0.4,0.1,0.4444444444444444,2012,8
4050,1966,3,4,49605.0,0,0,2014-06-21,65,42,16,29,12,20,8,1,2,1,4,3,0,0,0,0,0,0,3,11,0,127,7,0,0,0.125,0.25,0.5,0.125,0.5,2014,6
3830,1953,3,4,59354.0,0,2,2014-04-24,59,295,21,78,39,13,13,1,4,4,7,3,0,0,0,0,0,0,3,11,0,459,15,2,0,0.0625,0.25,0.4375,0.25,1.0,2014,4
7987,1969,2,4,65747.0,0,1,2014-03-07,96,346,17,48,23,13,13,4,8,1,6,6,0,1,0,0,0,0,3,11,0,460,15,1,1,0.25,0.5,0.375,0.0625,1.1428571428571428,2014,3
7798,1972,1,4,46344.0,0,1,2012-12-14,28,233,20,57,8,20,91,4,7,1,5,7,0,0,0,0,0,0,3,11,0,429,13,1,0,0.2857142857142857,0.5,0.35714285714285715,0.07142857142857142,0.875,2012,12
92,1988,2,0,34176.0,1,0,2014-05-12,12,5,7,24,19,14,20,4,3,0,4,6,0,0,0,0,0,0,3,11,0,89,7,1,0,0.5,0.375,0.5,0.0,0.42857142857142855,2014,5
7055,1952,4,4,61010.0,0,1,2012-10-09,57,888,0,57,0,0,76,2,8,5,11,5,0,0,0,0,0,0,3,11,0,1021,24,1,0,0.08,0.32,0.44,0.2,1.3333333333333333,2012,10
10240,1949,2,4,69372.0,0,0,2013-02-19,10,997,26,269,34,13,42,1,10,4,6,4,0,1,1,0,0,0,3,11,1,1381,20,0,2,0.047619047619047616,0.47619047619047616,0.2857142857142857,0.19047619047619047,2.0,2013,2
3025,1958,2,0,49967.0,0,1,2013-07-08,4,212,6,69,4,12,3,3,6,1,5,7,0,0,0,0,0,0,3,11,0,306,12,1,0,0.23076923076923078,0.46153846153846156,0.38461538461538464,0.07692307692307693,0.75,2013,7
9283,1978,2,0,60199.0,1,2,2013-09-12,49,8,1,7,2,0,0,1,0,0,3,4,0,0,0,0,0,0,3,11,0,18,3,3,0,0.25,0.0,0.75,0.0,0.0,2013,9
9970,1977,2,4,55375.0,0,1,2013-10-17,3,42,11,57,10,28,14,1,1,1,6,2,0,0,0,0,0,0,3,11,0,162,8,1,0,0.1111111111111111,0.1111111111111111,0.6666666666666666,0.1111111111111111,0.3333333333333333,2013,10
2730,1955,2,0,80317.0,0,0,2013-08-20,64,536,11,387,149,91,57,1,3,4,10,1,0,0,0,0,0,0,3,11,0,1231,17,0,0,0.05555555555555555,0.16666666666666666,0.5555555555555556,0.2222222222222222,1.5,2013,8
2795,1958,3,0,30523.0,2,1,2013-07-01,0,5,0,3,0,0,5,1,1,0,2,7,0,0,0,0,0,0,3,11,0,13,3,3,0,0.25,0.25,0.5,0.0,0.125,2013,7
9260,1945,4,4,70356.0,0,0,2012-11-05,20,1349,16,249,43,16,33,2,10,6,9,6,0,0,0,0,0,0,3,11,0,1706,25,0,0,0.07692307692307693,0.38461538461538464,0.34615384615384615,0.23076923076923078,1.4285714285714286,2012,11
8182,1984,2,4,23228.0,1,0,2014-01-05,91,53,3,49,7,4,5,4,3,0,4,8,0,0,0,0,0,0,3,11,0,121,7,1,0,0.5,0.375,0.5,0.0,0.3333333333333333,2014,1
10095,1975,4,1,74165.0,0,0,2013-05-01,9,1001,12,240,16,12,12,1,5,4,10,2,0,0,0,0,0,0,3,11,0,1293,19,0,0,0.05,0.25,0.5,0.2,1.6666666666666667,2013,5
8475,1973,4,4,157243.0,0,1,2014-03-01,98,20,2,1582,1,2,1,15,0,22,0,0,0,0,0,0,0,0,3,11,0,1608,22,1,0,0.6521739130434783,0.0,0.0,0.9565217391304348,0.0,2014,3
4370,1966,2,4,43482.0,2,1,2013-11-13,83,18,1,32,6,3,28,3,2,0,4,6,0,0,0,0,0,0,3,11,0,88,6,3,0,0.42857142857142855,0.2857142857142857,0.5714285714285714,0.0,0.2857142857142857,2013,11
10573,1953,2,1,62551.0,0,0,2013-11-18,27,125,16,98,134,21,27,1,6,7,4,3,1,0,0,0,0,0,3,11,0,421,17,0,1,0.05555555555555555,0.3333333333333333,0.2222222222222222,0.3888888888888889,1.5,2013,11
3712,1959,2,1,52332.0,0,0,2013-08-28,63,212,5,33,7,0,2,1,3,2,6,4,0,1,0,0,0,0,3,11,0,259,11,0,1,0.08333333333333333,0.25,0.5,0.16666666666666666,0.6,2013,8
6637,1988,2,0,66951.0,0,0,2013-11-02,46,277,162,305,173,76,124,1,3,4,7,1,0,0,0,0,0,0,3,11,0,1117,14,0,0,0.06666666666666667,0.2,0.4666666666666667,0.26666666666666666,1.5,2013,11
3152,1957,2,4,26091.0,1,1,2014-02-25,84,15,10,19,8,17,20,3,2,1,3,5,0,0,0,0,0,0,3,11,0,89,6,2,0,0.42857142857142855,0.2857142857142857,0.42857142857142855,0.14285714285714285,0.3333333333333333,2014,2
5610,1965,2,4,33456.0,1,1,2014-04-21,58,7,3,10,8,1,7,2,1,0,3,7,0,0,0,0,0,0,3,11,0,36,4,2,0,0.4,0.2,0.6,0.0,0.125,2014,4
6460,1982,2,4,28718.0,1,0,2013-07-13,78,12,4,6,11,8,16,2,2,0,3,8,0,0,0,0,0,0,3,11,0,57,5,1,0,0.3333333333333333,0.3333333333333333,0.5,0.0,0.2222222222222222,2013,7
1349,1970,2,4,50447.0,2,0,2014-04-21,4,85,7,24,2,3,27,1,3,1,3,6,0,0,0,0,0,0,3,11,0,148,7,2,0,0.125,0.375,0.375,0.125,0.42857142857142855,2014,4
1880,1959,4,4,53537.0,1,1,2014-01-30,17,81,0,6,0,0,6,2,2,1,3,5,0,0,0,0,0,0,3,11,0,93,6,2,0,0.2857142857142857,0.2857142857142857,0.42857142857142855,0.14285714285714285,0.3333333333333333,2014,1
641,1967,2,0,52074.0,0,1,2014-04-04,77,59,0,12,0,0,48,1,2,2,2,4,1,0,0,0,0,0,3,11,0,119,6,1,1,0.14285714285714285,0.2857142857142857,0.2857142857142857,0.2857142857142857,0.4,2014,4
8717,1975,4,4,80427.0,0,1,2012-09-12,56,1149,71,449,69,71,26,1,11,8,8,5,0,0,0,0,0,0,3,11,0,1835,27,1,0,0.03571428571428571,0.39285714285714285,0.2857142857142857,0.2857142857142857,1.8333333333333333,2012,9
10314,1948,4,4,83837.0,0,0,2012-12-16,79,847,66,119,86,89,111,1,9,10,5,4,0,1,0,1,0,0,3,11,1,1318,24,0,2,0.04,0.36,0.2,0.4,1.8,2012,12
10854,1970,4,4,38853.0,1,1,2014-05-23,90,29,0,14,0,0,2,2,2,0,3,7,0,0,0,0,0,0,3,11,0,45,5,2,0,0.3333333333333333,0.3333333333333333,0.5,0.0,0.25,2014,5
10492,1959,2,4,38285.0,2,1,2014-06-24,96,2,0,5,2,0,1,1,0,0,3,2,0,0,0,0,0,0,3,11,0,10,3,3,0,0.25,0.0,0.75,0.0,0.0,2014,6
6935,1951,1,4,78497.0,0,0,2013-12-01,44,207,26,447,75,0,223,1,5,7,12,2,0,0,0,1,0,0,3,11,0,978,24,0,1,0.04,0.2,0.48,0.28,1.6666666666666667,2013,12
7698,1976,4,4,51650.0,0,1,2014-05-11,81,152,3,22,2,5,7,1,4,1,4,5,0,0,0,0,0,0,3,11,0,191,9,1,0,0.1,0.4,0.4,0.1,0.6666666666666666,2014,5
3559,1988,1,4,16248.0,1,0,2014-05-10,77,12,11,10,3,12,9,3,2,1,3,6,0,0,0,0,0,0,3,11,0,57,6,1,0,0.42857142857142855,0.2857142857142857,0.42857142857142855,0.14285714285714285,0.2857142857142857,2014,5
10562,1946,3,4,66835.0,0,0,2013-09-28,21,620,26,195,34,17,141,1,6,4,13,2,0,0,0,0,0,0,3,11,0,1033,23,0,0,0.041666666666666664,0.25,0.5416666666666666,0.16666666666666666,2.0,2013,9
10796,1984,3,4,30477.0,1,0,2014-01-22,16,47,1,6,0,0,12,1,1,1,3,6,0,0,0,0,0,0,3,11,0,66,5,1,0,0.16666666666666666,0.16666666666666666,0.5,0.16666666666666666,0.14285714285714285,2014,1
2563,1961,0,4,28249.0,0,0,2014-06-15,80,1,9,7,2,14,10,1,2,0,3,6,0,0,0,0,0,0,3,11,0,43,5,0,0,0.16666666666666666,0.3333333333333333,0.5,0.0,0.2857142857142857,2014,6
3518,1983,2,4,25271.0,1,0,2012-12-05,45,10,1,18,10,4,7,1,1,1,2,9,0,0,0,0,0,0,3,11,0,50,4,1,0,0.2,0.2,0.4,0.2,0.1,2012,12
5823,1970,4,0,32303.0,0,1,2014-03-08,63,35,0,2,0,0,2,2,1,0,4,5,0,0,0,0,0,0,3,11,0,39,5,1,0,0.3333333333333333,0.16666666666666666,0.6666666666666666,0.0,0.16666666666666666,2014,3
3934,1966,2,4,61286.0,0,1,2013-08-02,34,356,0,107,19,9,117,2,7,1,8,5,0,0,0,0,0,0,3,11,0,608,16,1,0,0.11764705882352941,0.4117647058823529,0.47058823529411764,0.058823529411764705,1.1666666666666667,2013,8
6982,1976,2,4,74068.0,0,0,2013-03-19,14,783,30,537,140,76,15,1,4,10,9,2,0,0,0,0,0,0,3,11,0,1581,23,0,0,0.041666666666666664,0.16666666666666666,0.375,0.4166666666666667,1.3333333333333333,2013,3
6431,1964,4,4,45759.0,1,1,2013-02-23,13,42,1,18,3,0,4,2,2,0,3,7,0,0,0,0,0,0,3,11,0,68,5,2,0,0.3333333333333333,0.3333333333333333,0.5,0.0,0.25,2013,2
9733,1978,0,4,24882.0,1,0,2012-09-09,52,1,4,10,29,0,36,1,1,1,2,6,1,0,0,0,0,0,3,11,0,80,4,1,1,0.2,0.2,0.4,0.2,0.14285714285714285,2012,9
5602,1989,4,4,66973.0,0,0,2013-05-17,98,466,22,432,147,113,102,1,8,7,12,3,0,0,0,0,0,0,3,11,0,1282,27,0,0,0.03571428571428571,0.2857142857142857,0.42857142857142855,0.25,2.0,2013,5
7829,1900,1,1,36640.0,1,0,2013-09-26,99,15,6,8,7,4,25,1,2,1,2,5,0,0,0,0,0,1,3,11,0,65,5,1,0,0.16666666666666666,0.3333333333333333,0.3333333333333333,0.16666666666666666,0.3333333333333333,2013,9
1324,1988,2,4,38872.0,1,0,2013-05-30,93,23,3,21,3,19,22,2,3,0,3,8,0,0,0,0,0,0,3,11,0,91,6,1,0,0.2857142857142857,0.42857142857142855,0.42857142857142855,0.0,0.3333333333333333,2013,5
326,1973,2,4,51148.0,1,1,2013-02-18,38,235,6,45,8,9,12,4,5,1,6,6,0,0,0,0,0,0,3,11,0,315,12,2,0,0.3076923076923077,0.38461538461538464,0.46153846153846156,0.07692307692307693,0.7142857142857143,2013,2
7224,1977,2,4,31353.0,1,1,2013-12-29,24,10,0,10,3,1,7,2,1,1,2,8,0,0,0,0,0,0,3,11,0,31,4,2,0,0.4,0.2,0.4,0.2,0.1111111111111111,2013,12
6999,1980,3,4,69661.0,0,0,2014-05-13,80,656,16,106,32,16,8,1,7,3,12,3,0,0,0,0,0,0,3,11,0,834,22,0,0,0.043478260869565216,0.30434782608695654,0.5217391304347826,0.13043478260869565,1.75,2014,5
9938,1954,2,4,80067.0,0,0,2013-09-19,82,519,17,813,27,173,51,1,4,6,6,2,0,0,1,0,0,0,3,11,0,1600,16,0,1,0.058823529411764705,0.23529411764705882,0.35294117647058826,0.35294117647058826,1.3333333333333333,2013,9
6422,1954,2,4,86718.0,0,0,2013-01-17,20,344,189,482,50,33,172,1,5,6,5,2,0,0,0,0,0,0,3,11,0,1270,16,0,0,0.058823529411764705,0.29411764705882354,0.29411764705882354,0.35294117647058826,1.6666666666666667,2013,1
3182,1973,4,0,46854.0,1,1,2014-03-31,81,96,1,79,7,1,79,6,5,1,3,8,1,0,0,0,0,0,3,11,1,263,9,2,1,0.6,0.5,0.3,0.1,0.5555555555555556,2014,3
7300,1952,2,1,69142.0,0,1,2014-06-29,50,448,4,34,6,4,39,3,8,1,7,5,0,1,0,0,0,0,3,11,0,535,16,1,1,0.17647058823529413,0.47058823529411764,0.4117647058823529,0.058823529411764705,1.3333333333333333,2014,6
10424,1968,2,0,75922.0,0,0,2013-12-09,60,265,138,553,224,23,92,1,4,4,9,1,0,0,0,0,0,0,3,11,0,1295,17,0,0,0.05555555555555555,0.2222222222222222,0.5,0.2222222222222222,2.0,2013,12
8727,1978,2,1,63693.0,0,1,2013-10-14,63,587,43,337,42,87,54,3,11,6,9,6,0,0,0,0,0,0,3,11,0,1150,26,1,0,0.1111111111111111,0.4074074074074074,0.3333333333333333,0.2222222222222222,1.5714285714285714,2013,10
2798,1977,4,4,102160.0,0,0,2012-11-02,54,763,29,138,76,176,58,0,7,9,10,4,0,1,1,1,0,0,3,11,1,1240,26,0,3,0.0,0.25925925925925924,0.37037037037037035,0.3333333333333333,1.4,2012,11
1030,1965,4,0,40637.0,1,1,2013-07-17,72,22,0,13,0,0,3,2,1,0,3,7,0,0,0,0,0,0,3,11,0,38,4,2,0,0.4,0.2,0.6,0.0,0.125,2013,7
624,1984,3,0,18890.0,0,0,2012-11-10,5,6,4,1,7,2,15,1,0,1,2,6,1,0,0,0,0,0,3,11,1,35,3,0,1,0.25,0.0,0.5,0.25,0.0,2012,11
5176,1988,2,4,29604.0,1,0,2013-12-08,88,7,6,13,7,6,14,1,1,0,3,9,1,0,0,0,0,0,3,11,0,53,4,1,1,0.2,0.2,0.6,0.0,0.1,2013,12
5552,1963,3,1,48721.0,1,1,2013-05-13,50,81,18,113,47,13,21,6,4,2,5,6,0,0,0,0,0,0,3,11,0,293,11,2,0,0.5,0.3333333333333333,0.4166666666666667,0.16666666666666666,0.5714285714285714,2013,5
868,1966,2,4,44794.0,0,1,2014-06-08,99,54,0,7,0,0,4,1,2,0,3,6,0,0,0,0,0,0,3,11,0,65,5,1,0,0.16666666666666666,0.3333333333333333,0.5,0.0,0.2857142857142857,2014,6
380,1954,2,1,64497.0,0,1,2012-09-10,17,1170,48,320,42,32,192,5,11,4,9,8,1,0,0,0,0,0,3,11,1,1804,24,1,1,0.2,0.44,0.36,0.16,1.2222222222222223,2012,9
2677,1956,2,4,46097.0,0,1,2013-03-31,11,72,24,68,65,4,8,5,3,1,6,4,0,0,0,0,0,0,3,11,0,241,10,1,0,0.45454545454545453,0.2727272727272727,0.5454545454545454,0.09090909090909091,0.6,2013,3
6521,1954,2,4,77972.0,0,0,2014-03-18,18,613,22,319,33,102,12,1,4,6,9,1,0,0,0,0,0,0,3,11,0,1101,19,0,0,0.05,0.2,0.45,0.3,2.0,2014,3
6927,1968,4,4,44377.0,1,1,2012-10-05,70,224,0,30,0,0,10,8,5,1,5,8,0,0,0,0,0,0,3,11,0,264,11,2,0,0.6666666666666666,0.4166666666666667,0.4166666666666667,0.08333333333333333,0.5555555555555556,2012,10
2877,1974,3,4,46014.0,1,1,2013-01-21,21,410,0,59,19,9,44,10,7,1,8,7,0,0,0,0,0,0,3,11,0,541,16,2,0,0.5882352941176471,0.4117647058823529,0.47058823529411764,0.058823529411764705,0.875,2013,1
0,1985,2,4,70951.0,0,0,2013-05-04,66,239,10,554,254,87,54,1,3,4,9,1,0,0,0,0,0,0,3,11,0,1198,16,0,0,0.058823529411764705,0.17647058823529413,0.5294117647058824,0.23529411764705882,1.5,2013,5
1584,1977,2,4,41443.0,1,0,2014-04-01,79,171,7,171,25,19,89,6,8,1,5,8,0,0,0,0,0,0,3,11,0,482,14,1,0,0.4,0.5333333333333333,0.3333333333333333,0.06666666666666667,0.8888888888888888,2014,4
7264,1978,1,0,52195.0,2,1,2014-05-12,2,12,0,4,0,0,1,1,1,0,2,8,0,0,0,0,0,0,3,11,0,17,3,3,0,0.25,0.25,0.5,0.0,0.1111111111111111,2014,5
6274,1948,3,4,83790.0,0,0,2013-11-15,81,1076,16,417,42,48,16,1,8,10,6,3,0,1,1,0,0,0,3,11,0,1615,24,0,2,0.04,0.32,0.24,0.4,2.0,2013,11
1377,1954,3,2,44551.0,0,1,2013-08-31,24,182,4,33,0,0,66,2,4,1,5,7,0,0,0,0,0,0,3,11,0,285,10,1,0,0.18181818181818182,0.36363636363636365,0.45454545454545453,0.09090909090909091,0.5,2013,8
454,1980,2,4,69508.0,1,0,2012-11-14,48,824,32,162,42,32,43,2,11,4,11,6,0,0,0,0,0,0,3,11,0,1135,26,1,0,0.07407407407407407,0.4074074074074074,0.4074074074074074,0.14814814814814814,1.5714285714285714,2012,11
1755,1988,1,4,45204.0,1,0,2014-04-11,93,30,11,25,29,1,18,1,1,1,4,3,0,0,0,0,0,0,3,11,0,114,6,1,0,0.14285714285714285,0.14285714285714285,0.5714285714285714,0.14285714285714285,0.25,2014,4
2075,1969,2,4,72460.0,0,0,2013-11-14,56,377,10,540,80,30,10,1,3,5,7,1,0,0,0,0,0,0,3,11,0,1047,15,0,0,0.0625,0.1875,0.4375,0.3125,1.5,2013,11
4785,1970,4,4,77622.0,0,2,2014-04-14,3,520,7,154,19,0,14,2,6,3,11,3,0,0,0,0,0,0,3,11,0,714,20,2,0,0.09523809523809523,0.2857142857142857,0.5238095238095238,0.14285714285714285,1.5,2014,4
9076,1980,4,4,30732.0,1,0,2013-01-05,44,155,1,25,0,1,3,4,4,1,4,8,0,0,0,0,0,0,3,11,0,185,9,1,0,0.4,0.4,0.4,0.1,0.4444444444444444,2013,1
7079,1962,2,1,63887.0,0,1,2012-09-08,38,897,23,207,15,11,92,5,9,6,12,6,0,0,0,0,0,0,3,11,0,1245,27,1,0,0.17857142857142858,0.32142857142857145,0.42857142857142855,0.21428571428571427,1.2857142857142858,2012,9
4653,1978,2,4,42011.0,1,0,2013-03-26,46,131,0,16,2,1,39,4,3,1,4,8,0,0,0,0,0,0,3,11,0,189,8,1,0,0.4444444444444444,0.3333333333333333,0.4444444444444444,0.1111111111111111,0.3333333333333333,2013,3
7375,1976,2,4,51369.0,0,1,2012-10-25,84,297,7,79,0,11,182,2,8,2,4,8,0,0,0,0,0,0,3,11,0,576,14,1,0,0.13333333333333333,0.5333333333333333,0.26666666666666666,0.13333333333333333,0.8888888888888888,2012,10
709,1952,2,1,51537.0,0,1,2012-12-09,27,787,20,204,0,0,92,3,2,2,11,8,0,0,0,0,0,0,3,11,0,1103,15,1,0,0.1875,0.125,0.6875,0.125,0.2222222222222222,2012,12
460,1972,4,4,79930.0,0,0,2012-08-08,72,792,86,740,67,51,17,1,3,5,8,2,0,0,0,0,0,0,3,11,0,1753,16,0,0,0.058823529411764705,0.17647058823529413,0.47058823529411764,0.29411764705882354,1.0,2012,8
3726,1986,4,4,34320.0,1,0,2014-02-16,66,4,1,9,3,0,0,1,1,0,2,8,0,0,0,0,0,0,3,11,0,17,3,1,0,0.25,0.25,0.5,0.0,0.1111111111111111,2014,2
6798,1966,2,0,37070.0,1,1,2013-03-20,30,231,7,137,4,15,39,9,5,1,8,7,0,0,0,0,0,0,3,11,1,433,14,2,0,0.6,0.3333333333333333,0.5333333333333333,0.06666666666666667,0.625,2013,3
5341,1962,1,1,81975.0,0,1,2013-01-05,2,983,76,184,180,138,27,1,6,3,4,7,0,0,1,0,0,0,3,11,0,1588,13,1,1,0.07142857142857142,0.42857142857142855,0.2857142857142857,0.21428571428571427,0.75,2013,1
1606,1971,2,4,38590.0,1,0,2013-05-15,65,3,1,8,4,3,3,1,1,0,2,8,0,0,0,0,0,0,3,11,0,22,3,1,0,0.25,0.25,0.5,0.0,0.1111111111111111,2013,5
9617,1951,2,0,15033.0,0,0,2014-04-16,37,0,4,5,6,0,4,1,1,0,3,3,0,0,0,0,0,0,3,11,0,19,4,0,0,0.2,0.2,0.6,0.0,0.25,2014,4
3233,1965,4,4,62745.0,0,1,2013-03-23,89,562,21,464,28,10,32,3,7,8,11,5,0,0,0,0,0,0,3,11,0,1117,26,1,0,0.1111111111111111,0.25925925925925924,0.4074074074074074,0.2962962962962963,1.1666666666666667,2013,3
89,1975,1,4,22212.0,1,0,2013-12-09,49,5,9,20,6,8,21,2,2,0,4,6,0,0,0,0,0,0,3,11,0,69,6,1,0,0.2857142857142857,0.2857142857142857,0.5714285714285714,0.0,0.2857142857142857,2013,12
2936,1982,3,4,23661.0,1,0,2013-12-04,46,18,0,4,0,0,1,1,1,0,3,7,0,0,0,0,0,0,3,11,0,23,4,1,0,0.2,0.2,0.6,0.0,0.125,2013,12
9449,1958,4,0,79761.0,0,1,2013-10-04,32,415,5,124,15,35,11,1,5,2,11,3,0,0,0,0,0,0,3,11,0,605,18,1,0,0.05263157894736842,0.2631578947368421,0.5789473684210527,0.10526315789473684,1.25,2013,10
7297,1973,2,0,7500.0,1,0,2013-12-26,54,5,3,10,12,7,20,4,3,1,3,7,0,0,0,0,0,0,3,11,0,57,7,1,0,0.5,0.375,0.375,0.125,0.375,2013,12
11004,1893,1,0,60182.0,0,1,2014-05-17,23,8,0,5,7,0,2,1,1,0,2,4,0,0,0,0,0,0,3,11,0,22,3,1,0,0.25,0.25,0.5,0.0,0.2,2014,5
313,1968,2,2,73455.0,0,0,2013-10-28,98,901,61,757,186,163,20,1,6,5,10,3,0,1,0,0,0,0,3,11,0,2088,21,0,1,0.045454545454545456,0.2727272727272727,0.45454545454545453,0.22727272727272727,1.5,2013,10
9940,1958,2,4,64961.0,0,1,2012-12-23,97,382,114,276,75,124,38,2,6,4,4,3,0,0,0,0,0,0,3,11,0,1009,14,1,0,0.13333333333333333,0.4,0.26666666666666666,0.26666666666666666,1.5,2012,12
10735,1971,2,0,22804.0,1,0,2013-07-31,75,14,1,7,2,1,1,1,2,0,2,9,0,0,0,0,0,0,3,11,0,26,4,1,0,0.2,0.4,0.4,0.0,0.2,2013,7
9529,1990,2,4,73687.0,0,0,2013-11-28,8,559,153,503,218,13,181,1,3,9,9,2,0,0,0,1,0,0,3,11,1,1627,21,0,1,0.045454545454545456,0.13636363636363635,0.4090909090909091,0.4090909090909091,1.0,2013,11
6439,1958,2,4,61074.0,0,1,2012-08-17,37,789,0,133,0,28,152,7,11,5,8,7,0,0,0,0,0,0,3,11,0,1102,24,1,0,0.28,0.44,0.32,0.2,1.375,2012,8
7411,1964,4,4,31686.0,1,1,2014-06-05,31,11,0,5,0,0,1,2,1,0,3,6,0,0,0,0,0,0,3,11,0,17,4,2,0,0.4,0.2,0.6,0.0,0.14285714285714285,2014,6
2176,1972,2,4,80134.0,1,0,2013-05-20,40,1218,16,272,104,0,80,2,5,3,6,6,0,1,1,1,0,0,3,11,1,1690,14,1,3,0.13333333333333333,0.3333333333333333,0.4,0.2,0.7142857142857143,2013,5
9265,1953,2,4,75027.0,0,1,2013-01-09,74,925,64,179,133,12,77,2,9,4,6,5,0,0,0,0,0,0,3,11,0,1390,19,1,0,0.1,0.45,0.3,0.2,1.5,2013,1
8867,1988,4,4,67546.0,0,0,2012-08-31,90,864,134,768,150,38,172,1,4,10,5,3,0,0,0,0,0,0,3,11,0,2126,19,0,0,0.05,0.2,0.25,0.5,1.0,2012,8
8932,1969,3,4,65176.0,0,1,2012-10-29,57,960,28,183,220,70,70,4,9,6,6,6,0,0,0,0,0,0,3,11,0,1531,21,1,0,0.18181818181818182,0.4090909090909091,0.2727272727272727,0.2727272727272727,1.2857142857142858,2012,10
10236,1975,3,0,31160.0,1,0,2013-09-16,59,16,3,25,6,1,13,2,2,0,3,8,0,0,0,0,0,0,3,11,0,64,5,1,0,0.3333333333333333,0.3333333333333333,0.5,0.0,0.2222222222222222,2013,9
6340,1985,2,0,29938.0,1,0,2013-10-27,52,3,3,7,0,2,11,2,1,0,3,6,0,0,0,0,0,0,3,11,0,26,4,1,0,0.4,0.2,0.6,0.0,0.14285714285714285,2013,10
10089,1974,2,1,102692.0,0,0,2013-04-05,5,168,148,444,32,172,148,1,6,9,13,2,0,1,1,1,1,0,3,11,1,1112,28,0,4,0.034482758620689655,0.20689655172413793,0.4482758620689655,0.3103448275862069,2.0,2013,4
2227,1958,1,4,26490.0,0,0,2012-09-22,92,45,47,52,21,20,25,2,3,1,5,6,0,0,0,0,0,0,3,11,0,210,9,0,0,0.2,0.3,0.5,0.1,0.42857142857142855,2012,9
10992,1967,2,4,75702.0,1,1,2012-08-29,77,650,28,353,45,42,30,5,4,6,11,8,0,0,0,0,0,0,3,11,0,1148,21,2,0,0.22727272727272727,0.18181818181818182,0.5,0.2727272727272727,0.4444444444444444,2012,8
5304,1974,4,0,30899.0,1,0,2012-10-13,35,24,0,8,0,0,1,2,1,0,3,6,0,0,0,0,0,0,3,11,0,33,4,1,0,0.4,0.2,0.6,0.0,0.14285714285714285,2012,10
309,1961,4,4,63342.0,0,1,2012-10-16,48,918,21,118,13,10,21,3,8,3,5,6,0,1,0,0,0,0,3,11,0,1101,16,1,1,0.17647058823529413,0.47058823529411764,0.29411764705882354,0.17647058823529413,1.1428571428571428,2012,10
3406,1964,2,0,45989.0,0,1,2012-10-22,97,138,33,87,28,24,12,4,3,2,7,3,0,0,0,0,0,0,3,11,0,322,12,1,0,0.3076923076923077,0.23076923076923078,0.5384615384615384,0.15384615384615385,0.75,2012,10
2661,1964,2,0,18701.0,1,1,2013-06-04,95,12,4,2,10,6,10,4,2,0,4,5,0,0,0,0,0,0,3,11,0,44,6,2,0,0.5714285714285714,0.2857142857142857,0.5714285714285714,0.0,0.3333333333333333,2013,6
3153,1957,4,0,40737.0,2,1,2013-12-08,24,11,0,4,0,0,2,1,1,0,2,8,0,0,0,0,0,0,3,11,0,17,3,3,0,0.25,0.25,0.5,0.0,0.1111111111111111,2013,12
10264,1979,2,1,15287.0,1,0,2012-10-10,60,1,2,8,4,3,13,2,1,1,2,7,1,0,0,0,0,0,3,11,1,31,4,1,1,0.4,0.2,0.4,0.2,0.125,2012,10
1184,1968,4,1,69674.0,0,2,2013-05-22,46,554,41,215,11,0,24,3,10,2,10,5,0,0,0,0,0,0,3,11,0,845,22,2,0,0.13043478260869565,0.43478260869565216,0.43478260869565216,0.08695652173913043,1.6666666666666667,2013,5
4200,1970,3,4,44159.0,1,0,2014-06-17,85,167,2,62,24,13,7,4,4,1,6,5,0,0,0,0,0,0,3,11,0,275,11,1,0,0.3333333333333333,0.3333333333333333,0.5,0.08333333333333333,0.6666666666666666,2014,6
9396,1978,4,4,37717.0,1,0,2012-11-23,31,9,0,6,4,1,5,1,1,0,2,9,0,0,0,0,0,0,3,11,0,25,3,1,0,0.25,0.25,0.5,0.0,0.1,2012,11
2387,1952,3,4,43776.0,1,1,2013-02-03,9,177,2,71,3,2,20,6,5,2,4,8,0,0,0,0,0,0,3,11,1,275,11,2,0,0.5,0.4166666666666667,0.3333333333333333,0.16666666666666666,0.5555555555555556,2013,2
6690,1966,3,4,38179.0,1,1,2013-03-14,30,38,4,22,4,2,20,4,3,1,3,7,0,0,0,0,0,0,3,11,0,90,7,2,0,0.5,0.375,0.375,0.125,0.375,2013,3
1225,1963,2,4,80124.0,0,0,2014-06-26,47,483,84,398,205,84,241,1,3,7,8,1,1,0,0,0,0,0,3,11,0,1495,18,0,1,0.05263157894736842,0.15789473684210525,0.42105263157894735,0.3684210526315789,1.5,2014,6
9703,1970,4,4,38097.0,1,1,2012-10-15,70,77,2,35,0,1,69,4,3,2,2,7,1,0,0,0,0,0,3,11,1,184,7,2,1,0.5,0.375,0.25,0.25,0.375,2012,10
291,1970,2,4,72940.0,0,0,2013-06-19,13,182,74,298,162,149,116,1,3,3,6,1,0,0,0,0,0,0,3,11,0,981,12,0,0,0.07692307692307693,0.23076923076923078,0.46153846153846156,0.23076923076923078,1.5,2013,6
4557,1970,2,4,22070.0,1,0,2013-10-04,11,10,7,19,8,2,21,2,2,2,2,6,0,0,0,0,0,0,3,11,0,67,6,1,0,0.2857142857142857,0.2857142857142857,0.2857142857142857,0.2857142857142857,0.2857142857142857,2013,10
2379,1953,2,0,69267.0,0,0,2012-09-22,31,778,44,499,95,73,146,2,3,4,5,7,0,0,0,0,0,0,3,11,1,1635,12,0,0,0.15384615384615385,0.23076923076923078,0.38461538461538464,0.3076923076923077,0.375,2012,9
5726,1983,3,0,31788.0,1,0,2014-03-20,15,16,7,23,0,8,6,3,3,0,4,5,0,0,0,0,0,1,3,11,0,60,7,1,0,0.375,0.375,0.5,0.0,0.5,2014,3
3066,1975,4,4,61905.0,0,1,2014-02-04,2,167,0,43,6,2,13,2,4,2,4,5,0,0,0,0,0,0,3,11,0,231,10,1,0,0.18181818181818182,0.36363636363636365,0.36363636363636365,0.18181818181818182,0.6666666666666666,2014,2
6336,1960,2,4,29315.0,1,1,2014-04-06,55,13,2,14,8,7,4,4,2,0,4,6,0,0,0,0,0,0,3,11,0,48,6,2,0,0.5714285714285714,0.2857142857142857,0.5714285714285714,0.0,0.2857142857142857,2014,4
10967,1963,2,1,33378.0,1,1,2013-02-06,38,33,6,40,3,7,10,3,2,0,4,7,0,0,0,0,0,0,3,11,0,99,6,2,0,0.42857142857142855,0.2857142857142857,0.5714285714285714,0.0,0.25,2013,2
2304,1963,4,4,66313.0,0,1,2013-09-16,86,625,7,99,10,22,7,2,6,3,12,4,0,0,0,0,0,0,3,11,0,770,21,1,0,0.09090909090909091,0.2727272727272727,0.5454545454545454,0.13636363636363635,1.2,2013,9
3445,1956,2,0,60714.0,0,0,2013-01-17,56,216,162,224,101,92,162,2,7,4,10,5,0,0,0,0,0,0,3,11,1,957,21,0,0,0.09090909090909091,0.3181818181818182,0.45454545454545453,0.18181818181818182,1.1666666666666667,2013,1
7828,1981,3,4,77882.0,0,0,2014-04-30,29,68,129,396,188,22,15,1,3,3,5,1,0,0,0,0,0,0,3,11,0,818,11,0,0,0.08333333333333333,0.25,0.4166666666666667,0.25,1.5,2014,4
3762,1986,4,0,69867.0,0,0,2013-04-02,30,196,0,512,33,130,54,1,3,5,8,1,0,0,0,1,0,0,3,11,1,925,16,0,1,0.058823529411764705,0.17647058823529413,0.47058823529411764,0.29411764705882354,1.5,2013,4
4391,1968,3,1,63841.0,0,1,2013-04-21,64,635,15,100,20,7,131,1,9,3,9,6,0,0,0,0,0,0,3,11,0,908,21,1,0,0.045454545454545456,0.4090909090909091,0.4090909090909091,0.13636363636363635,1.2857142857142858,2013,4
4669,1981,0,4,24480.0,1,0,2013-02-11,46,4,19,9,28,25,17,3,3,0,4,7,0,0,0,0,0,0,3,11,0,102,7,1,0,0.375,0.375,0.5,0.0,0.375,2013,2
10144,1976,2,4,51369.0,0,1,2012-10-25,84,297,7,79,0,11,182,2,8,2,4,8,0,0,0,0,0,0,3,11,0,576,14,1,0,0.13333333333333333,0.5333333333333333,0.26666666666666666,0.13333333333333333,0.8888888888888888,2012,10
8652,1946,2,4,37760.0,0,0,2012-08-31,20,84,5,38,150,12,28,2,4,1,6,7,0,0,0,0,0,0,3,11,0,317,11,0,0,0.16666666666666666,0.3333333333333333,0.5,0.08333333333333333,0.5,2012,8
1672,1974,4,4,65640.0,0,1,2014-03-01,74,204,7,149,20,15,66,1,5,1,8,2,0,0,0,0,0,0,3,11,0,461,14,1,0,0.06666666666666667,0.3333333333333333,0.5333333333333333,0.06666666666666667,1.6666666666666667,2014,3
8962,1975,3,4,44319.0,1,1,2014-04-17,18,26,0,8,0,0,3,2,2,0,3,5,0,0,0,0,0,0,3,11,0,37,5,2,0,0.3333333333333333,0.3333333333333333,0.5,0.0,0.3333333333333333,2014,4
9974,1974,2,4,30631.0,1,0,2013-07-12,75,15,6,20,4,5,20,1,3,1,2,7,0,0,0,0,0,0,3,11,0,70,6,1,0,0.14285714285714285,0.42857142857142855,0.2857142857142857,0.14285714285714285,0.375,2013,7
10983,1952,2,4,75278.0,0,0,2013-01-29,17,304,98,230,150,74,74,1,6,3,13,3,0,0,0,0,0,0,3,11,0,930,22,0,0,0.043478260869565216,0.2608695652173913,0.5652173913043478,0.13043478260869565,1.5,2013,1
8148,1956,3,4,50898.0,1,1,2013-01-08,88,285,28,242,55,114,135,13,6,2,12,5,0,0,0,0,0,0,3,11,0,859,20,2,0,0.6190476190476191,0.2857142857142857,0.5714285714285714,0.09523809523809523,1.0,2013,1
10102,1966,2,2,79946.0,0,0,2014-05-12,19,395,183,565,166,141,28,1,5,11,5,3,0,0,0,0,0,0,3,11,0,1478,21,0,0,0.045454545454545456,0.22727272727272727,0.22727272727272727,0.5,1.25,2014,5
4697,1949,3,1,35416.0,0,0,2013-06-13,62,248,3,81,4,3,51,3,7,1,5,8,0,0,0,0,0,0,3,11,0,390,13,0,0,0.21428571428571427,0.5,0.35714285714285715,0.07142857142857142,0.7777777777777778,2013,6
9262,1984,1,4,32414.0,0,0,2013-07-04,11,20,6,5,0,9,12,1,1,0,3,7,1,0,0,0,0,0,3,11,0,52,4,0,1,0.2,0.2,0.6,0.0,0.125,2013,7
7254,1969,2,4,38361.0,1,0,2013-12-27,74,39,0,56,20,8,14,3,3,1,3,7,0,0,0,0,0,0,3,11,0,137,7,1,0,0.375,0.375,0.375,0.125,0.375,2013,12
4543,1980,2,4,82497.0,0,0,2012-10-31,32,777,129,573,216,21,203,1,2,7,9,4,0,0,1,0,0,0,3,11,0,1919,18,0,1,0.05263157894736842,0.10526315789473684,0.47368421052631576,0.3684210526315789,0.4,2012,10
4927,1971,2,4,16626.0,2,0,2014-01-15,76,8,3,22,21,1,13,3,3,0,3,9,0,0,0,0,0,0,3,11,0,68,6,2,0,0.42857142857142855,0.42857142857142855,0.42857142857142855,0.0,0.3,2014,1
10451,1965,2,4,29672.0,1,1,2013-03-12,6,9,1,3,0,4,8,1,0,0,3,6,0,0,0,0,0,0,3,11,0,25,3,2,0,0.25,0.0,0.75,0.0,0.0,2013,3
2926,1952,3,4,55951.0,0,1,2012-08-23,62,1241,0,80,0,13,40,3,3,6,11,8,0,1,0,0,1,0,3,11,0,1374,20,1,2,0.14285714285714285,0.14285714285714285,0.5238095238095238,0.2857142857142857,0.3333333333333333,2012,8
2874,1988,1,1,35388.0,1,0,2013-03-07,20,6,4,7,4,3,8,1,1,0,3,7,0,0,0,0,0,0,3,11,0,32,4,1,0,0.2,0.2,0.6,0.0,0.125,2013,3
9738,1986,3,4,42386.0,1,0,2013-01-13,43,65,4,16,0,4,11,1,3,0,3,8,0,0,0,0,0,0,3,11,0,100,6,1,0,0.14285714285714285,0.42857142857142855,0.42857142857142855,0.0,0.3333333333333333,2013,1
7119,1982,2,0,68627.0,0,0,2013-01-12,45,395,15,263,60,54,38,1,2,3,6,1,0,0,0,0,0,0,3,11,0,825,11,0,0,0.08333333333333333,0.16666666666666666,0.5,0.25,1.0,2013,1
3924,1965,4,1,57912.0,0,1,2014-03-17,34,801,0,80,0,0,35,5,8,3,12,5,0,1,0,0,0,0,3,11,0,916,23,1,1,0.20833333333333334,0.3333333333333333,0.5,0.125,1.3333333333333333,2014,3
5827,1958,2,1,35246.0,1,1,2014-04-16,53,36,0,12,2,2,10,4,3,1,3,5,0,0,0,0,0,0,3,11,0,62,7,2,0,0.5,0.375,0.375,0.125,0.5,2014,4
5596,1956,1,4,58821.0,0,1,2013-10-12,44,513,14,154,19,0,28,1,9,2,9,6,0,0,0,0,0,0,3,11,0,728,20,1,0,0.047619047619047616,0.42857142857142855,0.42857142857142855,0.09523809523809523,1.2857142857142858,2013,10
10812,1978,4,4,46377.0,1,0,2014-03-01,89,37,0,46,4,3,0,1,2,1,3,4,0,0,0,0,0,0,3,11,0,90,6,1,0,0.14285714285714285,0.2857142857142857,0.42857142857142855,0.14285714285714285,0.4,2014,3
1717,1988,2,0,39747.0,1,0,2014-04-13,43,80,15,93,20,13,52,3,5,1,4,8,0,0,0,0,0,0,3,11,0,273,10,1,0,0.2727272727272727,0.45454545454545453,0.36363636363636365,0.09090909090909091,0.5555555555555556,2014,4
9491,1984,2,4,23976.0,1,0,2013-12-27,68,14,1,21,2,3,25,3,3,1,3,7,0,0,0,0,0,0,3,11,0,66,7,1,0,0.375,0.375,0.375,0.125,0.375,2013,12
9274,1961,3,4,80950.0,0,0,2013-03-28,44,525,147,112,219,147,63,1,6,7,9,2,0,0,0,1,0,0,3,11,0,1213,22,0,1,0.043478260869565216,0.2608695652173913,0.391304347826087,0.30434782608695654,2.0,2013,3
6609,1966,2,2,27038.0,0,0,2012-09-18,64,1,26,25,17,23,15,1,3,0,3,9,0,0,0,0,0,0,3,11,1,107,6,0,0,0.14285714285714285,0.42857142857142855,0.42857142857142855,0.0,0.3,2012,9
6963,1947,2,0,77457.0,0,0,2014-03-05,85,675,11,400,15,45,11,1,2,5,10,1,0,0,1,0,0,0,3,11,0,1157,17,0,1,0.05555555555555555,0.1111111111111111,0.5555555555555556,0.2777777777777778,1.0,2014,3
4440,1964,3,4,64100.0,0,1,2013-09-10,93,509,0,27,0,0,10,1,8,3,6,7,0,1,0,0,0,0,3,11,0,546,17,1,1,0.05555555555555555,0.4444444444444444,0.3333333333333333,0.16666666666666666,1.0,2013,9
1379,1992,3,4,42670.0,0,0,2013-04-27,12,154,2,46,20,4,15,1,4,2,4,4,0,0,0,0,0,0,3,11,0,241,10,0,0,0.09090909090909091,0.36363636363636365,0.36363636363636365,0.18181818181818182,0.8,2013,4
10032,1976,2,1,12571.0,1,0,2014-01-18,86,3,5,14,2,12,17,4,3,1,3,6,0,0,0,0,0,0,3,11,0,53,7,1,0,0.5,0.375,0.375,0.125,0.42857142857142855,2014,1
2826,1967,2,4,22574.0,2,1,2013-10-28,28,25,0,8,2,0,2,2,2,0,3,7,0,0,0,0,0,0,3,11,0,37,5,3,0,0.3333333333333333,0.3333333333333333,0.5,0.0,0.25,2013,10
6320,1976,3,0,70893.0,0,0,2013-02-06,42,768,44,561,77,44,14,1,6,6,10,3,0,0,0,0,0,0,3,11,0,1508,22,0,0,0.043478260869565216,0.2608695652173913,0.43478260869565216,0.2608695652173913,1.5,2013,2
3050,1966,2,4,54198.0,1,1,2013-12-17,13,185,0,28,3,2,17,6,3,1,6,4,0,0,0,0,0,0,3,11,0,235,10,2,0,0.5454545454545454,0.2727272727272727,0.5454545454545454,0.09090909090909091,0.6,2013,12
231,1956,3,4,28839.0,1,1,2014-03-11,86,24,0,7,0,0,1,2,2,0,3,5,0,0,0,0,0,0,3,11,0,32,5,2,0,0.3333333333333333,0.3333333333333333,0.5,0.0,0.3333333333333333,2014,3
2392,1972,2,4,40321.0,1,1,2013-07-29,59,44,4,21,6,0,27,2,3,0,3,7,0,0,0,0,0,0,3,11,0,102,6,2,0,0.2857142857142857,0.42857142857142855,0.42857142857142855,0.0,0.375,2013,7
9478,1985,2,0,66503.0,1,0,2012-08-14,30,91,64,128,65,3,50,2,4,3,6,3,0,0,0,0,0,0,3,11,0,401,13,1,0,0.14285714285714285,0.2857142857142857,0.42857142857142855,0.21428571428571427,1.0,2012,8
113,1951,2,4,30833.0,1,1,2013-07-16,33,11,0,7,3,1,6,2,1,0,3,5,0,0,0,0,0,0,3,11,0,28,4,2,0,0.4,0.2,0.6,0.0,0.16666666666666666,2013,7
1802,1971,2,4,64795.0,0,1,2013-01-17,23,412,5,119,38,29,77,3,3,3,12,2,0,0,0,0,0,0,3,11,0,680,18,1,0,0.15789473684210525,0.15789473684210525,0.631578947368421,0.15789473684210525,1.0,2013,1
520,1974,2,4,34421.0,1,0,2013-07-01,81,3,3,7,6,2,9,1,1,0,2,7,0,0,0,0,0,0,3,11,0,30,3,1,0,0.25,0.25,0.5,0.0,0.125,2013,7
8275,1965,4,1,47025.0,1,1,2014-02-09,6,16,0,3,0,0,1,1,1,0,2,7,0,0,0,0,0,0,3,11,0,20,3,2,0,0.25,0.25,0.5,0.0,0.125,2014,2
9750,1961,4,1,64325.0,0,1,2013-02-07,41,731,60,353,78,12,73,5,10,3,5,7,0,0,0,0,0,0,3,11,0,1307,18,1,0,0.2631578947368421,0.5263157894736842,0.2631578947368421,0.15789473684210525,1.25,2013,2
2607,1953,2,0,40464.0,0,1,2013-01-11,78,424,17,118,7,23,41,6,8,2,8,8,0,0,0,0,0,0,3,11,0,630,18,1,0,0.3157894736842105,0.42105263157894735,0.42105263157894735,0.10526315789473684,0.8888888888888888,2013,1
7214,1957,2,4,62187.0,0,0,2013-07-05,49,792,0,275,45,45,126,1,4,8,5,3,0,0,0,0,0,0,3,11,0,1283,17,0,0,0.05555555555555555,0.2222222222222222,0.2777777777777778,0.4444444444444444,1.0,2013,7
5835,1976,4,1,14849.0,1,0,2013-07-02,39,21,2,28,3,2,9,3,2,0,4,8,0,0,0,0,0,0,3,11,0,65,6,1,0,0.42857142857142855,0.2857142857142857,0.5714285714285714,0.0,0.2222222222222222,2013,7
3896,1984,2,4,27255.0,1,0,2013-11-07,3,22,1,11,0,1,2,1,1,0,3,7,0,0,0,0,0,0,3,11,0,37,4,1,0,0.2,0.2,0.6,0.0,0.125,2013,11
10350,1950,4,4,54432.0,2,1,2013-05-09,37,33,0,5,0,0,0,1,1,0,3,4,0,0,0,0,0,0,3,11,0,38,4,3,0,0.2,0.2,0.6,0.0,0.2,2013,5
7786,1986,4,0,29999.0,1,0,2013-02-13,22,68,7,59,10,5,11,4,3,1,4,8,0,0,0,0,0,0,3,11,0,160,8,1,0,0.4444444444444444,0.3333333333333333,0.4444444444444444,0.1111111111111111,0.3333333333333333,2013,2
2861,1983,2,0,24072.0,1,0,2013-04-16,79,9,1,6,3,0,4,1,1,0,2,8,0,0,0,0,0,0,3,11,0,23,3,1,0,0.25,0.25,0.5,0.0,0.1111111111111111,2013,4
663,1989,4,0,33996.0,0,0,2013-09-11,46,40,2,15,8,0,6,1,1,1,3,4,0,0,0,0,0,0,3,11,0,71,5,0,0,0.16666666666666666,0.16666666666666666,0.5,0.16666666666666666,0.2,2013,9
10675,1956,4,4,66334.0,0,1,2013-04-03,82,909,11,218,0,0,23,2,9,3,5,5,0,0,0,0,0,0,3,11,1,1161,17,1,0,0.1111111111111111,0.5,0.2777777777777778,0.16666666666666666,1.5,2013,4
2521,1971,3,4,35178.0,1,0,2013-01-10,10,23,1,13,2,2,18,1,1,1,2,7,1,0,0,0,0,0,3,11,1,59,4,1,1,0.2,0.2,0.4,0.2,0.125,2013,1
9592,1983,2,4,22010.0,1,0,2013-06-30,51,11,2,9,3,0,8,2,2,0,3,8,0,0,0,0,0,0,3,11,0,33,5,1,0,0.3333333333333333,0.3333333333333333,0.5,0.0,0.2222222222222222,2013,6
10151,1960,2,1,62204.0,0,2,2012-09-12,38,317,46,247,151,46,139,1,4,5,12,3,0,0,0,0,0,0,3,11,0,946,21,2,0,0.045454545454545456,0.18181818181818182,0.5454545454545454,0.22727272727272727,1.0,2012,9
7381,1968,2,1,75693.0,0,0,2012-12-06,10,797,153,293,72,97,30,1,11,4,6,4,0,1,1,1,0,0,3,11,1,1442,21,0,3,0.045454545454545456,0.5,0.2727272727272727,0.18181818181818182,2.2,2012,12
4099,1972,2,4,30675.0,1,0,2012-11-12,14,10,2,16,11,2,21,1,1,0,3,8,0,0,0,0,0,0,3,11,0,62,4,1,0,0.2,0.2,0.6,0.0,0.1111111111111111,2012,11
9560,1965,2,4,83003.0,0,0,2013-03-03,18,856,61,570,40,25,122,1,7,6,8,3,0,0,1,0,0,0,3,11,1,1674,21,0,1,0.045454545454545456,0.3181818181818182,0.36363636363636365,0.2727272727272727,1.75,2013,3
1150,1899,4,4,83532.0,0,0,2013-09-26,36,755,144,562,104,64,224,1,4,6,4,1,0,0,1,0,0,0,3,11,0,1853,14,0,1,0.06666666666666667,0.26666666666666666,0.26666666666666666,0.4,2.0,2013,9
10172,1988,2,0,68655.0,0,0,2012-08-10,95,456,19,832,75,118,38,1,4,5,11,3,0,0,0,0,0,0,3,11,0,1538,20,0,0,0.047619047619047616,0.19047619047619047,0.5238095238095238,0.23809523809523808,1.0,2012,8
11191,1986,2,1,41411.0,0,0,2013-12-07,11,37,32,38,11,3,18,1,2,1,4,6,0,0,0,0,0,0,3,11,0,139,7,0,0,0.125,0.25,0.5,0.125,0.2857142857142857,2013,12
9707,1969,4,4,55212.0,0,1,2012-11-23,65,1103,0,45,0,0,34,3,4,2,11,8,0,1,0,0,1,0,3,11,0,1182,17,1,2,0.16666666666666666,0.2222222222222222,0.6111111111111112,0.1111111111111111,0.4444444444444444,2012,11
6245,1950,4,4,59292.0,0,1,2013-06-13,71,378,14,68,19,14,14,2,3,5,8,3,0,0,0,0,0,0,3,11,0,507,16,1,0,0.11764705882352941,0.17647058823529413,0.47058823529411764,0.29411764705882354,0.75,2013,6
8234,1973,0,4,27190.0,1,0,2013-08-15,13,1,6,7,0,1,3,1,1,0,2,8,1,0,0,0,0,0,3,11,1,18,3,1,1,0.25,0.25,0.5,0.0,0.1111111111111111,2013,8
1411,1952,2,1,82623.0,0,0,2013-11-10,58,204,34,204,172,153,173,1,2,9,4,1,0,0,0,0,0,0,3,11,0,940,15,0,0,0.0625,0.125,0.25,0.5625,1.0,2013,11
8553,1965,2,4,44300.0,1,1,2013-06-23,65,30,0,9,0,0,3,2,1,0,3,6,0,0,0,0,0,0,3,11,0,42,4,2,0,0.4,0.2,0.6,0.0,0.14285714285714285,2013,6
1826,1970,2,1,84835.0,0,0,2014-06-16,0,189,104,379,111,189,218,1,4,4,6,1,0,0,0,0,0,0,3,11,1,1190,14,0,0,0.06666666666666667,0.26666666666666666,0.4,0.26666666666666666,2.0,2014,6
8842,1971,2,2,30372.0,1,1,2012-12-25,33,15,0,12,7,3,7,3,2,0,3,7,0,0,0,0,0,0,3,11,0,44,5,2,0,0.5,0.3333333333333333,0.5,0.0,0.25,2012,12
11030,1976,3,4,33181.0,1,0,2014-01-03,90,9,0,3,0,0,4,1,1,0,2,6,1,0,0,0,0,0,3,11,0,16,3,1,1,0.25,0.25,0.5,0.0,0.14285714285714285,2014,1
2579,1957,2,4,71113.0,0,1,2013-12-17,95,495,33,255,11,33,8,4,6,7,9,4,0,0,0,0,0,0,3,11,0,835,22,1,0,0.17391304347826086,0.2608695652173913,0.391304347826087,0.30434782608695654,1.2,2013,12
175,1986,2,4,71952.0,1,0,2013-01-10,93,656,80,455,52,107,93,2,8,4,8,4,1,0,1,0,0,0,3,11,0,1443,20,1,2,0.09523809523809523,0.38095238095238093,0.38095238095238093,0.19047619047619047,1.6,2013,1
9185,1966,4,0,69759.0,0,0,2013-10-28,38,452,20,514,13,30,0,3,4,6,5,3,0,0,0,0,0,0,3,11,1,1029,15,0,0,0.1875,0.25,0.3125,0.375,1.0,2013,10
11056,1974,2,4,72099.0,0,0,2012-10-27,18,546,91,410,119,0,22,1,3,4,10,1,0,0,0,0,0,0,3,11,0,1188,17,0,0,0.05555555555555555,0.16666666666666666,0.5555555555555556,0.2222222222222222,1.5,2012,10
9365,1976,4,0,60000.0,0,1,2012-12-22,57,1048,0,217,0,0,12,5,11,3,5,6,0,0,0,0,0,0,3,11,0,1277,19,1,0,0.25,0.55,0.25,0.15,1.5714285714285714,2012,12
6201,1978,2,0,38643.0,1,1,2013-11-29,45,22,2,14,0,1,10,2,2,0,3,7,0,0,0,0,0,1,3,11,0,49,5,2,0,0.3333333333333333,0.3333333333333333,0.5,0.0,0.25,2013,11
2061,1955,2,4,50737.0,0,1,2013-05-11,61,78,0,11,0,0,10,1,2,0,4,6,0,1,0,0,0,0,3,11,0,99,6,1,1,0.14285714285714285,0.2857142857142857,0.5714285714285714,0.0,0.2857142857142857,2013,5
6184,1969,4,4,68462.0,0,0,2012-12-12,6,561,64,785,84,128,48,1,3,3,8,1,0,0,0,0,0,0,3,11,0,1670,14,0,0,0.06666666666666667,0.2,0.5333333333333333,0.2,1.5,2012,12
6142,1943,3,4,65073.0,0,0,2013-08-20,65,629,17,177,69,0,8,1,5,3,5,2,0,0,0,0,0,1,3,11,0,900,13,0,0,0.07142857142857142,0.35714285714285715,0.35714285714285715,0.21428571428571427,1.6666666666666667,2013,8
4107,1948,4,4,46681.0,0,2,2013-10-08,52,269,15,69,15,19,38,2,4,6,4,5,0,0,0,0,0,0,3,11,0,425,14,2,0,0.13333333333333333,0.26666666666666666,0.26666666666666666,0.4,0.6666666666666666,2013,10
7274,1957,2,4,78618.0,0,0,2012-09-28,87,736,163,818,212,163,61,1,4,7,10,2,0,1,0,0,0,0,3,11,0,2153,21,0,1,0.045454545454545456,0.18181818181818182,0.45454545454545453,0.3181818181818182,1.3333333333333333,2012,9
9336,1969,4,2,62187.0,0,1,2014-03-22,38,512,0,83,0,0,41,3,6,2,10,4,0,0,0,0,0,0,3,11,0,636,18,1,0,0.15789473684210525,0.3157894736842105,0.5263157894736842,0.10526315789473684,1.2,2014,3
2958,1978,2,4,28442.0,2,0,2014-02-24,53,19,3,10,11,8,6,3,2,1,4,4,0,0,0,0,0,0,3,11,0,57,7,2,0,0.375,0.25,0.5,0.125,0.4,2014,2
933,1978,4,4,37717.0,1,0,2012-11-23,31,9,0,6,4,1,5,1,1,0,2,9,0,0,0,0,0,0,3,11,0,25,3,1,0,0.25,0.25,0.5,0.0,0.1,2012,11
5837,1967,2,4,51479.0,1,1,2012-12-28,67,247,8,160,6,8,65,7,6,3,6,7,0,0,0,0,0,0,3,11,0,494,15,2,0,0.4375,0.375,0.375,0.1875,0.75,2012,12
10704,1969,2,0,54803.0,0,1,2012-08-21,65,404,0,92,28,27,142,2,6,2,9,4,0,0,0,0,0,0,3,11,0,693,17,1,0,0.1111111111111111,0.3333333333333333,0.5,0.1111111111111111,1.2,2012,8
5125,1960,2,4,79530.0,0,0,2013-05-17,64,333,0,815,129,42,29,1,4,10,11,2,0,0,0,0,0,0,3,11,0,1348,25,0,0,0.038461538461538464,0.15384615384615385,0.4230769230769231,0.38461538461538464,1.3333333333333333,2013,5
4432,1976,2,1,31615.0,1,0,2013-03-16,82,2,3,20,6,11,9,2,2,0,3,7,0,0,0,0,0,0,3,11,0,51,5,1,0,0.3333333333333333,0.3333333333333333,0.5,0.0,0.25,2013,3
5955,1962,2,4,72025.0,0,0,2012-11-17,27,833,33,549,151,133,233,1,4,3,8,3,0,0,0,0,0,0,3,11,0,1932,15,0,0,0.0625,0.25,0.5,0.1875,1.0,2012,11
2928,1975,4,0,52614.0,0,1,2012-12-01,63,789,0,142,12,9,38,2,2,4,8,8,0,0,0,0,0,0,3,11,0,990,14,1,0,0.13333333333333333,0.13333333333333333,0.5333333333333333,0.26666666666666666,0.2222222222222222,2012,12
5680,1984,1,4,35684.0,1,0,2014-04-22,66,10,4,7,0,6,3,1,1,0,3,6,0,0,0,0,0,0,3,11,0,30,4,1,0,0.2,0.2,0.6,0.0,0.14285714285714285,2014,4
10313,1975,2,4,48178.0,1,1,2012-10-28,69,159,4,45,6,2,38,6,5,1,4,8,0,0,0,0,0,0,3,11,0,254,10,2,0,0.5454545454545454,0.45454545454545453,0.36363636363636365,0.09090909090909091,0.5555555555555556,2012,10
2557,1970,3,0,29548.0,1,0,2013-08-29,52,7,1,6,3,1,11,1,1,1,2,4,1,0,0,0,0,0,3,11,0,29,4,1,1,0.2,0.2,0.4,0.2,0.2,2013,8
1245,1966,2,0,63810.0,0,1,2012-11-11,45,977,12,253,16,12,101,4,4,3,12,8,0,1,0,0,0,0,3,11,0,1371,19,1,1,0.2,0.2,0.6,0.15,0.4444444444444444,2012,11
1519,1972,4,0,38578.0,1,1,2013-06-22,2,38,4,22,3,3,3,3,3,0,3,8,0,0,0,0,0,0,3,11,1,73,6,2,0,0.42857142857142855,0.42857142857142855,0.42857142857142855,0.0,0.3333333333333333,2013,6
10703,1975,3,0,46098.0,1,1,2012-08-18,86,57,0,27,0,0,36,4,3,2,2,8,0,0,0,0,0,0,3,11,0,120,7,2,0,0.5,0.375,0.25,0.25,0.3333333333333333,2012,8
1726,1970,2,0,22585.0,0,0,2013-03-18,23,3,9,15,13,2,39,1,1,1,2,9,1,0,0,0,0,0,3,11,1,81,4,0,1,0.2,0.2,0.4,0.2,0.1,2013,3
4459,1989,2,0,30279.0,1,0,2012-12-30,13,10,4,14,4,4,1,1,1,0,3,8,0,0,0,0,0,0,3,11,0,37,4,1,0,0.2,0.2,0.6,0.0,0.1111111111111111,2012,12
1729,1961,4,4,66426.0,0,1,2013-10-02,14,1043,24,97,32,24,157,2,3,5,10,6,0,0,0,0,0,0,3,11,0,1377,18,1,0,0.10526315789473684,0.15789473684210525,0.5263157894736842,0.2631578947368421,0.42857142857142855,2013,10
1517,1969,2,0,30822.0,1,0,2013-06-14,92,3,9,13,2,12,12,1,1,0,3,7,0,0,0,0,0,0,3,11,0,51,4,1,0,0.2,0.2,0.6,0.0,0.125,2013,6
2098,1969,4,4,33581.0,2,0,2013-01-08,38,11,0,5,0,0,1,1,1,0,2,8,0,0,0,0,0,0,3,11,0,17,3,2,0,0.25,0.25,0.5,0.0,0.1111111111111111,2013,1
9543,1985,2,4,19986.0,1,0,2013-11-14,74,3,6,5,0,2,6,1,0,0,3,7,0,0,0,0,0,0,3,11,0,22,3,1,0,0.25,0.0,0.75,0.0,0.0,2013,11
6878,1954,2,2,27421.0,0,0,2012-12-12,14,43,12,96,78,40,55,3,4,1,6,7,0,0,0,0,0,0,3,11,0,324,11,0,0,0.25,0.3333333333333333,0.5,0.08333333333333333,0.5,2012,12
3310,1973,1,4,35688.0,2,1,2012-08-22,94,73,3,90,12,1,32,7,4,1,4,8,0,0,0,0,0,0,3,11,0,211,9,3,0,0.7,0.4,0.4,0.1,0.4444444444444444,2012,8
2724,1981,3,0,36143.0,1,0,2014-03-30,33,12,0,1,0,0,6,1,0,1,2,3,0,0,0,0,0,0,3,11,0,19,3,1,0,0.25,0.0,0.5,0.25,0.0,2014,3
948,1971,2,0,10245.0,1,0,2013-05-15,32,4,7,7,6,4,13,3,1,2,2,5,0,0,0,0,0,0,3,11,0,41,5,1,0,0.5,0.16666666666666666,0.3333333333333333,0.3333333333333333,0.16666666666666666,2013,5
6720,1968,3,4,43795.0,0,1,2013-10-16,11,314,11,53,4,3,107,3,7,3,4,7,0,1,0,0,0,0,3,11,1,492,14,1,1,0.2,0.4666666666666667,0.26666666666666666,0.2,0.875,2013,10
6202,1960,2,4,63381.0,0,1,2012-10-05,78,571,50,142,33,50,159,4,4,5,13,2,0,0,0,0,0,0,3,11,0,1005,22,1,0,0.17391304347826086,0.17391304347826086,0.5652173913043478,0.21739130434782608,1.3333333333333333,2012,10
2066,1949,2,4,38823.0,0,1,2012-08-30,56,70,0,11,2,8,23,1,2,1,3,6,0,0,0,0,0,0,3,11,0,114,6,1,0,0.14285714285714285,0.2857142857142857,0.42857142857142855,0.14285714285714285,0.2857142857142857,2012,8
9799,1968,4,1,83664.0,1,1,2013-05-08,57,866,21,151,28,21,86,3,2,2,12,5,0,0,0,0,0,0,3,11,0,1173,16,2,0,0.17647058823529413,0.11764705882352941,0.7058823529411765,0.11764705882352941,0.3333333333333333,2013,5
8318,1979,2,4,90300.0,0,0,2014-01-03,7,594,134,786,33,134,57,0,5,6,8,1,0,0,1,0,0,0,3,11,0,1738,19,0,1,0.0,0.25,0.4,0.3,2.5,2014,1
5642,1979,3,4,62499.0,1,0,2013-12-09,0,140,4,61,0,13,4,2,3,1,6,4,0,0,0,0,0,0,3,11,0,222,10,1,0,0.18181818181818182,0.2727272727272727,0.5454545454545454,0.09090909090909091,0.6,2013,12
2669,1993,2,0,74293.0,0,0,2014-05-04,66,375,152,335,93,91,81,1,5,4,6,2,0,0,0,0,0,0,3,11,0,1127,15,0,0,0.0625,0.3125,0.375,0.25,1.6666666666666667,2014,5
455,1946,4,4,51012.0,0,0,2013-04-18,86,102,9,63,2,9,24,1,4,1,4,6,0,0,0,0,0,0,3,11,0,209,9,0,0,0.1,0.4,0.4,0.1,0.5714285714285714,2013,4
7683,1968,3,4,70777.0,0,1,2014-02-25,80,554,35,113,0,7,78,3,5,3,12,3,0,0,0,0,0,0,3,11,0,787,20,1,0,0.14285714285714285,0.23809523809523808,0.5714285714285714,0.14285714285714285,1.25,2014,2
3428,1991,4,4,68682.0,0,0,2013-10-06,56,919,0,505,99,30,45,1,4,9,10,2,0,0,0,0,0,0,3,11,0,1598,23,0,0,0.041666666666666664,0.16666666666666666,0.4166666666666667,0.375,1.3333333333333333,2013,10
7414,1971,2,4,43824.0,1,1,2012-09-15,18,96,1,42,12,3,32,4,3,1,4,8,0,0,0,0,0,0,3,11,0,186,8,2,0,0.4444444444444444,0.3333333333333333,0.4444444444444444,0.1111111111111111,0.3333333333333333,2012,9
6354,1984,2,4,15345.0,1,0,2012-08-31,51,5,2,16,3,2,19,2,1,1,2,8,0,0,0,0,0,0,3,11,1,47,4,1,0,0.4,0.2,0.4,0.2,0.1111111111111111,2012,8
798,1987,2,0,23442.0,1,0,2012-12-24,71,2,0,6,8,6,5,1,1,0,3,7,0,0,0,0,0,0,3,11,0,27,4,1,0,0.2,0.2,0.6,0.0,0.125,2012,12
8213,1980,1,4,14515.0,1,0,2012-11-09,71,6,4,9,6,36,35,4,2,2,3,7,0,0,0,0,0,0,3,11,1,96,7,1,0,0.5,0.25,0.375,0.25,0.25,2012,11
2488,1956,1,1,31395.0,1,1,2013-03-23,80,23,1,25,0,8,7,4,2,1,3,6,0,0,0,0,0,0,3,11,0,64,6,2,0,0.5714285714285714,0.2857142857142857,0.42857142857142855,0.14285714285714285,0.2857142857142857,2013,3
9999,1965,2,4,75276.0,0,0,2012-09-27,2,610,105,125,137,42,21,1,9,4,9,5,0,0,0,0,0,0,3,11,0,1040,22,0,0,0.043478260869565216,0.391304347826087,0.391304347826087,0.17391304347826086,1.5,2012,9
7617,1974,2,0,42373.0,1,1,2013-08-15,83,67,5,61,3,8,19,5,2,1,5,5,0,0,0,0,0,0,3,11,0,163,8,2,0,0.5555555555555556,0.2222222222222222,0.5555555555555556,0.1111111111111111,0.3333333333333333,2013,8
615,1960,2,4,30507.0,0,0,2013-03-11,29,65,36,74,38,20,110,1,5,1,4,7,0,0,0,0,0,0,3,11,0,343,10,0,0,0.09090909090909091,0.45454545454545453,0.36363636363636365,0.09090909090909091,0.625,2013,3
2552,1955,4,0,55521.0,1,2,2013-10-22,11,416,0,26,0,0,4,9,6,3,6,7,0,1,0,0,0,0,3,11,1,446,15,3,1,0.5625,0.375,0.375,0.1875,0.75,2013,10
194,1965,2,4,48006.0,1,1,2014-06-09,55,23,0,11,3,2,2,1,1,0,3,6,0,0,0,0,0,0,3,11,0,41,4,2,0,0.2,0.2,0.6,0.0,0.14285714285714285,2014,6
3645,1972,4,0,27213.0,1,0,2012-08-30,19,19,3,26,10,9,3,3,2,0,4,8,0,0,0,0,0,0,3,11,1,70,6,1,0,0.42857142857142855,0.2857142857142857,0.5714285714285714,0.0,0.2222222222222222,2012,8
8890,1971,4,1,65808.0,1,1,2014-05-30,1,155,7,80,13,7,10,3,5,1,5,6,0,0,0,0,0,0,3,11,0,272,11,2,0,0.25,0.4166666666666667,0.4166666666666667,0.08333333333333333,0.7142857142857143,2014,5
5049,1974,4,4,30351.0,1,0,2013-06-06,19,14,0,24,3,3,2,1,3,0,2,9,0,0,0,0,0,0,3,11,0,46,5,1,0,0.16666666666666666,0.5,0.3333333333333333,0.0,0.3,2013,6
9973,1963,2,4,50437.0,0,2,2012-10-17,28,370,9,92,6,9,4,3,7,1,8,7,0,0,0,0,0,0,3,11,0,490,16,2,0,0.17647058823529413,0.4117647058823529,0.47058823529411764,0.058823529411764705,0.875,2012,10
7301,1982,1,0,23616.0,1,0,2012-11-17,76,4,22,11,3,7,32,2,3,0,3,8,0,0,0,0,0,0,3,11,1,79,6,1,0,0.2857142857142857,0.42857142857142855,0.42857142857142855,0.0,0.3333333333333333,2012,11
10882,1976,2,4,53858.0,0,1,2012-11-09,50,407,53,221,58,150,26,4,4,3,6,4,0,0,0,0,0,0,3,11,0,915,13,1,0,0.2857142857142857,0.2857142857142857,0.42857142857142855,0.21428571428571427,0.8,2012,11
7030,1955,4,4,66465.0,0,1,2013-03-30,1,1200,0,204,38,29,14,3,11,9,12,6,0,0,0,1,0,0,3,11,0,1485,32,1,1,0.09090909090909091,0.3333333333333333,0.36363636363636365,0.2727272727272727,1.5714285714285714,2013,3
7422,1987,2,0,46923.0,1,0,2012-08-22,90,85,44,54,102,78,6,3,5,1,7,7,0,0,0,0,0,0,3,11,0,369,13,1,0,0.21428571428571427,0.35714285714285715,0.5,0.07142857142857142,0.625,2012,8
3523,1962,2,4,75072.0,0,1,2013-01-23,83,583,34,309,0,22,125,2,5,4,8,3,0,0,0,0,0,0,3,11,0,1073,17,1,0,0.1111111111111111,0.2777777777777778,0.4444444444444444,0.2222222222222222,1.25,2013,1
7106,1943,4,4,75865.0,0,0,2014-03-31,73,483,0,591,156,0,12,1,3,5,10,1,0,0,0,0,0,0,3,11,0,1242,18,0,0,0.05263157894736842,0.15789473684210525,0.5263157894736842,0.2631578947368421,1.5,2014,3
6504,1975,1,4,19789.0,1,0,2013-11-20,24,2,5,9,28,6,28,3,2,1,3,5,1,0,0,0,0,0,3,11,0,78,6,1,1,0.42857142857142855,0.2857142857142857,0.42857142857142855,0.14285714285714285,0.3333333333333333,2013,11
5067,1994,2,4,80134.0,0,0,2014-02-14,11,966,26,282,52,26,26,1,2,7,11,5,0,1,1,1,1,0,3,11,0,1378,20,0,4,0.047619047619047616,0.09523809523809523,0.5238095238095238,0.3333333333333333,0.3333333333333333,2014,2
4216,1981,2,0,91065.0,0,0,2013-02-22,33,822,114,108,179,137,114,1,7,9,9,3,0,0,1,1,0,0,3,11,1,1474,25,0,2,0.038461538461538464,0.2692307692307692,0.34615384615384615,0.34615384615384615,1.75,2013,2
8581,1971,3,4,49505.0,1,1,2013-03-05,4,604,0,100,19,0,28,9,10,2,8,8,0,0,0,0,0,0,3,11,0,751,20,2,0,0.42857142857142855,0.47619047619047616,0.38095238095238093,0.09523809523809523,1.1111111111111112,2013,3
5929,1973,4,4,37401.0,1,0,2014-05-06,14,19,3,19,3,1,3,2,2,0,3,7,0,0,0,0,0,0,3,11,0,48,5,1,0,0.3333333333333333,0.3333333333333333,0.5,0.0,0.25,2014,5
3129,1983,2,4,30096.0,1,0,2014-05-22,30,5,3,11,12,5,9,1,2,0,3,6,0,0,0,0,0,0,3,11,0,45,5,1,0,0.16666666666666666,0.3333333333333333,0.5,0.0,0.2857142857142857,2014,5
6528,1982,3,4,18492.0,1,0,2014-06-05,75,2,2,2,2,1,1,1,1,0,2,8,0,0,0,0,0,0,3,11,0,10,3,1,0,0.25,0.25,0.5,0.0,0.1111111111111111,2014,6
1361,1974,3,4,82584.0,0,0,2013-06-04,26,1076,68,103,29,91,68,1,3,4,8,1,0,1,1,0,0,0,3,11,1,1435,15,0,2,0.0625,0.1875,0.5,0.25,1.5,2013,6
6932,1941,4,4,93027.0,0,0,2013-04-13,77,1285,42,716,55,0,21,0,7,10,5,2,0,0,1,0,0,0,3,11,0,2119,22,0,1,0.0,0.30434782608695654,0.21739130434782608,0.43478260869565216,2.3333333333333335,2013,4
7284,1953,2,4,48686.0,1,2,2013-12-04,8,10,0,7,2,0,1,1,1,0,2,8,0,0,0,0,0,0,3,11,0,20,3,3,0,0.25,0.25,0.5,0.0,0.1111111111111111,2013,12
1340,1986,2,4,92910.0,0,0,2014-04-24,42,551,137,792,179,103,33,1,6,7,13,1,0,1,1,1,0,0,3,11,0,1795,26,0,3,0.037037037037037035,0.2222222222222222,0.48148148148148145,0.25925925925925924,3.0,2014,4
8746,1989,2,4,75433.0,1,0,2014-04-05,28,800,0,297,0,34,57,2,2,5,10,6,0,1,0,1,0,0,3,11,0,1188,17,1,2,0.1111111111111111,0.1111111111111111,0.5555555555555556,0.2777777777777778,0.2857142857142857,2014,4
5987,1989,1,4,10404.0,1,0,2014-05-04,52,2,2,11,10,6,12,2,1,0,4,5,0,0,0,0,0,0,3,11,0,43,5,1,0,0.3333333333333333,0.16666666666666666,0.6666666666666666,0.0,0.16666666666666666,2014,5
3767,1968,2,4,61314.0,0,1,2013-04-25,1,378,0,189,97,172,172,2,5,5,12,3,0,0,0,0,0,0,3,11,0,1008,22,1,0,0.08695652173913043,0.21739130434782608,0.5217391304347826,0.21739130434782608,1.25,2013,4
3725,1961,4,0,84865.0,0,0,2013-05-09,1,1248,16,349,43,16,16,1,2,4,9,4,0,1,1,1,1,0,3,11,1,1688,15,0,4,0.0625,0.125,0.5625,0.25,0.4,2013,5
4324,1989,2,4,42387.0,1,0,2012-10-29,42,235,0,235,19,4,191,5,8,1,7,8,0,0,0,0,0,0,3,11,0,684,16,1,0,0.29411764705882354,0.47058823529411764,0.4117647058823529,0.058823529411764705,0.8888888888888888,2012,10
238,1967,1,4,67309.0,1,1,2013-01-23,76,515,47,181,149,95,95,15,9,6,9,7,0,0,0,0,0,0,3,11,0,1082,24,2,0,0.6,0.36,0.36,0.24,1.125,2013,1
6694,1964,2,4,75236.0,0,1,2013-11-25,27,438,66,400,12,38,114,1,8,3,13,4,0,0,0,0,0,0,3,11,0,1068,24,1,0,0.04,0.32,0.52,0.12,1.6,2013,11
498,1970,2,0,30015.0,1,0,2014-02-02,28,25,0,22,2,3,5,2,1,0,4,5,0,0,0,0,0,0,3,11,0,57,5,1,0,0.3333333333333333,0.16666666666666666,0.6666666666666666,0.0,0.16666666666666666,2014,2
9347,1956,3,4,50943.0,0,1,2013-06-21,49,31,0,7,2,0,6,1,1,0,3,5,0,0,0,0,0,0,3,11,0,46,4,1,0,0.2,0.2,0.6,0.0,0.16666666666666666,2013,6
9699,1966,2,1,67272.0,0,1,2013-12-21,12,357,35,271,28,28,14,3,6,2,12,5,0,0,0,0,0,0,3,11,0,733,20,1,0,0.14285714285714285,0.2857142857142857,0.5714285714285714,0.09523809523809523,1.0,2013,12
10664,1949,3,2,51529.0,0,1,2013-09-07,14,400,4,35,6,0,22,2,9,1,5,8,0,0,0,0,0,0,3,11,0,467,15,1,0,0.125,0.5625,0.3125,0.0625,1.0,2013,9
5455,1971,4,4,32011.0,1,0,2013-08-22,89,99,0,15,2,1,5,3,2,1,4,7,0,0,0,0,0,0,3,11,0,122,7,1,0,0.375,0.25,0.5,0.125,0.25,2013,8
456,1986,1,4,7500.0,1,0,2013-02-07,96,1,11,5,4,6,9,2,2,0,3,8,0,0,0,0,0,0,3,11,0,36,5,1,0,0.3333333333333333,0.3333333333333333,0.5,0.0,0.2222222222222222,2013,2
5012,1989,2,4,28691.0,1,0,2013-07-04,56,5,4,13,8,0,4,1,1,0,3,8,0,0,0,0,0,0,3,11,0,34,4,1,0,0.2,0.2,0.6,0.0,0.1111111111111111,2013,7
7495,1948,4,4,56223.0,0,1,2013-12-20,72,77,28,31,16,0,4,2,2,1,5,4,0,0,0,0,0,0,3,11,0,156,8,1,0,0.2222222222222222,0.2222222222222222,0.5555555555555556,0.1111111111111111,0.4,2013,12
5029,1946,2,4,18100.0,0,0,2013-08-06,14,3,1,2,4,3,1,1,0,0,3,5,0,0,0,0,0,0,3,11,0,14,3,0,0,0.25,0.0,0.75,0.0,0.0,2013,8
10642,1989,2,0,30279.0,1,0,2012-12-30,13,10,4,14,4,4,1,1,1,0,3,8,0,0,0,0,0,0,3,11,0,37,4,1,0,0.2,0.2,0.6,0.0,0.1111111111111111,2012,12
2106,1974,1,4,20130.0,0,0,2014-03-17,99,0,6,3,7,6,12,1,1,0,3,8,0,0,0,0,0,0,3,11,0,34,4,0,0,0.2,0.2,0.6,0.0,0.1111111111111111,2014,3
10364,1959,2,1,23295.0,0,0,2013-07-13,72,0,0,1,2,12,5,1,1,0,2,8,0,0,0,0,0,0,3,11,0,20,3,0,0,0.25,0.25,0.5,0.0,0.1111111111111111,2013,7
5954,1972,3,1,42618.0,1,0,2013-10-09,92,76,14,74,13,5,10,2,5,0,4,8,0,0,0,0,0,0,3,11,0,192,9,1,0,0.2,0.5,0.4,0.0,0.5555555555555556,2013,10
1137,1964,2,0,81246.0,0,0,2013-12-29,87,398,190,537,61,156,37,1,4,5,7,1,1,0,0,1,0,0,3,11,0,1379,16,0,2,0.058823529411764705,0.23529411764705882,0.4117647058823529,0.29411764705882354,2.0,2013,12
2541,1976,2,4,24027.0,1,0,2013-06-09,7,14,7,11,11,0,5,2,2,0,3,8,0,0,0,0,0,0,3,11,0,48,5,1,0,0.3333333333333333,0.3333333333333333,0.5,0.0,0.2222222222222222,2013,6
1142,1953,4,4,55707.0,0,1,2013-12-22,91,208,7,82,30,66,35,2,3,2,9,3,0,0,0,0,0,0,3,11,0,428,14,1,0,0.13333333333333333,0.2,0.6,0.13333333333333333,0.75,2013,12
2276,1955,2,0,57959.0,0,1,2013-05-02,71,430,16,322,43,24,33,5,4,7,11,3,0,0,0,0,0,0,3,11,0,868,22,1,0,0.21739130434782608,0.17391304347826086,0.4782608695652174,0.30434782608695654,1.0,2013,5
2807,1969,2,4,56796.0,0,1,2013-02-16,24,656,38,161,62,47,37,3,8,9,7,7,0,0,0,0,0,0,3,11,0,1001,24,1,0,0.12,0.32,0.28,0.36,1.0,2013,2
6471,1971,3,0,36230.0,1,0,2013-10-17,17,14,2,30,8,2,3,1,2,0,4,5,0,0,0,0,0,0,3,11,0,59,6,1,0,0.14285714285714285,0.2857142857142857,0.5714285714285714,0.0,0.3333333333333333,2013,10
6131,1980,1,4,70829.0,1,1,2013-12-01,87,141,70,106,72,19,23,2,4,2,8,3,0,0,0,0,0,0,3,11,0,431,14,2,0,0.13333333333333333,0.26666666666666666,0.5333333333333333,0.13333333333333333,1.0,2013,12
6233,1976,2,4,65991.0,0,1,2012-09-07,21,507,19,364,25,47,9,3,9,5,10,7,0,0,0,0,0,0,3,11,0,971,24,1,0,0.12,0.36,0.4,0.2,1.125,2012,9
4148,1972,2,4,38988.0,1,2,2012-08-20,90,164,24,103,12,3,42,7,5,1,6,8,0,0,0,0,0,0,3,11,0,348,12,3,0,0.5384615384615384,0.38461538461538464,0.46153846153846156,0.07692307692307693,0.5555555555555556,2012,8
4947,1966,1,0,89572.0,0,0,2012-09-15,44,606,24,974,197,194,64,1,7,7,9,4,0,1,0,1,0,0,3,11,1,2059,23,0,2,0.041666666666666664,0.2916666666666667,0.375,0.2916666666666667,1.4,2012,9
3225,1984,3,4,42207.0,1,0,2013-04-01,71,116,11,72,3,17,46,4,4,1,5,6,1,0,0,0,0,0,3,11,1,265,10,1,1,0.36363636363636365,0.36363636363636365,0.45454545454545453,0.09090909090909091,0.5714285714285714,2013,4
7540,1952,2,4,50300.0,0,1,2014-05-25,52,143,15,60,24,23,5,2,2,1,8,2,0,0,0,0,0,0,3,11,0,270,11,1,0,0.16666666666666666,0.16666666666666666,0.6666666666666666,0.08333333333333333,0.6666666666666666,2014,5
10648,1982,1,4,66664.0,0,0,2012-09-25,78,398,96,447,220,96,32,1,5,7,6,3,0,0,0,0,0,0,3,11,0,1289,18,0,0,0.05263157894736842,0.2631578947368421,0.3157894736842105,0.3684210526315789,1.25,2012,9
1992,1964,2,4,60597.0,0,1,2014-01-01,2,522,0,257,32,16,66,4,2,2,8,7,0,0,0,1,0,0,3,11,1,893,12,1,1,0.3076923076923077,0.15384615384615385,0.6153846153846154,0.15384615384615385,0.25,2014,1
7851,1949,2,2,70165.0,0,0,2013-09-22,60,161,0,253,199,191,122,1,3,7,11,1,0,0,0,0,0,0,3,11,0,926,21,0,0,0.045454545454545456,0.13636363636363635,0.5,0.3181818181818182,1.5,2013,9
8594,1958,4,2,50520.0,0,1,2014-01-28,25,112,0,6,2,1,14,2,3,1,3,6,0,0,0,0,0,0,3,11,0,135,7,1,0,0.25,0.375,0.375,0.125,0.42857142857142855,2014,1
7059,1963,2,4,80124.0,0,0,2014-06-26,47,483,84,398,205,84,241,1,3,7,8,1,1,0,0,0,0,0,3,11,0,1495,18,0,1,0.05263157894736842,0.15789473684210525,0.42105263157894735,0.3684210526315789,1.5,2014,6
2815,1975,2,4,33183.0,1,0,2014-02-24,46,7,5,39,17,15,37,2,4,0,3,7,0,0,0,0,0,0,3,11,0,120,7,1,0,0.25,0.5,0.375,0.0,0.5,2014,2
2416,1969,4,0,66582.0,0,0,2014-03-03,83,789,25,420,16,38,0,1,2,8,9,1,0,0,0,0,0,0,3,11,0,1288,19,0,0,0.05,0.1,0.45,0.4,1.0,2014,3
7999,1955,4,4,75261.0,0,0,2013-04-23,17,1239,17,413,23,34,17,1,5,6,5,2,0,1,1,0,0,0,3,11,1,1743,16,0,2,0.058823529411764705,0.29411764705882354,0.29411764705882354,0.35294117647058826,1.6666666666666667,2013,4
9213,1970,2,2,31880.0,1,0,2012-10-31,13,4,1,5,2,0,3,1,1,0,2,8,0,0,0,0,0,0,3,11,0,15,3,1,0,0.25,0.25,0.5,0.0,0.1111111111111111,2012,10
9697,1951,2,4,53790.0,0,2,2014-03-06,86,335,42,127,28,5,5,3,7,2,8,6,0,0,0,0,0,0,3,11,0,542,17,2,0,0.16666666666666666,0.3888888888888889,0.4444444444444444,0.1111111111111111,1.0,2014,3
3916,1971,4,4,49269.0,1,0,2012-08-15,92,639,8,166,11,8,58,3,7,3,12,7,0,0,0,0,0,0,3,11,0,890,22,1,0,0.13043478260869565,0.30434782608695654,0.5217391304347826,0.13043478260869565,0.875,2012,8
2021,1975,2,4,61456.0,0,1,2013-03-27,47,563,76,384,84,192,89,4,6,10,13,4,0,0,0,0,0,0,3,11,0,1388,29,1,0,0.13333333333333333,0.2,0.43333333333333335,0.3333333333333333,1.2,2013,3
1581,1980,2,4,37406.0,1,0,2013-10-10,18,2,0,8,2,2,3,1,1,0,2,8,0,0,0,0,0,0,3,11,1,17,3,1,0,0.25,0.25,0.5,0.0,0.1111111111111111,2013,10
564,1981,4,4,56937.0,1,0,2012-08-04,81,746,8,125,11,8,8,7,8,6,9,6,0,1,0,0,0,0,3,11,1,906,23,1,1,0.2916666666666667,0.3333333333333333,0.375,0.25,1.1428571428571428,2012,8
6619,1978,2,4,38415.0,1,1,2013-01-02,91,22,1,13,4,0,4,2,1,0,3,7,0,0,0,0,0,0,3,11,0,44,4,2,0,0.4,0.2,0.6,0.0,0.125,2013,1
9081,1988,2,0,20518.0,1,0,2014-05-18,58,4,1,6,4,1,9,1,1,1,2,5,0,0,0,0,0,0,3,11,0,25,4,1,0,0.2,0.2,0.4,0.2,0.16666666666666666,2014,5
178,1956,2,4,62503.0,0,1,2013-02-18,40,478,0,193,110,75,117,4,8,3,11,5,0,0,0,0,0,0,3,11,0,973,22,1,0,0.17391304347826086,0.34782608695652173,0.4782608695652174,0.13043478260869565,1.3333333333333333,2013,2
916,1972,4,0,41644.0,1,1,2014-05-09,67,20,3,4,2,0,2,2,1,0,3,3,0,0,0,0,0,0,3,11,0,31,4,2,0,0.4,0.2,0.6,0.0,0.25,2014,5
5512,1977,3,4,55842.0,0,1,2014-05-23,19,451,0,39,0,4,24,1,7,1,8,5,0,0,0,0,0,0,3,11,0,518,16,1,0,0.058823529411764705,0.4117647058823529,0.47058823529411764,0.058823529411764705,1.1666666666666667,2014,5
8970,1972,4,4,62010.0,0,1,2012-10-23,93,371,22,39,6,0,92,4,6,2,7,5,0,0,0,0,0,0,3,11,0,530,15,1,0,0.25,0.375,0.4375,0.125,1.0,2012,10
10581,1977,2,4,41124.0,1,0,2012-10-31,41,281,7,84,15,0,119,7,7,3,4,8,0,0,0,0,0,0,3,11,0,506,14,1,0,0.4666666666666667,0.4666666666666667,0.26666666666666666,0.2,0.7777777777777778,2012,10
5300,1973,3,4,38961.0,1,0,2013-12-30,60,19,7,19,0,1,24,1,2,1,2,7,0,0,0,0,0,0,3,11,0,70,5,1,0,0.16666666666666666,0.3333333333333333,0.3333333333333333,0.16666666666666666,0.25,2013,12
5154,1972,3,1,37760.0,1,0,2013-08-11,54,26,3,13,2,10,0,1,2,0,3,6,0,0,0,0,0,0,3,11,0,54,5,1,0,0.16666666666666666,0.3333333333333333,0.5,0.0,0.2857142857142857,2013,8
8346,1974,2,0,32233.0,1,0,2012-08-19,26,138,15,35,25,11,72,2,6,2,2,9,1,0,0,0,0,0,3,11,1,296,10,1,1,0.18181818181818182,0.5454545454545454,0.18181818181818182,0.18181818181818182,0.6,2012,8
1676,1975,2,4,43057.0,0,1,2013-10-30,30,213,2,44,0,2,5,4,4,2,5,5,0,0,0,0,0,0,3,11,0,266,11,1,0,0.3333333333333333,0.3333333333333333,0.4166666666666667,0.16666666666666666,0.6666666666666666,2013,10
9286,1960,3,4,83151.0,0,0,2012-10-10,93,407,28,100,120,74,18,1,5,9,4,3,0,0,0,0,0,0,3,11,0,747,18,0,0,0.05263157894736842,0.2631578947368421,0.21052631578947367,0.47368421052631576,1.25,2012,10
2426,1964,4,1,78825.0,0,0,2012-09-14,35,483,74,114,169,37,18,1,5,10,13,3,0,0,0,0,0,0,3,11,1,895,28,0,0,0.034482758620689655,0.1724137931034483,0.4482758620689655,0.3448275862068966,1.25,2012,9
5172,1976,3,4,65104.0,0,1,2013-11-14,4,738,0,232,13,20,50,2,3,5,7,7,0,0,0,0,0,0,3,11,0,1053,15,1,0,0.125,0.1875,0.4375,0.3125,0.375,2013,11
5562,1974,2,4,60093.0,0,1,2013-06-26,92,502,12,109,16,6,90,2,7,2,10,6,0,0,0,0,0,0,3,11,0,735,19,1,0,0.1,0.35,0.5,0.1,1.0,2013,6
3436,1969,2,4,14045.0,1,0,2014-01-26,24,11,0,5,2,1,1,1,1,0,3,7,0,0,0,0,0,0,3,11,0,20,4,1,0,0.2,0.2,0.6,0.0,0.125,2014,1
3921,1952,1,2,28457.0,0,0,2012-10-28,96,24,1,108,29,29,14,1,4,1,4,8,0,0,0,0,0,0,3,11,0,205,9,0,0,0.1,0.4,0.4,0.1,0.4444444444444444,2012,10
3403,1958,4,4,78952.0,0,1,2012-09-24,11,1170,19,594,99,76,134,2,2,5,12,6,0,0,0,0,0,0,3,11,0,2092,19,1,0,0.1,0.1,0.6,0.25,0.2857142857142857,2012,9
22,1976,2,1,46310.0,1,0,2012-12-03,99,185,2,88,15,5,14,2,6,1,5,8,0,0,0,0,0,0,3,11,0,309,12,1,0,0.15384615384615385,0.46153846153846156,0.38461538461538464,0.07692307692307693,0.6666666666666666,2012,12
10965,1955,2,4,76005.0,0,0,2013-02-22,72,983,20,389,240,50,40,1,3,5,13,6,0,0,0,1,0,0,3,11,0,1722,21,0,1,0.045454545454545456,0.13636363636363635,0.5909090909090909,0.22727272727272727,0.42857142857142855,2013,2
9426,1964,3,0,58308.0,0,1,2013-01-12,77,691,0,69,10,0,130,4,2,6,3,8,0,0,0,0,0,0,3,11,0,900,11,1,0,0.3333333333333333,0.16666666666666666,0.25,0.5,0.2222222222222222,2013,1
6605,1944,4,1,55614.0,0,0,2013-11-27,85,504,13,131,8,0,26,1,9,4,6,7,0,1,0,0,0,0,3,11,0,682,19,0,1,0.05,0.45,0.3,0.2,1.125,2013,11
3136,1962,3,1,59432.0,0,1,2013-04-13,88,317,25,265,25,19,12,3,5,3,11,5,0,0,0,0,0,0,3,11,0,663,19,1,0,0.15,0.25,0.55,0.15,0.8333333333333334,2013,4
8737,1978,2,1,55563.0,0,1,2014-04-05,22,29,1,9,2,0,2,1,2,0,3,3,0,0,0,0,0,0,3,11,0,43,5,1,0,0.16666666666666666,0.3333333333333333,0.5,0.0,0.5,2014,4
11088,1971,4,4,78642.0,0,1,2013-04-21,83,1396,0,322,46,35,17,1,4,9,4,6,0,0,0,0,0,0,3,11,0,1816,17,1,0,0.05555555555555555,0.2222222222222222,0.2222222222222222,0.5,0.5714285714285714,2013,4
716,1949,4,4,67911.0,0,1,2014-05-22,63,529,0,356,63,28,0,3,6,7,11,3,0,0,0,0,0,0,3,11,0,976,24,1,0,0.12,0.24,0.44,0.28,1.5,2014,5
466,1944,2,4,65275.0,0,0,2013-04-03,9,388,14,218,91,14,21,1,4,3,13,2,0,0,0,0,0,0,3,11,0,746,20,0,0,0.047619047619047616,0.19047619047619047,0.6190476190476191,0.14285714285714285,1.3333333333333333,2013,4
9135,1950,2,4,27203.0,1,1,2012-08-06,92,13,2,21,4,0,24,2,1,1,2,8,0,0,0,0,0,0,3,11,0,64,4,2,0,0.4,0.2,0.4,0.2,0.1111111111111111,2012,8
10623,1961,3,4,48330.0,0,1,2013-11-15,2,28,0,4,0,0,0,1,1,0,3,5,0,0,0,0,0,0,3,11,0,32,4,1,0,0.2,0.2,0.6,0.0,0.16666666666666666,2013,11
8151,1990,0,4,24279.0,0,0,2012-12-29,6,16,36,21,20,62,108,1,4,1,3,8,0,0,0,0,0,0,3,11,0,263,8,0,0,0.1111111111111111,0.4444444444444444,0.3333333333333333,0.1111111111111111,0.4444444444444444,2012,12
5140,1985,4,4,64355.0,1,0,2012-08-24,66,1047,0,140,67,38,153,2,4,3,12,8,0,0,0,0,0,0,3,11,0,1445,19,1,0,0.1,0.2,0.6,0.15,0.4444444444444444,2012,8
10160,1956,3,4,50943.0,0,1,2013-06-21,49,31,0,7,2,0,6,1,1,0,3,5,0,0,0,0,0,0,3,11,0,46,4,1,0,0.2,0.2,0.6,0.0,0.16666666666666666,2013,6
4945,1953,2,2,53653.0,0,0,2012-11-07,29,815,10,239,28,10,108,2,10,4,12,6,0,0,0,0,0,0,3,11,0,1210,26,0,0,0.07407407407407407,0.37037037037037035,0.4444444444444444,0.14814814814814814,1.4285714285714286,2012,11
10584,1976,2,4,65665.0,0,1,2013-12-02,77,225,162,387,106,36,29,1,5,10,8,3,0,0,0,0,0,0,3,11,0,945,23,1,0,0.041666666666666664,0.20833333333333334,0.3333333333333333,0.4166666666666667,1.25,2013,12
6071,1989,2,0,81217.0,0,0,2013-07-19,77,493,70,324,146,40,84,1,3,7,11,1,0,0,0,0,0,0,3,11,0,1157,21,0,0,0.045454545454545456,0.13636363636363635,0.5,0.3181818181818182,1.5,2013,7
3386,1992,2,4,34935.0,0,0,2013-06-21,71,34,4,66,3,10,20,1,2,1,4,7,0,0,0,0,0,0,3,11,0,137,7,0,0,0.125,0.25,0.5,0.125,0.25,2013,6
8939,1959,2,1,61250.0,0,1,2012-12-16,49,382,138,65,60,26,59,6,5,2,12,5,0,0,0,0,0,0,3,11,0,730,19,1,0,0.3,0.25,0.6,0.1,0.8333333333333334,2012,12
9925,1981,4,4,39665.0,1,0,2013-05-25,97,127,1,56,0,1,31,3,4,2,3,7,1,0,0,0,0,0,3,11,0,216,9,1,1,0.3,0.4,0.3,0.2,0.5,2013,5
4320,1979,2,0,60152.0,0,1,2013-03-28,6,325,83,300,86,58,91,1,6,4,12,3,0,0,0,0,0,0,3,11,0,943,22,1,0,0.043478260869565216,0.2608695652173913,0.5217391304347826,0.17391304347826086,1.5,2013,3
5389,1964,2,4,48920.0,0,2,2013-10-20,93,238,17,68,8,10,6,3,6,2,5,7,0,1,0,0,0,0,3,11,0,347,13,2,1,0.21428571428571427,0.42857142857142855,0.35714285714285715,0.14285714285714285,0.75,2013,10
6036,1959,3,4,89120.0,0,0,2014-03-17,78,1168,92,408,72,129,55,1,5,6,7,1,0,0,1,0,0,0,3,11,0,1924,18,0,1,0.05263157894736842,0.2631578947368421,0.3684210526315789,0.3157894736842105,2.5,2014,3
182,1946,4,4,44124.0,0,1,2013-05-11,62,284,0,55,0,6,52,4,6,2,5,8,0,0,0,0,0,0,3,11,0,397,13,1,0,0.2857142857142857,0.42857142857142855,0.35714285714285715,0.14285714285714285,0.6666666666666666,2013,5
203,1975,3,0,81169.0,0,0,2013-04-14,47,1288,20,613,80,61,27,1,5,7,9,2,0,0,0,0,0,0,3,11,0,2089,21,0,0,0.045454545454545456,0.22727272727272727,0.4090909090909091,0.3181818181818182,1.6666666666666667,2013,4
11025,1961,2,4,36443.0,1,1,2013-02-03,9,65,0,46,4,3,20,4,3,1,3,8,0,0,0,0,0,0,3,11,0,138,7,2,0,0.5,0.375,0.375,0.125,0.3333333333333333,2013,2
10203,1990,2,0,26095.0,1,0,2013-06-30,77,11,7,9,3,1,11,1,1,0,3,7,0,0,0,0,0,0,3,11,0,42,4,1,0,0.2,0.2,0.6,0.0,0.125,2013,6
4607,1959,2,4,71367.0,0,0,2013-08-23,24,227,23,389,42,21,75,1,4,5,7,2,0,0,0,0,0,0,3,11,0,777,16,0,0,0.058823529411764705,0.23529411764705882,0.4117647058823529,0.29411764705882354,1.3333333333333333,2013,8
3711,1944,3,4,80184.0,0,0,2014-03-01,19,1035,134,670,25,38,0,1,6,3,10,3,0,0,1,1,0,0,3,11,0,1902,19,0,2,0.05,0.3,0.5,0.15,1.5,2014,3
3696,1965,2,1,30630.0,1,1,2014-01-27,67,27,1,12,2,0,10,2,2,0,3,7,0,0,0,0,0,0,3,11,0,52,5,2,0,0.3333333333333333,0.3333333333333333,0.5,0.0,0.25,2014,1
2532,1987,3,0,73454.0,0,0,2014-03-01,95,982,73,351,56,14,175,1,2,4,6,5,1,0,0,0,0,0,3,11,0,1651,12,0,1,0.07692307692307693,0.15384615384615385,0.46153846153846156,0.3076923076923077,0.3333333333333333,2014,3
9214,1991,2,4,42691.0,0,0,2013-08-16,48,179,2,64,38,17,58,1,5,1,6,5,0,0,0,0,0,0,3,11,0,358,12,0,0,0.07692307692307693,0.38461538461538464,0.46153846153846156,0.07692307692307693,0.8333333333333334,2013,8
4943,1953,2,4,70503.0,0,0,2012-09-30,73,1379,33,216,0,33,66,1,2,4,9,6,0,1,1,0,0,0,3,11,0,1727,15,0,2,0.0625,0.125,0.5625,0.25,0.2857142857142857,2012,9
35,1987,2,4,25545.0,1,0,2012-09-08,35,32,1,64,16,12,85,3,2,2,3,6,0,0,0,0,0,0,3,11,1,210,7,1,0,0.375,0.25,0.375,0.25,0.2857142857142857,2012,9
2258,1986,2,4,32880.0,1,0,2012-12-04,76,8,4,15,7,6,2,1,1,0,3,8,0,0,0,0,0,0,3,11,0,42,4,1,0,0.2,0.2,0.6,0.0,0.1111111111111111,2012,12
4322,1958,4,4,77863.0,0,0,2013-11-27,20,881,38,319,16,25,12,1,4,5,10,2,0,0,0,0,0,0,3,11,0,1291,19,0,0,0.05,0.2,0.5,0.25,1.3333333333333333,2013,11
713,1977,3,4,50353.0,0,0,2014-06-08,72,141,15,153,67,31,35,1,4,4,6,3,0,0,0,0,0,0,3,11,0,442,14,0,0,0.06666666666666667,0.26666666666666666,0.4,0.26666666666666666,1.0,2014,6
4702,1964,2,0,61839.0,0,0,2012-08-12,20,1000,155,379,224,17,120,1,4,8,4,8,0,0,0,0,0,0,3,11,0,1895,16,0,0,0.058823529411764705,0.23529411764705882,0.23529411764705882,0.47058823529411764,0.4444444444444444,2012,8
3281,1960,4,4,49154.0,1,1,2013-11-03,69,206,10,67,30,27,71,6,4,1,8,6,0,0,0,0,0,0,3,11,0,411,13,2,0,0.42857142857142855,0.2857142857142857,0.5714285714285714,0.07142857142857142,0.5714285714285714,2013,11
702,1975,1,2,47682.0,0,1,2013-02-15,80,162,61,83,97,57,61,4,4,3,8,5,0,0,0,0,0,0,3,11,0,521,15,1,0,0.25,0.25,0.5,0.1875,0.6666666666666666,2013,2
2004,1969,2,0,72679.0,0,1,2013-09-18,65,619,54,260,127,54,54,1,4,7,5,1,0,0,0,0,0,0,3,11,0,1168,16,1,0,0.058823529411764705,0.23529411764705882,0.29411764705882354,0.4117647058823529,2.0,2013,9
4769,1977,3,4,57954.0,1,1,2014-06-18,52,456,4,24,0,0,9,7,8,2,6,7,0,1,0,0,0,0,3,11,0,493,16,2,1,0.4117647058823529,0.47058823529411764,0.35294117647058826,0.11764705882352941,1.0,2014,6
4437,1962,2,4,65316.0,1,1,2013-04-24,65,112,6,92,3,9,38,2,3,2,5,4,0,0,0,0,0,0,3,11,0,260,10,2,0,0.18181818181818182,0.2727272727272727,0.45454545454545453,0.18181818181818182,0.6,2013,4
8724,1982,2,0,28567.0,1,0,2013-06-17,57,11,3,22,2,2,6,2,2,0,3,6,0,0,0,0,0,0,3,11,0,46,5,1,0,0.3333333333333333,0.3333333333333333,0.5,0.0,0.2857142857142857,2013,6
10741,1951,3,4,47352.0,0,1,2013-04-11,70,172,12,112,8,0,15,4,6,1,5,7,0,0,0,0,0,0,3,11,0,319,12,1,0,0.3076923076923077,0.46153846153846156,0.38461538461538464,0.07692307692307693,0.75,2013,4
1991,1967,2,4,44931.0,0,1,2014-01-18,0,78,0,11,0,0,7,1,2,1,3,5,0,0,0,0,0,0,3,11,0,96,6,1,0,0.14285714285714285,0.2857142857142857,0.42857142857142855,0.14285714285714285,0.3333333333333333,2014,1
6931,1967,2,1,76982.0,0,0,2014-02-15,19,464,151,292,65,60,30,1,8,3,4,4,0,0,1,0,0,0,3,11,1,1062,15,0,1,0.0625,0.5,0.25,0.1875,1.6,2014,2
11096,1952,1,4,57247.0,0,1,2013-08-08,50,99,4,32,37,54,6,2,2,1,7,2,0,0,0,0,0,0,3,11,0,232,10,1,0,0.18181818181818182,0.18181818181818182,0.6363636363636364,0.09090909090909091,0.6666666666666666,2013,8
304,1981,3,0,22944.0,1,0,2013-12-23,67,19,3,19,4,5,26,3,3,0,3,7,0,0,0,0,0,0,3,11,0,76,6,1,0,0.42857142857142855,0.42857142857142855,0.42857142857142855,0.0,0.375,2013,12
3665,1977,1,4,25315.0,1,0,2013-11-07,46,1,9,8,11,3,22,3,3,0,3,8,0,0,0,0,0,0,3,11,0,54,6,1,0,0.42857142857142855,0.42857142857142855,0.42857142857142855,0.0,0.3333333333333333,2013,11
10591,1969,2,2,43638.0,0,1,2012-08-06,37,63,10,83,7,19,19,2,4,1,4,7,0,0,0,0,0,0,3,11,0,201,9,1,0,0.2,0.4,0.4,0.1,0.5,2012,8
5036,1984,4,0,42710.0,1,0,2012-11-28,38,252,3,42,4,3,102,2,4,5,3,6,0,0,0,0,0,0,3,11,0,406,12,1,0,0.15384615384615385,0.3076923076923077,0.23076923076923078,0.38461538461538464,0.5714285714285714,2012,11
5547,1982,4,4,84169.0,0,0,2013-08-07,9,1478,19,403,0,19,0,1,7,6,6,3,0,1,1,0,0,0,3,11,1,1919,19,0,2,0.05,0.35,0.3,0.3,1.75,2013,8
7822,1976,2,4,54058.0,0,1,2013-06-04,56,198,18,252,32,108,54,2,4,6,8,3,0,0,0,0,0,0,3,11,0,662,18,1,0,0.10526315789473684,0.21052631578947367,0.42105263157894735,0.3157894736842105,1.0,2013,6
8541,1990,1,4,24683.0,1,0,2014-03-08,98,8,4,10,6,7,6,2,2,0,4,5,0,0,0,0,0,0,3,11,0,41,6,1,0,0.2857142857142857,0.2857142857142857,0.5714285714285714,0.0,0.3333333333333333,2014,3
10955,1964,2,2,85620.0,0,0,2014-01-07,68,416,46,925,60,107,46,1,3,6,4,1,0,0,0,0,0,0,3,11,1,1600,13,0,0,0.07142857142857142,0.21428571428571427,0.2857142857142857,0.42857142857142855,1.5,2014,1
4368,1980,2,4,47850.0,1,0,2013-12-03,72,42,7,43,20,12,10,1,3,0,4,6,0,0,0,0,0,0,3,11,0,134,7,1,0,0.125,0.375,0.5,0.0,0.42857142857142855,2013,12
9671,1968,2,4,19514.0,1,1,2014-01-26,47,14,3,21,2,1,28,4,3,1,2,8,1,0,0,0,0,0,3,11,1,69,6,2,1,0.5714285714285714,0.42857142857142855,0.2857142857142857,0.14285714285714285,0.3333333333333333,2014,1
2256,1973,3,4,27159.0,1,1,2014-03-29,33,17,0,3,0,0,1,2,1,0,3,6,0,0,0,0,0,0,3,11,0,21,4,2,0,0.4,0.2,0.6,0.0,0.14285714285714285,2014,3
4279,1963,1,0,39548.0,1,1,2014-03-31,87,15,4,10,3,4,18,2,1,1,3,3,0,0,0,0,0,0,3,11,0,54,5,2,0,0.3333333333333333,0.16666666666666666,0.5,0.16666666666666666,0.25,2014,3
5371,1989,2,0,21474.0,1,0,2014-04-08,0,6,16,24,11,0,34,2,3,1,2,7,1,0,0,0,0,0,3,11,1,91,6,1,1,0.2857142857142857,0.42857142857142855,0.2857142857142857,0.14285714285714285,0.375,2014,4
9240,1971,4,0,60504.0,0,1,2014-02-07,73,458,0,24,6,4,34,2,6,2,8,6,0,0,0,0,0,0,3,11,0,526,16,1,0,0.11764705882352941,0.35294117647058826,0.47058823529411764,0.11764705882352941,0.8571428571428571,2014,2
9460,1963,2,4,22419.0,0,0,2013-04-18,74,30,3,47,19,21,42,1,3,2,2,8,0,0,0,0,0,0,3,11,0,162,7,0,0,0.125,0.375,0.25,0.25,0.3333333333333333,2013,4
9504,1949,3,4,81698.0,0,0,2013-11-06,4,179,28,520,111,123,47,1,3,8,13,1,0,0,0,0,0,0,3,11,1,1008,24,0,0,0.04,0.12,0.52,0.32,1.5,2013,11
8692,1952,2,4,43462.0,1,1,2012-09-12,50,90,17,97,15,6,15,6,4,1,5,8,0,0,0,0,0,0,3,11,0,240,10,2,0,0.5454545454545454,0.36363636363636365,0.45454545454545453,0.09090909090909091,0.4444444444444444,2012,9
448,1978,4,0,54880.0,1,0,2013-03-01,57,308,85,137,102,45,118,2,6,2,11,5,0,0,0,0,0,0,3,11,0,795,19,1,0,0.1,0.3,0.55,0.1,1.0,2013,3
8314,1982,2,4,79908.0,0,0,2013-04-05,30,557,129,761,29,185,111,1,5,6,7,2,0,0,1,0,0,0,3,11,0,1772,18,0,1,0.05263157894736842,0.2631578947368421,0.3684210526315789,0.3157894736842105,1.6666666666666667,2013,4
8420,1970,1,4,15315.0,0,0,2013-08-03,27,7,4,13,15,8,17,2,2,0,4,5,0,0,0,0,0,0,3,11,0,64,6,0,0,0.2857142857142857,0.2857142857142857,0.5714285714285714,0.0,0.3333333333333333,2013,8
3174,1959,2,4,87771.0,0,1,2013-05-22,61,1492,38,287,50,57,33,1,5,10,4,6,0,1,1,1,1,0,3,11,1,1957,19,1,4,0.05,0.25,0.2,0.5,0.7142857142857143,2013,5
7685,1978,2,4,33039.0,1,0,2013-09-09,4,30,8,12,8,8,12,1,2,0,4,5,0,0,0,0,0,0,3,11,0,78,6,1,0,0.14285714285714285,0.2857142857142857,0.5714285714285714,0.0,0.3333333333333333,2013,9
3179,1980,2,0,81741.0,0,0,2013-06-16,75,249,153,940,58,134,38,0,6,6,7,2,0,0,0,0,0,0,3,11,0,1572,19,0,0,0.0,0.3,0.35,0.3,2.0,2013,6
9780,1971,3,4,71499.0,0,1,2013-06-25,12,465,25,132,136,0,37,2,8,3,13,4,0,0,0,0,0,0,3,11,0,795,24,1,0,0.08,0.32,0.52,0.12,1.6,2013,6
10681,1970,1,4,62466.0,0,1,2014-01-15,13,129,129,259,168,121,83,5,6,3,12,4,0,0,0,0,0,0,3,11,0,889,21,1,0,0.22727272727272727,0.2727272727272727,0.5454545454545454,0.13636363636363635,1.2,2014,1
10232,1963,4,1,48799.0,0,1,2013-11-05,9,174,18,81,28,6,24,3,3,2,7,3,0,0,0,0,0,0,3,11,0,331,12,1,0,0.23076923076923078,0.23076923076923078,0.5384615384615384,0.15384615384615385,0.75,2013,11
4184,1950,4,4,52157.0,0,1,2014-06-07,48,189,2,29,3,2,40,2,3,2,5,4,0,0,0,0,0,0,3,11,0,265,10,1,0,0.18181818181818182,0.2727272727272727,0.45454545454545453,0.18181818181818182,0.6,2014,6
9120,1962,2,0,66565.0,0,1,2012-12-05,80,747,10,161,65,40,42,4,4,2,9,8,0,0,0,0,0,0,3,11,0,1065,15,1,0,0.25,0.25,0.5625,0.125,0.4444444444444444,2012,12
891,1951,3,4,29298.0,1,1,2013-09-07,60,6,0,2,2,0,1,1,1,0,2,5,0,0,0,0,0,0,3,11,0,11,3,2,0,0.25,0.25,0.5,0.0,0.16666666666666666,2013,9
10381,1979,2,0,47691.0,0,1,2013-07-05,43,14,0,3,0,0,4,1,1,0,2,6,0,0,0,0,0,0,3,11,0,21,3,1,0,0.25,0.25,0.5,0.0,0.14285714285714285,2013,7
3525,1970,2,4,38200.0,1,1,2012-12-07,19,12,0,4,0,0,1,1,1,0,2,7,0,0,0,0,0,0,3,11,0,17,3,2,0,0.25,0.25,0.5,0.0,0.125,2012,12
6818,1974,2,4,44989.0,0,1,2012-09-12,26,98,0,106,49,10,106,5,5,1,5,6,0,0,0,0,0,0,3,11,0,369,11,1,0,0.4166666666666667,0.4166666666666667,0.4166666666666667,0.08333333333333333,0.7142857142857143,2012,9
3526,1968,4,4,38443.0,1,1,2014-01-27,58,32,0,5,0,0,1,2,1,0,3,7,0,0,0,0,0,0,3,11,0,38,4,2,0,0.4,0.2,0.6,0.0,0.125,2014,1
8181,1978,1,0,38593.0,1,0,2013-09-13,42,51,12,49,17,24,24,3,4,1,3,8,0,0,0,0,0,0,3,11,0,177,8,1,0,0.3333333333333333,0.4444444444444444,0.3333333333333333,0.1111111111111111,0.4444444444444444,2013,9
1029,1970,4,4,64413.0,0,1,2013-08-01,27,200,5,44,0,10,20,1,5,1,5,5,0,0,0,0,0,0,3,11,0,279,11,1,0,0.08333333333333333,0.4166666666666667,0.4166666666666667,0.08333333333333333,0.8333333333333334,2013,8
7369,1981,3,4,36959.0,1,0,2013-10-02,56,25,6,25,6,0,0,2,2,0,3,8,0,0,0,0,0,0,3,11,0,62,5,1,0,0.3333333333333333,0.3333333333333333,0.5,0.0,0.2222222222222222,2013,10
2574,1977,4,4,61996.0,0,1,2013-01-31,27,1050,12,144,0,0,24,3,6,4,8,5,0,1,0,1,1,0,3,11,1,1230,18,1,3,0.15789473684210525,0.3157894736842105,0.42105263157894735,0.21052631578947367,1.0,2013,1
8159,1968,2,4,51287.0,1,1,2014-04-01,10,117,0,22,13,0,30,3,4,1,3,7,0,0,0,0,0,0,3,11,0,182,8,2,0,0.3333333333333333,0.4444444444444444,0.3333333333333333,0.1111111111111111,0.5,2014,4
1160,1970,2,4,13260.0,1,1,2013-08-23,48,9,4,17,10,2,7,4,3,0,3,8,0,0,0,0,0,0,3,11,0,49,6,2,0,0.5714285714285714,0.42857142857142855,0.42857142857142855,0.0,0.3333333333333333,2013,8
10242,1966,4,4,47472.0,1,1,2013-09-16,39,56,0,11,0,0,8,2,2,0,4,5,0,0,0,0,0,0,3,11,0,75,6,2,0,0.2857142857142857,0.2857142857142857,0.5714285714285714,0.0,0.3333333333333333,2013,9
5253,1956,3,4,54603.0,1,1,2013-07-09,85,145,13,46,17,2,4,6,4,2,4,7,0,0,0,0,0,0,3,11,0,227,10,2,0,0.5454545454545454,0.36363636363636365,0.36363636363636365,0.18181818181818182,0.5,2013,7
5966,1974,4,4,45207.0,1,1,2012-11-10,64,203,0,10,0,0,2,5,3,1,6,6,0,1,0,0,0,0,3,11,0,215,10,2,1,0.45454545454545453,0.2727272727272727,0.5454545454545454,0.09090909090909091,0.42857142857142855,2012,11
5314,1951,2,4,40689.0,0,1,2013-03-18,69,270,3,27,39,6,99,7,7,1,5,8,0,0,0,0,0,0,3,11,0,444,13,1,0,0.5,0.5,0.35714285714285715,0.07142857142857142,0.7777777777777778,2013,3
5081,1967,1,4,47821.0,1,1,2013-10-20,54,9,0,16,6,6,10,1,1,0,3,8,0,0,0,0,0,0,3,11,0,47,4,2,0,0.2,0.2,0.6,0.0,0.1111111111111111,2013,10
5123,1951,3,4,27450.0,0,0,2013-04-15,57,37,12,23,8,11,52,1,2,1,3,7,0,0,0,0,0,0,3,11,0,143,6,0,0,0.14285714285714285,0.2857142857142857,0.42857142857142855,0.14285714285714285,0.25,2013,4
5756,1983,2,4,39453.0,1,0,2014-04-03,64,46,0,7,0,0,2,2,2,0,3,6,0,0,0,0,0,0,3,11,0,55,5,1,0,0.3333333333333333,0.3333333333333333,0.5,0.0,0.2857142857142857,2014,4
8036,1971,1,4,26850.0,1,1,2014-04-18,10,31,1,13,7,2,9,4,2,1,4,4,0,0,0,0,0,0,3,11,0,63,7,2,0,0.5,0.25,0.5,0.125,0.4,2014,4
9058,1955,2,2,79800.0,0,0,2012-09-23,65,1060,21,530,32,0,224,1,5,11,5,3,1,0,1,1,0,0,3,11,1,1867,21,0,3,0.045454545454545456,0.22727272727272727,0.22727272727272727,0.5,1.25,2012,9
5057,1961,3,4,61794.0,0,1,2013-09-14,74,264,47,188,54,47,11,2,4,4,10,2,0,0,0,0,0,0,3,11,0,611,18,1,0,0.10526315789473684,0.21052631578947367,0.5263157894736842,0.21052631578947367,1.3333333333333333,2013,9
254,1955,2,4,53863.0,0,1,2014-05-17,4,399,4,30,6,4,30,3,7,1,7,7,0,1,0,0,0,0,3,11,0,473,15,1,1,0.1875,0.4375,0.4375,0.0625,0.875,2014,5
4179,1959,2,4,24221.0,0,0,2013-08-20,94,8,9,9,2,5,22,1,1,1,3,4,0,0,0,0,0,0,3,11,0,55,5,0,0,0.16666666666666666,0.16666666666666666,0.5,0.16666666666666666,0.2,2013,8
3710,1984,4,0,39684.0,1,0,2012-10-12,41,19,0,35,6,4,17,2,2,1,2,7,0,0,0,0,0,1,3,11,1,81,5,1,0,0.3333333333333333,0.3333333333333333,0.3333333333333333,0.16666666666666666,0.25,2012,10
7627,1975,3,4,92163.0,0,0,2012-12-12,25,817,183,797,106,163,20,0,5,11,5,2,0,0,1,1,0,0,3,11,1,2086,21,0,2,0.0,0.22727272727272727,0.22727272727272727,0.5,1.6666666666666667,2012,12
4501,1965,3,0,69882.0,0,0,2013-11-10,94,292,127,635,132,127,165,1,3,7,9,1,0,0,0,0,0,0,3,11,0,1478,19,0,0,0.05,0.15,0.45,0.35,1.5,2013,11
6424,1977,2,4,33178.0,1,0,2014-01-30,9,12,6,2,11,2,16,1,1,0,3,4,0,0,0,0,0,0,3,11,0,49,4,1,0,0.2,0.2,0.6,0.0,0.2,2014,1
3075,1972,4,4,59973.0,0,0,2013-09-11,47,130,30,168,20,34,0,1,3,4,7,1,0,0,0,0,0,0,3,11,0,382,14,0,0,0.06666666666666667,0.2,0.4666666666666667,0.26666666666666666,1.5,2013,9
4992,1975,3,4,17459.0,1,0,2013-09-19,12,6,4,16,3,10,30,3,3,1,2,7,0,0,0,0,0,0,3,11,1,69,6,1,0,0.42857142857142855,0.42857142857142855,0.2857142857142857,0.14285714285714285,0.375,2013,9
5252,1969,2,1,23910.0,1,0,2012-10-26,80,16,12,18,7,1,13,1,2,0,3,7,0,0,0,0,0,0,3,11,0,67,5,1,0,0.16666666666666666,0.3333333333333333,0.5,0.0,0.25,2012,10
7444,1969,3,4,42169.0,1,1,2013-10-19,20,19,0,9,0,0,2,2,1,0,3,8,0,0,0,0,0,0,3,11,0,30,4,2,0,0.4,0.2,0.6,0.0,0.1111111111111111,2013,10
6919,1978,1,4,26224.0,1,0,2013-06-04,39,4,7,15,13,9,15,3,2,1,3,6,0,0,0,0,0,0,3,11,0,63,6,1,0,0.42857142857142855,0.2857142857142857,0.42857142857142855,0.14285714285714285,0.2857142857142857,2013,6
3537,1981,2,4,31089.0,1,0,2012-08-17,57,31,3,31,2,8,4,3,3,0,4,8,0,0,0,0,0,0,3,11,0,79,7,1,0,0.375,0.375,0.5,0.0,0.3333333333333333,2012,8
10277,1961,2,0,30081.0,0,1,2013-02-21,27,36,0,2,0,0,4,1,1,0,3,7,0,0,0,0,0,0,3,11,0,42,4,1,0,0.2,0.2,0.6,0.0,0.125,2013,2
2453,1960,2,4,62807.0,0,1,2012-08-31,83,526,28,135,10,21,99,3,5,3,12,5,0,0,0,0,0,0,3,11,0,819,20,1,0,0.14285714285714285,0.23809523809523808,0.5714285714285714,0.14285714285714285,0.8333333333333334,2012,8
7972,1955,2,0,72906.0,0,0,2013-09-17,79,400,32,519,71,75,54,1,3,4,9,1,0,0,0,0,0,0,3,11,0,1151,16,0,0,0.058823529411764705,0.17647058823529413,0.5294117647058824,0.23529411764705882,1.5,2013,9
895,1948,4,4,61467.0,0,2,2012-12-09,69,410,16,114,0,5,49,3,5,2,10,5,0,0,0,0,0,0,3,11,0,594,17,2,0,0.16666666666666666,0.2777777777777778,0.5555555555555556,0.1111111111111111,0.8333333333333334,2012,12
1177,1966,3,4,49618.0,1,1,2013-01-26,77,80,3,26,4,2,14,4,3,1,3,7,0,0,0,0,0,0,3,11,0,129,7,2,0,0.5,0.375,0.375,0.125,0.375,2013,1
7141,1986,3,0,21888.0,1,0,2012-12-29,15,88,10,46,2,3,64,4,5,1,2,10,0,0,0,0,0,0,3,11,1,213,8,1,0,0.4444444444444444,0.5555555555555556,0.2222222222222222,0.1111111111111111,0.45454545454545453,2012,12
7232,1973,2,2,42429.0,0,1,2014-02-11,99,55,0,6,2,0,4,2,1,1,3,5,0,0,0,0,0,0,3,11,0,67,5,1,0,0.3333333333333333,0.16666666666666666,0.5,0.16666666666666666,0.16666666666666666,2014,2
8477,1956,2,1,26150.0,2,1,2013-03-11,61,5,1,13,3,5,1,1,1,0,3,7,0,0,0,0,0,0,3,11,0,28,4,3,0,0.2,0.2,0.6,0.0,0.125,2013,3
2457,1975,0,4,30801.0,0,1,2012-10-26,23,8,4,5,15,2,11,2,1,0,3,7,0,0,0,0,0,0,3,11,0,45,4,1,0,0.4,0.2,0.6,0.0,0.125,2012,10
988,1965,2,4,81168.0,0,0,2014-05-07,84,410,0,592,147,22,22,1,6,4,7,3,0,0,0,1,0,0,3,11,0,1193,17,0,1,0.05555555555555555,0.3333333333333333,0.3888888888888889,0.2222222222222222,1.5,2014,5
7930,1969,3,0,26877.0,0,0,2013-08-19,74,101,13,76,20,18,40,2,3,1,6,6,0,0,0,0,0,0,3,11,0,268,10,0,0,0.18181818181818182,0.2727272727272727,0.5454545454545454,0.09090909090909091,0.42857142857142855,2013,8
4587,1944,3,2,45006.0,0,0,2013-07-18,90,162,25,53,16,0,10,1,3,1,7,3,0,0,0,0,0,0,3,11,0,266,11,0,0,0.08333333333333333,0.25,0.5833333333333334,0.08333333333333333,0.75,2013,7
6682,1973,0,4,18978.0,1,0,2012-12-11,41,2,8,1,4,7,15,1,1,0,3,8,0,0,0,0,0,0,3,11,0,37,4,1,0,0.2,0.2,0.6,0.0,0.1111111111111111,2012,12
6222,1967,2,4,22574.0,2,1,2013-10-28,28,25,0,8,2,0,2,2,2,0,3,7,0,0,0,0,0,0,3,11,0,37,5,3,0,0.3333333333333333,0.3333333333333333,0.5,0.0,0.25,2013,10
10299,1969,4,0,48240.0,0,0,2012-11-09,73,389,91,248,64,49,41,3,6,3,13,5,0,0,0,0,0,0,3,11,1,882,22,0,0,0.13043478260869565,0.2608695652173913,0.5652173913043478,0.13043478260869565,1.0,2012,11
3083,1974,2,4,45837.0,1,1,2013-07-26,88,215,13,87,17,17,24,5,6,2,5,7,0,0,0,0,0,0,3,11,0,373,13,2,0,0.35714285714285715,0.42857142857142855,0.35714285714285715,0.14285714285714285,0.75,2013,7
8953,1965,3,0,35791.0,2,1,2013-05-06,94,27,0,5,0,0,3,2,1,0,3,8,0,0,0,0,0,0,3,11,0,35,4,3,0,0.4,0.2,0.6,0.0,0.1111111111111111,2013,5
1503,1976,4,4,162397.0,1,1,2013-06-03,31,85,1,16,2,1,2,0,0,0,1,1,0,0,0,0,0,0,3,11,0,107,1,2,0,0.0,0.0,0.5,0.0,0.0,2013,6
8650,1978,2,2,54162.0,1,1,2013-03-18,31,5,6,10,6,5,10,1,1,0,3,4,0,0,0,0,0,0,3,11,0,42,4,2,0,0.2,0.2,0.6,0.0,0.2,2013,3
10862,1960,3,4,30522.0,0,1,2012-08-17,6,179,8,83,19,11,26,5,1,2,9,2,0,0,0,0,0,0,3,11,0,326,12,1,0,0.38461538461538464,0.07692307692307693,0.6923076923076923,0.15384615384615385,0.3333333333333333,2012,8
2782,1961,4,4,54456.0,0,1,2013-07-11,23,352,0,27,10,0,15,3,6,1,7,6,0,0,0,0,0,0,3,11,0,404,14,1,0,0.2,0.4,0.4666666666666667,0.06666666666666667,0.8571428571428571,2013,7
6941,1971,2,0,31632.0,0,0,2013-07-14,92,17,8,12,11,15,32,1,2,1,2,7,0,0,0,0,0,0,3,11,0,95,5,0,0,0.16666666666666666,0.3333333333333333,0.3333333333333333,0.16666666666666666,0.25,2013,7
10972,1949,2,2,72298.0,0,0,2014-03-10,52,625,35,169,58,17,35,1,4,3,6,1,0,1,1,0,0,0,3,11,0,939,13,0,2,0.07142857142857142,0.2857142857142857,0.42857142857142855,0.21428571428571427,2.0,2014,3
10708,1978,1,0,36975.0,1,0,2013-12-28,50,10,6,11,0,4,2,1,1,0,3,7,0,0,0,0,0,0,3,11,0,33,4,1,0,0.2,0.2,0.6,0.0,0.125,2013,12
6583,1955,1,4,72635.0,0,0,2013-06-03,54,390,22,323,104,35,107,1,6,8,6,3,0,0,0,1,0,0,3,11,0,981,20,0,1,0.047619047619047616,0.2857142857142857,0.2857142857142857,0.38095238095238093,1.5,2013,6
3641,1976,2,4,13624.0,1,0,2013-01-20,93,10,2,15,2,1,6,2,2,0,3,6,0,0,0,0,0,0,3,11,0,36,5,1,0,0.3333333333333333,0.3333333333333333,0.5,0.0,0.2857142857142857,2013,1
10156,1975,2,0,84196.0,0,1,2013-06-03,56,215,63,507,231,31,190,1,8,4,7,3,0,0,0,0,0,0,3,11,0,1237,19,1,0,0.05,0.4,0.35,0.2,2.0,2013,6
4299,1960,2,4,70971.0,0,1,2012-09-21,28,1001,17,572,93,125,17,7,11,11,5,7,0,0,0,0,0,0,3,11,1,1825,27,1,0,0.25,0.39285714285714285,0.17857142857142858,0.39285714285714285,1.375,2012,9
3469,1977,4,1,34487.0,1,1,2012-09-06,94,19,18,33,24,1,8,3,3,0,3,9,0,0,0,0,0,0,3,11,0,103,6,2,0,0.42857142857142855,0.42857142857142855,0.42857142857142855,0.0,0.3,2012,9
5063,1977,2,0,28769.0,1,0,2012-12-18,76,41,5,129,10,3,3,3,4,1,4,9,0,0,0,0,0,0,3,11,0,191,9,1,0,0.3,0.4,0.4,0.1,0.4,2012,12
10727,1970,4,4,69084.0,1,0,2013-11-19,43,1181,107,199,39,30,30,2,7,3,13,8,0,0,0,0,0,0,3,11,0,1586,23,1,0,0.08333333333333333,0.2916666666666667,0.5416666666666666,0.125,0.7777777777777778,2013,11
9624,1958,4,4,65488.0,0,0,2014-06-13,46,603,45,207,36,18,54,1,3,4,6,1,0,0,0,0,0,0,3,11,0,963,13,0,0,0.07142857142857142,0.21428571428571427,0.42857142857142855,0.2857142857142857,1.5,2014,6
5156,1970,1,4,62466.0,0,1,2014-01-15,13,129,129,259,168,121,83,5,6,3,12,4,0,0,0,0,0,0,3,11,0,889,21,1,0,0.22727272727272727,0.2727272727272727,0.5454545454545454,0.13636363636363635,1.2,2014,1
4376,1960,1,0,32218.0,0,0,2014-02-15,27,10,24,15,13,1,30,1,2,1,3,7,1,0,0,0,0,0,3,11,1,93,6,0,1,0.14285714285714285,0.2857142857142857,0.42857142857142855,0.14285714285714285,0.25,2014,2
8923,1973,2,0,83917.0,0,0,2013-04-18,12,514,22,732,42,198,79,1,6,7,7,3,0,0,0,0,0,0,3,11,1,1587,20,0,0,0.047619047619047616,0.2857142857142857,0.3333333333333333,0.3333333333333333,1.5,2013,4
8461,1962,2,1,46102.0,2,1,2014-03-10,3,14,0,1,0,0,1,1,1,0,2,7,0,0,0,0,0,0,3,11,0,16,3,3,0,0.25,0.25,0.5,0.0,0.125,2014,3
6945,1952,2,0,84574.0,0,0,2013-06-04,72,387,20,713,38,54,163,1,9,11,11,5,0,0,0,0,0,0,3,11,0,1375,31,0,0,0.03125,0.28125,0.34375,0.34375,1.5,2013,6
944,1962,2,4,56181.0,0,1,2013-01-08,6,121,103,69,8,44,48,1,4,2,7,4,0,0,0,0,0,0,3,11,0,393,13,1,0,0.07142857142857142,0.2857142857142857,0.5,0.14285714285714285,0.8,2013,1
1907,1950,3,1,63120.0,0,1,2012-09-28,53,965,69,279,54,41,69,5,8,4,9,7,0,0,0,0,0,0,3,11,1,1477,21,1,0,0.22727272727272727,0.36363636363636365,0.4090909090909091,0.18181818181818182,1.0,2012,9
701,1971,2,4,73691.0,0,1,2013-11-06,58,707,21,250,85,43,73,2,6,2,8,2,1,0,0,0,0,0,3,11,0,1179,16,1,1,0.11764705882352941,0.35294117647058826,0.47058823529411764,0.11764705882352941,2.0,2013,11
3856,1960,2,4,63381.0,0,1,2012-10-05,78,571,50,142,33,50,159,4,4,5,13,2,0,0,0,0,0,0,3,11,0,1005,22,1,0,0.17391304347826086,0.17391304347826086,0.5652173913043478,0.21739130434782608,1.3333333333333333,2012,10
4149,1948,4,4,76140.0,0,0,2014-05-13,57,586,66,653,17,0,26,1,5,9,6,2,0,0,0,0,0,0,3,11,0,1348,20,0,0,0.047619047619047616,0.23809523809523808,0.2857142857142857,0.42857142857142855,1.6666666666666667,2014,5
2131,1959,4,1,62859.0,0,1,2012-12-30,37,1063,89,102,16,12,25,4,9,4,6,6,0,0,0,0,0,0,3,11,0,1307,19,1,0,0.2,0.45,0.3,0.2,1.2857142857142858,2012,12
2942,1964,2,0,45906.0,0,1,2013-05-07,20,305,3,27,4,3,144,2,5,4,4,5,1,0,0,0,0,0,3,11,0,486,13,1,1,0.14285714285714285,0.35714285714285715,0.2857142857142857,0.2857142857142857,0.8333333333333334,2013,5
1173,1947,3,4,77632.0,0,0,2013-03-10,73,1200,105,758,0,42,147,1,4,2,6,2,0,1,1,0,0,0,3,11,1,2252,12,0,2,0.07692307692307693,0.3076923076923077,0.46153846153846156,0.15384615384615385,1.3333333333333333,2013,3
4381,1971,4,4,46463.0,1,1,2013-08-18,56,163,2,40,8,11,11,7,3,1,6,6,0,0,0,0,0,0,3,11,0,235,10,2,0,0.6363636363636364,0.2727272727272727,0.5454545454545454,0.09090909090909091,0.42857142857142855,2013,8
4611,1970,2,4,105471.0,0,0,2013-01-21,36,1009,181,104,202,21,207,0,9,8,13,3,0,0,1,1,0,0,3,11,1,1724,30,0,2,0.0,0.2903225806451613,0.41935483870967744,0.25806451612903225,2.25,2013,1
3376,1970,3,1,55282.0,1,0,2013-12-13,9,125,6,73,8,4,19,1,3,1,6,4,0,0,0,0,0,0,3,11,0,235,10,1,0,0.09090909090909091,0.2727272727272727,0.5454545454545454,0.09090909090909091,0.6,2013,12
4679,1977,3,4,78710.0,0,1,2014-05-23,42,721,0,152,119,50,50,3,7,6,12,4,0,0,0,0,0,0,3,11,0,1092,25,1,0,0.11538461538461539,0.2692307692307692,0.46153846153846156,0.23076923076923078,1.4,2014,5
10928,1958,2,4,66886.0,0,1,2013-09-16,28,315,4,62,41,31,146,2,7,1,7,5,0,0,0,0,0,0,3,11,0,599,15,1,0,0.125,0.4375,0.4375,0.0625,1.1666666666666667,2013,9
4248,1960,3,0,98777.0,0,0,2014-02-17,23,1000,19,711,125,115,38,0,4,6,9,1,0,1,0,0,0,0,3,11,0,2008,19,0,1,0.0,0.2,0.45,0.3,2.0,2014,2
6728,1985,2,4,29103.0,1,0,2012-08-27,38,16,0,17,6,3,6,2,1,0,3,9,0,0,0,0,0,0,3,11,0,48,4,1,0,0.4,0.2,0.6,0.0,0.1,2012,8
6661,1974,2,4,67445.0,0,1,2012-08-12,63,757,80,217,29,80,11,5,9,6,12,6,0,0,0,0,0,0,3,11,0,1174,27,1,0,0.17857142857142858,0.32142857142857145,0.42857142857142855,0.21428571428571427,1.2857142857142858,2012,8
4725,1950,4,4,50616.0,0,1,2014-04-13,71,30,2,25,0,1,9,1,1,1,4,2,0,0,0,0,0,0,3,11,0,67,6,1,0,0.14285714285714285,0.14285714285714285,0.5714285714285714,0.14285714285714285,0.3333333333333333,2014,4
3277,1955,2,1,49431.0,0,1,2012-08-03,9,219,3,100,26,0,17,2,7,1,5,8,0,0,0,0,0,0,3,11,0,365,13,1,0,0.14285714285714285,0.5,0.35714285714285715,0.07142857142857142,0.7777777777777778,2012,8
5555,1975,2,1,153924.0,0,0,2014-02-07,81,1,1,1,1,1,1,0,0,0,0,0,0,0,0,0,0,0,3,11,0,6,0,0,0,0.0,0.0,0.0,0.0,0.0,2014,2
2564,1953,2,4,61278.0,0,1,2014-01-04,87,111,3,28,2,6,15,2,3,1,4,6,0,0,0,0,0,0,3,11,0,165,8,1,0,0.2222222222222222,0.3333333333333333,0.4444444444444444,0.1111111111111111,0.42857142857142855,2014,1
946,1958,1,4,26490.0,0,0,2012-09-22,92,45,47,52,21,20,25,2,3,1,5,6,0,0,0,0,0,0,3,11,0,210,9,0,0,0.2,0.3,0.5,0.1,0.42857142857142855,2012,9
3867,1947,4,4,73059.0,0,1,2013-08-31,36,410,112,420,0,82,71,1,9,3,13,4,0,0,0,0,0,0,3,11,0,1095,25,1,0,0.038461538461538464,0.34615384615384615,0.5,0.11538461538461539,1.8,2013,8
6940,1966,4,0,46734.0,1,2,2013-10-21,86,100,1,39,6,1,76,4,3,2,3,6,1,0,0,0,0,0,3,11,0,223,8,3,1,0.4444444444444444,0.3333333333333333,0.3333333333333333,0.2222222222222222,0.42857142857142855,2013,10
55,1963,2,4,56253.0,0,1,2012-12-07,83,509,0,65,7,11,5,4,7,2,9,6,0,0,0,0,0,0,3,11,0,597,18,1,0,0.21052631578947367,0.3684210526315789,0.47368421052631576,0.10526315789473684,1.0,2012,12
7093,1985,2,4,19986.0,1,0,2013-11-14,74,3,6,5,0,2,6,1,0,0,3,7,0,0,0,0,0,0,3,11,0,22,3,1,0,0.25,0.0,0.75,0.0,0.0,2013,11
5084,1975,2,2,58330.0,0,1,2013-12-25,87,445,53,213,104,98,151,1,6,4,13,4,0,0,0,0,0,0,3,11,0,1064,23,1,0,0.041666666666666664,0.25,0.5416666666666666,0.16666666666666666,1.2,2013,12
1777,1980,0,4,25965.0,0,0,2012-09-07,29,2,2,11,41,7,11,1,2,0,3,8,0,0,0,0,0,0,3,11,0,74,5,0,0,0.16666666666666666,0.3333333333333333,0.5,0.0,0.2222222222222222,2012,9
8162,1956,3,4,14661.0,0,0,2013-01-01,88,4,1,11,6,2,2,1,1,0,3,6,0,0,0,0,0,0,3,11,0,26,4,0,0,0.2,0.2,0.6,0.0,0.14285714285714285,2013,1
10826,1959,2,4,18690.0,0,0,2012-12-28,77,6,1,7,23,4,19,1,1,1,2,8,0,0,0,0,0,0,3,11,0,60,4,0,0,0.2,0.2,0.4,0.2,0.1111111111111111,2012,12
8754,1974,4,4,45068.0,0,1,2013-05-16,25,14,0,3,0,0,3,1,1,0,2,7,0,0,0,0,0,0,3,11,0,20,3,1,0,0.25,0.25,0.5,0.0,0.125,2013,5
1987,1987,0,0,21063.0,1,0,2013-09-25,34,1,10,11,19,3,15,2,2,0,3,6,0,0,0,0,0,0,3,11,0,59,5,1,0,0.3333333333333333,0.3333333333333333,0.5,0.0,0.2857142857142857,2013,9
11007,1968,4,4,29187.0,1,0,2013-05-09,43,26,0,6,0,0,2,1,1,0,3,8,0,0,0,0,0,0,3,11,0,34,4,1,0,0.2,0.2,0.6,0.0,0.1111111111111111,2013,5
7426,1971,1,4,54690.0,1,1,2013-11-07,76,111,16,37,7,9,18,3,3,1,5,3,0,0,0,0,0,0,3,11,0,198,9,2,0,0.3,0.3,0.5,0.1,0.75,2013,11
9153,1964,4,4,59304.0,0,1,2013-07-29,81,418,61,428,80,51,10,3,7,8,10,5,0,0,0,0,0,0,3,11,0,1048,25,1,0,0.11538461538461539,0.2692307692307692,0.38461538461538464,0.3076923076923077,1.1666666666666667,2013,7
10379,1962,3,0,59247.0,0,2,2013-11-08,87,327,9,122,19,14,83,5,5,2,9,6,0,0,0,0,0,0,3,11,0,574,16,2,0,0.29411764705882354,0.29411764705882354,0.5294117647058824,0.11764705882352941,0.7142857142857143,2013,11
9204,1970,2,2,66731.0,0,1,2012-09-12,33,371,159,194,58,106,141,4,4,3,6,3,0,0,0,0,0,0,3,11,0,1029,13,1,0,0.2857142857142857,0.2857142857142857,0.42857142857142855,0.21428571428571427,1.0,2012,9
3197,1980,2,4,77353.0,0,1,2013-12-16,38,275,59,107,69,101,59,2,6,4,8,4,0,0,0,0,0,0,3,11,0,670,18,1,0,0.10526315789473684,0.3157894736842105,0.42105263157894735,0.21052631578947367,1.2,2013,12
2920,1975,4,0,52614.0,0,1,2012-12-01,63,789,0,142,12,9,38,2,2,4,8,8,0,0,0,0,0,0,3,11,0,990,14,1,0,0.13333333333333333,0.13333333333333333,0.5333333333333333,0.26666666666666666,0.2222222222222222,2012,12
6961,1974,2,4,26751.0,2,0,2014-05-22,26,1,1,5,0,3,1,1,1,0,2,8,0,0,0,0,0,0,3,11,0,11,3,2,0,0.25,0.25,0.5,0.0,0.1111111111111111,2014,5
4673,1963,4,4,81300.0,0,1,2012-10-30,17,1004,12,145,32,12,36,3,10,3,5,5,0,0,0,1,0,0,3,11,1,1241,18,1,1,0.15789473684210525,0.5263157894736842,0.2631578947368421,0.15789473684210525,1.6666666666666667,2012,10
9937,1979,2,0,70337.0,0,0,2014-01-02,75,187,81,149,25,43,91,1,2,2,12,1,0,0,0,0,0,0,3,11,0,576,16,0,0,0.058823529411764705,0.11764705882352941,0.7058823529411765,0.11764705882352941,1.0,2014,1
8779,1985,1,4,36145.0,1,0,2013-06-16,13,56,4,76,17,1,18,4,4,1,3,9,1,0,0,0,0,0,3,11,1,172,8,1,1,0.4444444444444444,0.4444444444444444,0.3333333333333333,0.1111111111111111,0.4,2013,6
9596,1980,4,0,65295.0,0,0,2013-12-23,19,365,32,117,34,110,6,1,3,3,13,2,0,0,0,0,0,0,3,11,0,664,19,0,0,0.05,0.15,0.65,0.15,1.0,2013,12
2891,1963,2,1,68118.0,0,1,2013-10-18,51,595,23,123,10,23,154,2,8,9,4,6,0,0,0,0,0,0,3,11,0,928,21,1,0,0.09090909090909091,0.36363636363636365,0.18181818181818182,0.4090909090909091,1.1428571428571428,2013,10
4910,1967,2,1,68743.0,0,0,2012-08-30,81,1132,134,384,175,134,115,1,11,5,13,7,0,0,0,0,0,0,3,11,0,2074,29,0,0,0.03333333333333333,0.36666666666666664,0.43333333333333335,0.16666666666666666,1.375,2012,8
75,1982,1,4,41039.0,0,0,2013-07-25,32,34,11,137,179,61,45,1,8,1,5,8,0,0,0,0,0,0,3,11,0,467,14,0,0,0.06666666666666667,0.5333333333333333,0.3333333333333333,0.06666666666666667,0.8888888888888888,2013,7
10120,1955,2,4,38946.0,0,1,2013-10-24,84,116,6,82,6,6,41,2,3,1,6,5,0,0,0,0,0,0,3,11,0,257,10,1,0,0.18181818181818182,0.2727272727272727,0.5454545454545454,0.09090909090909091,0.5,2013,10
6327,1967,2,4,65777.0,0,0,2013-12-19,87,565,32,435,28,32,54,1,2,8,6,1,0,0,0,0,0,0,3,11,0,1146,16,0,0,0.058823529411764705,0.11764705882352941,0.35294117647058826,0.47058823529411764,1.0,2013,12
10142,1976,4,1,66476.0,0,1,2013-03-07,99,372,18,126,47,48,78,2,5,2,11,4,0,0,0,0,0,0,3,11,0,689,18,1,0,0.10526315789473684,0.2631578947368421,0.5789473684210527,0.10526315789473684,1.0,2013,3
9826,1972,4,0,86857.0,0,0,2012-09-12,96,899,102,838,133,102,40,1,5,6,10,2,0,0,0,0,0,0,3,11,1,2114,21,0,0,0.045454545454545456,0.22727272727272727,0.45454545454545453,0.2727272727272727,1.6666666666666667,2012,9
1501,1982,4,4,160803.0,0,0,2012-08-04,21,55,16,1622,17,3,4,15,0,28,1,0,0,0,0,0,0,0,3,11,0,1717,29,0,0,0.5,0.0,0.03333333333333333,0.9333333333333333,0.0,2012,8
10767,1989,4,4,77845.0,0,0,2014-05-16,40,760,40,480,0,40,26,1,3,5,12,1,0,0,1,1,0,0,3,11,0,1346,20,0,2,0.047619047619047616,0.14285714285714285,0.5714285714285714,0.23809523809523808,1.5,2014,5
7279,1969,4,4,69476.0,0,0,2013-09-30,3,260,86,559,63,9,67,1,4,6,4,2,0,0,0,0,0,0,3,11,0,1044,14,0,0,0.06666666666666667,0.26666666666666666,0.26666666666666666,0.4,1.3333333333333333,2013,9
7230,1960,4,1,50611.0,0,1,2012-10-04,98,459,0,24,6,0,4,6,4,5,7,6,0,1,0,0,0,0,3,11,1,493,16,1,1,0.35294117647058826,0.23529411764705882,0.4117647058823529,0.29411764705882354,0.5714285714285714,2012,10
143,1970,2,0,61209.0,0,0,2013-08-25,73,466,0,224,119,49,99,1,5,3,4,2,0,0,0,0,0,0,3,11,0,957,12,0,0,0.07692307692307693,0.38461538461538464,0.3076923076923077,0.23076923076923078,1.6666666666666667,2013,8
450,1958,3,4,42315.0,0,1,2013-07-12,90,67,15,80,17,11,80,3,1,4,4,3,0,0,0,0,0,0,3,11,0,270,9,1,0,0.3,0.1,0.4,0.4,0.25,2013,7
9316,1952,0,4,13084.0,0,0,2013-11-02,29,2,0,7,3,7,10,1,1,0,3,6,0,0,0,0,0,0,3,11,0,29,4,0,0,0.2,0.2,0.6,0.0,0.14285714285714285,2013,11
6379,1949,3,2,47570.0,1,1,2013-05-29,3,67,1,20,0,2,31,3,2,2,2,7,0,0,0,0,0,0,3,11,1,121,6,2,0,0.42857142857142855,0.2857142857142857,0.2857142857142857,0.2857142857142857,0.25,2013,5
9239,1961,3,4,61923.0,0,2,2013-07-26,94,92,4,18,3,3,6,1,2,1,4,3,0,0,0,0,0,0,3,11,0,126,7,2,0,0.125,0.25,0.5,0.125,0.5,2013,7
8315,1995,2,0,34824.0,0,0,2014-03-26,65,4,2,11,2,0,4,1,1,0,2,6,0,0,0,0,0,0,3,11,0,23,3,0,0,0.25,0.25,0.5,0.0,0.14285714285714285,2014,3
2868,1949,4,0,26518.0,1,1,2013-04-08,33,20,1,28,3,3,2,3,2,0,3,8,0,0,0,0,0,0,3,11,1,57,5,2,0,0.5,0.3333333333333333,0.5,0.0,0.2222222222222222,2013,4
10888,1961,2,0,45938.0,0,0,2013-11-03,46,273,11,178,62,83,29,2,8,4,6,6,0,0,0,0,0,0,3,11,0,636,18,0,0,0.10526315789473684,0.42105263157894735,0.3157894736842105,0.21052631578947367,1.1428571428571428,2013,11
1277,1960,2,4,78468.0,0,0,2014-04-09,29,434,22,388,104,22,34,1,10,7,10,4,0,0,0,1,0,0,3,11,0,1004,27,0,1,0.03571428571428571,0.35714285714285715,0.35714285714285715,0.25,2.0,2014,4
9977,1973,2,1,78901.0,0,1,2013-09-17,99,321,11,309,33,26,34,3,9,3,5,4,0,0,0,0,0,0,3,11,0,734,17,1,0,0.16666666666666666,0.5,0.2777777777777778,0.16666666666666666,1.8,2013,9
10196,1978,2,4,71427.0,2,0,2014-03-12,26,212,123,177,15,64,23,2,8,2,8,4,0,0,0,0,0,0,3,11,0,614,18,2,0,0.10526315789473684,0.42105263157894735,0.42105263157894735,0.10526315789473684,1.6,2014,3
6384,1978,2,1,71022.0,0,1,2014-02-11,30,909,12,278,0,12,242,3,5,2,11,8,1,0,0,0,0,0,3,11,0,1453,18,1,1,0.15789473684210525,0.2631578947368421,0.5789473684210527,0.10526315789473684,0.5555555555555556,2014,2
8029,1988,3,0,90247.0,0,0,2014-04-29,27,1184,32,352,21,16,16,1,3,4,7,1,0,1,1,1,0,0,3,11,1,1621,14,0,3,0.06666666666666667,0.2,0.4666666666666667,0.26666666666666666,1.5,2014,4
968,1968,3,1,41335.0,1,0,2013-12-26,24,112,19,21,16,14,5,3,4,1,4,7,0,0,0,0,0,0,3,11,0,187,9,1,0,0.3,0.4,0.4,0.1,0.5,2013,12
6988,1986,2,4,71952.0,1,0,2013-01-10,93,656,80,455,52,107,93,2,8,4,8,4,1,0,1,0,0,0,3,11,0,1443,20,1,2,0.09523809523809523,0.38095238095238093,0.38095238095238093,0.19047619047619047,1.6,2013,1
4472,1970,4,1,35682.0,1,0,2014-06-27,34,23,0,8,6,2,18,1,1,1,3,2,0,0,0,0,0,0,3,11,0,57,5,1,0,0.16666666666666666,0.16666666666666666,0.5,0.16666666666666666,0.3333333333333333,2014,6
6991,1951,2,1,43185.0,0,1,2013-04-10,88,537,6,42,16,6,30,2,9,3,6,8,0,0,0,0,0,0,3,11,0,637,18,1,0,0.10526315789473684,0.47368421052631576,0.3157894736842105,0.15789473684210525,1.0,2013,4
3336,1948,4,4,66375.0,0,1,2013-11-21,96,712,0,45,0,0,191,3,2,4,5,7,1,0,0,0,0,0,3,11,0,948,11,1,1,0.25,0.16666666666666666,0.4166666666666667,0.3333333333333333,0.25,2013,11
4301,1971,3,4,35178.0,1,0,2013-01-10,10,23,1,13,2,2,18,1,1,1,2,7,1,0,0,0,0,0,3,11,1,59,4,1,1,0.2,0.2,0.4,0.2,0.125,2013,1
1940,1986,2,4,25252.0,1,0,2013-07-12,26,1,3,4,2,2,6,1,1,0,2,8,0,0,0,0,0,0,3,11,0,18,3,1,0,0.25,0.25,0.5,0.0,0.1111111111111111,2013,7
1272,1965,3,0,55250.0,0,1,2012-10-21,49,664,58,83,32,0,66,4,7,5,10,5,0,0,0,0,0,0,3,11,0,903,22,1,0,0.17391304347826086,0.30434782608695654,0.43478260869565216,0.21739130434782608,1.1666666666666667,2012,10
1388,1975,2,0,33249.0,1,0,2013-02-20,11,6,10,21,19,14,42,2,2,1,3,6,0,0,0,0,0,0,3,11,0,112,6,1,0,0.2857142857142857,0.2857142857142857,0.42857142857142855,0.14285714285714285,0.2857142857142857,2013,2
1044,1953,2,4,58398.0,0,0,2013-05-14,44,299,5,201,21,21,49,3,5,4,8,4,0,0,0,0,0,0,3,11,0,596,17,0,0,0.16666666666666666,0.2777777777777778,0.4444444444444444,0.2222222222222222,1.0,2013,5
6969,1982,2,4,50272.0,1,0,2013-08-07,75,99,13,66,43,8,4,3,4,1,5,7,0,0,0,0,0,0,3,11,0,233,10,1,0,0.2727272727272727,0.36363636363636365,0.45454545454545453,0.09090909090909091,0.5,2013,8
10479,1975,4,4,76618.0,0,0,2012-12-07,64,749,40,294,121,160,147,1,3,2,5,1,0,0,0,0,0,0,3,11,0,1511,10,0,0,0.09090909090909091,0.2727272727272727,0.45454545454545453,0.18181818181818182,1.5,2012,12
3619,1960,1,1,87305.0,0,0,2012-09-23,19,345,25,501,63,138,80,1,5,3,8,2,0,0,1,0,0,0,3,11,1,1152,16,0,1,0.058823529411764705,0.29411764705882354,0.47058823529411764,0.17647058823529413,1.6666666666666667,2012,9
1715,1978,2,4,25851.0,1,0,2013-02-11,45,9,4,18,7,5,5,2,2,0,3,7,0,0,0,0,0,0,3,11,0,48,5,1,0,0.3333333333333333,0.3333333333333333,0.5,0.0,0.25,2013,2
10159,1970,2,1,58710.0,0,1,2013-03-31,77,440,81,368,0,122,174,6,11,5,9,6,0,0,0,0,0,0,3,11,0,1185,25,1,0,0.23076923076923078,0.4230769230769231,0.34615384615384615,0.19230769230769232,1.5714285714285714,2013,3
1463,1958,2,0,45160.0,1,1,2014-03-29,9,8,2,5,3,0,3,1,1,0,2,7,0,0,0,0,0,0,3,11,0,21,3,2,0,0.25,0.25,0.5,0.0,0.125,2014,3
5114,1965,3,4,74806.0,0,1,2012-12-19,1,670,9,249,0,28,9,2,5,4,5,4,0,0,0,0,0,0,3,11,0,965,14,1,0,0.13333333333333333,0.3333333333333333,0.3333333333333333,0.26666666666666666,1.0,2012,12
4990,1954,2,4,59111.0,0,0,2013-05-02,90,524,0,134,28,28,155,1,11,1,8,7,0,0,0,0,0,0,3,11,0,869,20,0,0,0.047619047619047616,0.5238095238095238,0.38095238095238093,0.047619047619047616,1.375,2013,5
4329,1984,4,4,18988.0,1,0,2014-05-23,43,6,0,6,2,1,1,2,1,0,3,7,0,0,0,0,0,0,3,11,0,16,4,1,0,0.4,0.2,0.6,0.0,0.125,2014,5
10936,1965,2,4,72190.0,0,0,2013-02-13,79,597,166,597,172,166,249,1,5,6,4,3,0,0,0,0,0,0,3,11,0,1947,15,0,0,0.0625,0.3125,0.25,0.375,1.25,2013,2
4692,1976,2,4,7500.0,1,0,2012-08-01,19,7,0,12,13,7,32,5,4,1,2,9,1,0,0,0,0,0,3,11,1,71,7,1,1,0.625,0.5,0.25,0.125,0.4,2012,8
7212,1966,2,4,44794.0,0,1,2014-06-08,99,54,0,7,0,0,4,1,2,0,3,6,0,0,0,0,0,0,3,11,0,65,5,1,0,0.16666666666666666,0.3333333333333333,0.5,0.0,0.2857142857142857,2014,6
6086,1955,2,4,80395.0,0,0,2013-11-23,62,445,25,706,80,76,48,1,6,5,12,2,0,0,0,1,0,0,3,11,0,1380,23,0,1,0.041666666666666664,0.25,0.5,0.20833333333333334,2.0,2013,11
437,1976,3,1,75012.0,0,0,2014-01-25,41,294,142,218,164,58,151,1,3,8,11,1,0,0,0,0,0,0,3,11,0,1027,22,0,0,0.043478260869565216,0.13043478260869565,0.4782608695652174,0.34782608695652173,1.5,2014,1
11171,1965,3,4,56962.0,2,1,2013-10-11,60,292,3,77,10,3,26,7,6,3,5,7,0,0,0,0,0,0,3,11,0,411,14,3,0,0.4666666666666667,0.4,0.3333333333333333,0.2,0.75,2013,10
11101,1991,2,4,89891.0,0,0,2013-04-15,17,412,22,132,59,28,183,1,11,6,8,4,0,0,1,0,0,0,3,11,0,836,25,0,1,0.038461538461538464,0.4230769230769231,0.3076923076923077,0.23076923076923078,2.2,2013,4
5329,1949,4,1,35946.0,1,1,2013-09-27,24,8,0,3,0,0,0,1,0,0,3,5,0,0,0,0,0,0,3,11,0,11,3,2,0,0.25,0.0,0.75,0.0,0.0,2013,9
610,1953,4,4,53593.0,1,1,2012-08-07,60,349,4,78,6,0,43,8,7,2,6,8,0,0,0,0,0,0,3,11,0,480,15,2,0,0.5,0.4375,0.375,0.125,0.7777777777777778,2012,8
9384,1978,2,4,66373.0,1,1,2013-06-12,57,328,9,124,12,24,109,7,4,2,10,3,0,0,0,0,0,0,3,11,0,606,16,2,0,0.4117647058823529,0.23529411764705882,0.5882352941176471,0.11764705882352941,1.0,2013,6
5956,1948,4,1,45072.0,1,2,2013-10-16,74,144,2,99,7,2,30,5,6,1,4,8,0,0,0,0,0,0,3,11,0,284,11,3,0,0.4166666666666667,0.5,0.3333333333333333,0.08333333333333333,0.6666666666666666,2013,10
10430,1973,2,1,89694.0,1,1,2013-10-09,22,1126,28,211,37,28,42,3,4,3,4,5,0,1,1,1,0,0,3,11,0,1472,11,2,3,0.25,0.3333333333333333,0.3333333333333333,0.25,0.6666666666666666,2013,10
7875,1949,2,4,72025.0,0,0,2014-04-29,46,967,0,617,43,50,0,1,4,8,13,2,0,1,1,1,0,0,3,11,1,1677,25,0,3,0.038461538461538464,0.15384615384615385,0.5,0.3076923076923077,1.3333333333333333,2014,4
7072,1973,2,4,67432.0,0,1,2013-03-29,69,432,79,341,177,136,170,2,8,5,4,4,0,0,0,0,0,0,3,11,0,1335,17,1,0,0.1111111111111111,0.4444444444444444,0.2222222222222222,0.2777777777777778,1.6,2013,3
6255,1952,3,4,70545.0,0,1,2014-06-03,29,138,39,63,55,18,21,1,4,1,7,2,0,0,0,0,0,0,3,11,0,334,12,1,0,0.07692307692307693,0.3076923076923077,0.5384615384615384,0.07692307692307693,1.3333333333333333,2014,6
6516,1989,0,4,17487.0,1,0,2013-03-18,37,0,0,1,7,4,6,1,1,0,2,7,0,0,0,0,0,0,3,11,0,18,3,1,0,0.25,0.25,0.5,0.0,0.125,2013,3
5564,1969,2,4,62882.0,0,1,2012-08-09,26,509,133,497,78,24,97,2,7,5,6,4,0,0,0,0,0,0,3,11,0,1338,18,1,0,0.10526315789473684,0.3684210526315789,0.3157894736842105,0.2631578947368421,1.4,2012,8
5682,1953,4,0,64108.0,0,1,2013-03-23,8,948,10,86,13,21,21,4,6,9,11,5,0,0,0,0,0,0,3,11,0,1099,26,1,0,0.14814814814814814,0.2222222222222222,0.4074074074074074,0.3333333333333333,1.0,2013,3
7458,1956,3,4,34941.0,1,1,2013-03-06,26,39,2,25,4,3,24,2,3,0,3,8,0,0,0,0,0,0,3,11,0,97,6,2,0,0.2857142857142857,0.42857142857142855,0.42857142857142855,0.0,0.3333333333333333,2013,3
5237,1950,4,0,48767.0,1,2,2014-01-01,79,28,1,21,3,0,10,3,2,1,3,5,0,0,0,0,0,0,3,11,0,63,6,3,0,0.42857142857142855,0.2857142857142857,0.42857142857142855,0.14285714285714285,0.3333333333333333,2014,1
7761,1978,1,4,38702.0,1,0,2013-08-01,71,13,11,24,13,8,40,2,3,0,4,6,0,0,0,0,0,0,3,11,0,109,7,1,0,0.25,0.375,0.5,0.0,0.42857142857142855,2013,8
5278,1964,2,4,82224.0,0,0,2014-01-25,83,307,26,360,138,31,40,1,6,9,5,3,0,0,0,1,0,0,3,11,0,902,20,0,1,0.047619047619047616,0.2857142857142857,0.23809523809523808,0.42857142857142855,1.5,2014,1
3560,1952,2,4,83844.0,0,0,2013-05-12,57,901,31,345,75,31,191,1,4,4,11,1,0,0,1,0,0,0,3,11,0,1574,19,0,1,0.05,0.2,0.55,0.2,2.0,2013,5
7235,1975,1,4,17003.0,1,0,2013-12-09,37,2,5,12,4,8,7,3,2,0,4,5,0,0,0,0,0,0,3,11,0,38,6,1,0,0.42857142857142855,0.2857142857142857,0.5714285714285714,0.0,0.3333333333333333,2013,12
10548,1995,2,0,71163.0,0,0,2014-03-09,30,283,17,372,138,106,44,1,3,8,12,1,0,0,0,0,0,0,3,11,0,960,23,0,0,0.041666666666666664,0.125,0.5,0.3333333333333333,1.5,2014,3
2281,1970,2,0,33697.0,1,0,2013-09-15,34,4,3,7,0,3,11,1,1,0,2,7,1,0,0,0,0,0,3,11,0,28,3,1,1,0.25,0.25,0.5,0.0,0.125,2013,9
4073,1954,1,4,63564.0,0,0,2014-01-29,0,769,80,252,15,34,65,1,10,10,7,6,1,0,0,0,0,0,3,11,1,1215,27,0,1,0.03571428571428571,0.35714285714285715,0.25,0.35714285714285715,1.4285714285714286,2014,1
6974,1972,4,4,83443.0,0,0,2013-12-31,89,518,42,742,55,56,84,1,6,10,5,2,0,0,0,0,0,0,3,11,0,1497,21,0,0,0.045454545454545456,0.2727272727272727,0.22727272727272727,0.45454545454545453,2.0,2013,12
7938,1958,4,4,51518.0,0,1,2013-10-03,92,350,8,66,17,4,4,2,3,2,10,3,0,0,0,0,0,0,3,11,0,449,15,1,0,0.125,0.1875,0.625,0.125,0.75,2013,10
7094,1975,2,2,58330.0,0,1,2013-12-25,87,445,53,213,104,98,151,1,6,4,13,4,0,0,0,0,0,0,3,11,0,1064,23,1,0,0.041666666666666664,0.25,0.5416666666666666,0.16666666666666666,1.2,2013,12
3667,1969,2,4,80952.0,0,0,2013-02-28,20,778,178,689,41,27,44,1,8,5,11,8,0,1,1,1,0,0,3,11,1,1757,24,0,3,0.04,0.32,0.44,0.2,0.8888888888888888,2013,2
7723,1979,2,4,75507.0,0,0,2014-05-02,56,709,93,374,104,80,80,1,8,6,6,3,0,0,0,0,0,0,3,11,0,1440,20,0,0,0.047619047619047616,0.38095238095238093,0.2857142857142857,0.2857142857142857,2.0,2014,5
3870,1978,1,4,63855.0,0,0,2013-02-09,28,359,35,314,93,116,89,1,7,3,13,4,0,0,0,0,0,0,3,11,0,1006,23,0,0,0.041666666666666664,0.2916666666666667,0.5416666666666666,0.125,1.4,2013,2
4012,1972,4,4,62220.0,0,1,2012-08-11,55,799,12,375,16,12,12,5,7,6,5,6,0,0,0,0,0,0,3,11,1,1226,18,1,0,0.2631578947368421,0.3684210526315789,0.2631578947368421,0.3157894736842105,1.0,2012,8
5909,1964,2,4,58512.0,0,1,2013-09-19,25,895,10,101,13,0,152,5,3,4,8,8,0,0,0,0,0,0,3,11,0,1171,15,1,0,0.3125,0.1875,0.5,0.25,0.3333333333333333,2013,9
10470,1979,3,4,40662.0,1,0,2013-03-15,0,40,2,23,0,4,23,2,2,1,3,4,0,0,0,0,0,0,3,11,0,92,6,1,0,0.2857142857142857,0.2857142857142857,0.42857142857142855,0.14285714285714285,0.4,2013,3
6488,1959,4,4,38829.0,0,1,2014-04-06,86,76,0,7,0,0,16,1,3,2,2,5,0,0,0,0,0,0,3,11,0,99,7,1,0,0.125,0.375,0.25,0.25,0.5,2014,4
10270,1981,1,4,35523.0,1,0,2013-10-03,8,11,5,22,12,5,11,2,3,0,3,7,0,0,0,0,0,0,3,11,0,66,6,1,0,0.2857142857142857,0.42857142857142855,0.42857142857142855,0.0,0.375,2013,10
6887,1967,2,0,79146.0,1,1,2014-04-24,33,245,16,223,21,43,16,2,8,1,8,6,0,0,0,0,0,0,3,11,0,564,17,2,0,0.1111111111111111,0.4444444444444444,0.4444444444444444,0.05555555555555555,1.1428571428571428,2014,4
6406,1988,3,4,78285.0,0,0,2013-10-28,13,647,107,391,175,67,40,1,6,4,10,3,0,0,0,0,0,0,3,11,0,1427,20,0,0,0.047619047619047616,0.2857142857142857,0.47619047619047616,0.19047619047619047,1.5,2013,10
7573,1978,4,0,31626.0,1,0,2013-05-10,12,39,1,9,2,1,34,1,2,1,2,7,1,0,0,0,0,0,3,11,1,86,5,1,1,0.16666666666666666,0.3333333333333333,0.3333333333333333,0.16666666666666666,0.25,2013,5
4508,1952,2,0,75127.0,0,0,2014-05-22,92,203,35,305,46,17,227,1,2,11,5,1,0,0,0,0,0,0,3,11,0,833,18,0,0,0.05263157894736842,0.10526315789473684,0.2631578947368421,0.5789473684210527,1.0,2014,5
221,1955,2,4,48726.0,0,1,2013-04-27,90,138,3,38,4,0,59,3,3,2,4,6,0,0,0,0,0,0,3,11,0,242,9,1,0,0.3,0.3,0.4,0.2,0.42857142857142855,2013,4
5331,1977,2,4,74985.0,0,0,2012-09-11,8,587,51,898,247,0,86,1,3,6,7,2,0,0,0,0,0,0,3,11,0,1869,16,0,0,0.058823529411764705,0.17647058823529413,0.4117647058823529,0.35294117647058826,1.0,2012,9
1911,1987,2,4,67430.0,0,0,2012-09-05,6,595,97,291,127,133,121,1,11,5,12,6,0,0,0,0,0,0,3,11,0,1364,28,0,0,0.034482758620689655,0.3793103448275862,0.41379310344827586,0.1724137931034483,1.5714285714285714,2012,9
20,1965,1,4,46891.0,0,1,2013-09-01,91,43,12,23,29,15,61,1,2,1,4,4,0,0,0,0,0,0,3,11,0,183,7,1,0,0.125,0.25,0.5,0.125,0.4,2013,9
8786,1956,3,4,62058.0,0,1,2013-05-26,52,301,7,74,10,0,58,4,6,1,7,6,0,0,0,0,0,0,3,11,0,450,14,1,0,0.26666666666666666,0.4,0.4666666666666667,0.06666666666666667,0.8571428571428571,2013,5
10582,1979,2,4,72063.0,0,1,2013-07-03,3,180,32,348,76,32,90,2,5,2,12,2,0,0,0,0,0,0,3,11,0,758,19,1,0,0.1,0.25,0.6,0.1,1.6666666666666667,2013,7
1915,1951,4,4,78939.0,0,0,2013-12-12,57,794,115,243,150,0,205,1,8,5,6,3,0,0,0,0,0,0,3,11,0,1507,19,0,0,0.05,0.4,0.3,0.25,2.0,2013,12
8897,1965,2,0,42720.0,1,1,2013-04-24,9,392,5,91,28,26,112,8,7,3,7,8,0,0,0,0,0,0,3,11,1,654,17,2,0,0.4444444444444444,0.3888888888888889,0.3888888888888889,0.16666666666666666,0.7777777777777778,2013,4
2371,1972,2,4,33622.0,1,1,2013-04-13,22,39,1,22,3,4,12,3,2,0,4,7,0,0,0,0,0,0,3,11,0,81,6,2,0,0.42857142857142855,0.2857142857142857,0.5714285714285714,0.0,0.25,2013,4
4303,1957,4,4,6835.0,0,1,2012-12-08,76,107,2,12,2,2,12,0,0,0,1,20,0,0,0,0,0,0,3,11,0,137,1,1,0,0.0,0.0,0.5,0.0,0.0,2012,12
6825,1953,2,4,41452.0,1,1,2013-03-06,86,13,0,3,0,0,0,1,1,0,2,7,0,0,0,0,0,0,3,11,0,16,3,2,0,0.25,0.25,0.5,0.0,0.125,2013,3
1072,1965,4,0,40760.0,0,1,2013-08-30,64,70,0,17,0,0,6,2,2,1,3,6,0,0,0,0,0,0,3,11,0,93,6,1,0,0.2857142857142857,0.2857142857142857,0.42857142857142855,0.14285714285714285,0.2857142857142857,2013,8
4964,1958,4,4,74250.0,0,0,2014-01-26,90,680,11,392,75,0,0,1,2,11,4,1,0,0,0,0,0,0,3,11,0,1158,17,0,0,0.05555555555555555,0.1111111111111111,0.2222222222222222,0.6111111111111112,1.0,2014,1
2461,1955,3,0,51124.0,1,1,2013-12-18,79,26,1,11,0,1,4,2,1,0,3,3,0,0,0,0,0,0,3,11,0,43,4,2,0,0.4,0.2,0.6,0.0,0.25,2013,12
10736,1971,2,0,72258.0,0,1,2013-09-12,28,522,0,522,227,120,134,2,6,9,5,2,0,0,0,0,0,0,3,11,0,1525,20,1,0,0.09523809523809523,0.2857142857142857,0.23809523809523808,0.42857142857142855,2.0,2013,9
3194,1974,4,0,71466.0,0,0,2014-04-05,86,412,12,546,78,182,0,1,4,4,10,1,0,0,0,0,0,0,3,11,0,1230,18,0,0,0.05263157894736842,0.21052631578947367,0.5263157894736842,0.21052631578947367,2.0,2014,4
10839,1976,2,4,36283.0,1,1,2014-04-14,42,6,5,5,8,0,5,2,1,0,3,4,0,0,0,0,0,0,3,11,0,29,4,2,0,0.4,0.2,0.6,0.0,0.2,2014,4
49,1970,2,0,20587.0,1,0,2014-05-11,39,2,3,6,4,1,9,1,1,1,2,7,0,0,0,0,0,0,3,11,0,25,4,1,0,0.2,0.2,0.4,0.2,0.125,2014,5
4290,1972,2,4,30467.0,1,0,2014-03-19,8,1,3,8,2,5,5,1,1,0,2,7,0,0,0,0,0,0,3,11,0,24,3,1,0,0.25,0.25,0.5,0.0,0.125,2014,3
10219,1972,2,4,31590.0,1,0,2013-06-18,40,6,2,15,6,6,3,1,1,0,3,8,0,0,0,0,0,0,3,11,0,38,4,1,0,0.2,0.2,0.6,0.0,0.1111111111111111,2013,6
4211,1986,0,4,20425.0,1,0,2012-10-29,5,4,12,5,3,16,17,2,2,0,3,7,0,0,0,0,0,0,3,11,0,57,5,1,0,0.3333333333333333,0.3333333333333333,0.5,0.0,0.25,2012,10
1135,1960,3,4,17144.0,1,1,2014-02-15,96,18,2,19,0,2,6,5,3,0,4,7,0,0,0,0,0,0,3,11,0,47,7,2,0,0.625,0.375,0.5,0.0,0.375,2014,2
6299,1968,4,1,42564.0,0,1,2013-01-02,28,324,48,186,39,18,198,6,6,8,4,7,1,0,0,0,0,0,3,11,1,813,18,1,1,0.3157894736842105,0.3157894736842105,0.21052631578947367,0.42105263157894735,0.75,2013,1
10846,1978,3,4,43783.0,1,0,2014-05-29,22,327,9,125,25,4,139,6,7,1,8,7,1,0,0,0,0,0,3,11,0,629,16,1,1,0.35294117647058826,0.4117647058823529,0.47058823529411764,0.058823529411764705,0.875,2014,5
347,1976,2,1,40780.0,0,1,2012-09-08,30,229,27,71,13,3,34,4,7,1,5,9,0,0,0,0,0,0,3,11,0,377,13,1,0,0.2857142857142857,0.5,0.35714285714285715,0.07142857142857142,0.7,2012,9
6543,1945,3,4,62847.0,0,0,2013-01-15,45,521,168,706,80,76,61,1,3,6,4,2,0,0,0,0,0,0,3,11,0,1612,13,0,0,0.07142857142857142,0.21428571428571427,0.2857142857142857,0.42857142857142855,1.0,2013,1
10446,1957,4,4,82017.0,0,0,2012-11-07,58,184,23,446,30,23,23,1,5,4,7,2,0,1,1,1,0,0,3,11,1,729,16,0,3,0.058823529411764705,0.29411764705882354,0.4117647058823529,0.23529411764705882,1.6666666666666667,2012,11
3479,1950,2,0,16813.0,0,0,2013-07-19,49,4,8,11,12,2,13,1,2,0,3,7,1,0,0,0,0,0,3,11,0,50,5,0,1,0.16666666666666666,0.3333333333333333,0.5,0.0,0.25,2013,7
11075,1978,2,4,51267.0,1,1,2013-10-29,37,183,2,64,7,2,12,4,3,3,5,4,0,0,0,0,0,0,3,11,0,270,11,2,0,0.3333333333333333,0.25,0.4166666666666667,0.25,0.6,2013,10
4442,1961,2,0,46524.0,0,1,2013-04-05,70,31,19,35,26,14,52,2,1,1,5,3,0,0,0,0,0,0,3,11,0,177,7,1,0,0.25,0.125,0.625,0.125,0.25,2013,4
199,1962,3,0,45183.0,0,0,2013-01-20,33,219,3,60,12,9,12,1,4,1,7,7,0,1,0,0,0,0,3,11,0,315,12,0,1,0.07692307692307693,0.3076923076923077,0.5384615384615384,0.07692307692307693,0.5,2013,1
6722,1954,4,4,70421.0,0,1,2014-06-28,98,479,28,136,75,14,35,3,10,3,7,6,0,0,0,0,0,0,3,11,0,767,20,1,0,0.14285714285714285,0.47619047619047616,0.3333333333333333,0.14285714285714285,1.4285714285714286,2014,6
796,1965,1,1,60161.0,0,1,2012-10-23,17,584,44,212,46,8,177,3,11,4,8,8,0,0,0,0,0,0,3,11,0,1071,23,1,0,0.125,0.4583333333333333,0.3333333333333333,0.16666666666666666,1.2222222222222223,2012,10
3749,1973,2,4,73926.0,0,0,2013-03-02,54,627,91,597,159,91,15,1,6,5,12,3,0,0,0,0,0,0,3,11,0,1580,23,0,0,0.041666666666666664,0.25,0.5,0.20833333333333334,1.5,2013,3
8523,1968,2,4,19329.0,1,0,2013-12-14,39,24,1,16,12,2,5,3,4,0,3,8,0,0,0,0,0,0,3,11,0,60,7,1,0,0.375,0.5,0.375,0.0,0.4444444444444444,2013,12
310,1970,3,4,61872.0,0,1,2013-12-13,81,330,5,159,36,27,16,4,4,4,9,4,0,0,0,0,0,0,3,11,0,573,17,1,0,0.2222222222222222,0.2222222222222222,0.5,0.2222222222222222,0.8,2013,12
8629,1956,2,2,46984.0,1,1,2013-03-26,71,19,1,10,2,1,8,1,1,0,3,5,0,0,0,0,0,0,3,11,0,41,4,2,0,0.2,0.2,0.6,0.0,0.16666666666666666,2013,3
236,1951,2,4,34838.0,1,1,2013-01-19,62,28,23,29,29,14,47,3,2,1,4,6,0,0,0,0,0,0,3,11,0,170,7,2,0,0.375,0.25,0.5,0.125,0.2857142857142857,2013,1
9930,1944,4,0,82716.0,0,0,2013-11-05,8,606,148,228,15,148,22,1,6,8,13,2,0,0,0,0,0,0,3,11,0,1167,27,0,0,0.03571428571428571,0.21428571428571427,0.4642857142857143,0.2857142857142857,2.0,2013,11
3483,1958,2,4,48192.0,0,0,2013-04-06,76,1039,43,204,153,58,29,3,2,8,12,8,0,1,0,1,1,0,3,11,1,1526,22,0,3,0.13043478260869565,0.08695652173913043,0.5217391304347826,0.34782608695652173,0.2222222222222222,2013,4
4599,1976,3,4,49681.0,0,2,2013-11-04,66,411,0,26,0,0,21,6,7,1,7,7,0,0,0,0,0,0,3,11,0,458,15,2,0,0.375,0.4375,0.4375,0.0625,0.875,2013,11
7326,1971,3,4,56850.0,0,1,2014-03-23,83,34,1,19,2,7,0,1,1,1,3,2,0,0,0,0,0,0,3,11,0,63,5,1,0,0.16666666666666666,0.16666666666666666,0.5,0.16666666666666666,0.3333333333333333,2014,3
7352,1957,2,4,55267.0,0,1,2013-10-21,28,161,28,136,32,3,45,4,3,4,6,3,0,0,0,0,0,0,3,11,0,405,13,1,0,0.2857142857142857,0.21428571428571427,0.42857142857142855,0.2857142857142857,0.75,2013,10
2350,1972,2,4,59666.0,1,1,2013-03-22,87,623,53,178,23,17,133,7,3,2,8,8,0,1,0,0,0,0,3,11,0,1027,13,2,1,0.5,0.21428571428571427,0.5714285714285714,0.14285714285714285,0.3333333333333333,2013,3
9145,1972,2,0,72504.0,0,1,2013-04-06,43,604,26,470,123,161,94,2,5,9,6,2,0,0,0,0,0,0,3,11,0,1478,20,1,0,0.09523809523809523,0.23809523809523808,0.2857142857142857,0.42857142857142855,1.6666666666666667,2013,4
2964,1981,2,4,26872.0,0,0,2013-10-16,0,3,10,8,3,16,32,1,1,1,2,6,0,0,0,0,0,0,3,11,0,72,4,0,0,0.2,0.2,0.4,0.2,0.14285714285714285,2013,10
5585,1972,2,0,21359.0,1,0,2013-04-20,1,12,2,17,6,1,10,2,2,0,3,8,0,0,0,0,0,0,3,11,1,48,5,1,0,0.3333333333333333,0.3333333333333333,0.5,0.0,0.2222222222222222,2013,4
9687,1975,2,0,73170.0,0,0,2014-05-31,1,184,174,256,50,30,32,1,5,4,6,2,0,0,0,0,0,0,3,11,0,726,15,0,0,0.0625,0.3125,0.375,0.25,1.6666666666666667,2014,5
3732,1955,3,4,52750.0,0,1,2013-02-04,72,393,0,239,90,69,69,6,5,7,9,4,0,0,0,0,0,0,3,11,0,860,21,1,0,0.2727272727272727,0.22727272727272727,0.4090909090909091,0.3181818181818182,1.0,2013,2
6303,1986,4,4,91820.0,0,0,2013-11-23,72,410,73,747,76,161,30,0,5,5,12,1,0,0,0,0,0,0,3,11,0,1497,22,0,0,0.0,0.21739130434782608,0.5217391304347826,0.21739130434782608,2.5,2013,11
11176,1970,4,4,65968.0,0,1,2014-05-12,12,376,9,83,19,4,4,2,5,4,7,3,0,0,0,0,0,0,3,11,0,495,16,1,0,0.11764705882352941,0.29411764705882354,0.4117647058823529,0.23529411764705882,1.25,2014,5
2986,1976,2,4,30772.0,1,1,2014-03-12,89,7,2,4,2,1,4,1,1,0,2,6,0,0,0,0,0,0,3,11,0,20,3,2,0,0.25,0.25,0.5,0.0,0.14285714285714285,2014,3
7462,1954,2,0,22507.0,0,0,2012-11-24,67,68,0,226,51,157,68,3,10,2,4,9,0,0,0,0,0,0,3,11,0,570,16,0,0,0.17647058823529413,0.5882352941176471,0.23529411764705882,0.11764705882352941,1.0,2012,11
3900,1972,2,4,65685.0,0,1,2014-03-29,54,642,14,49,0,7,57,1,9,2,9,5,0,0,0,0,0,0,3,11,0,769,20,1,0,0.047619047619047616,0.42857142857142855,0.42857142857142855,0.09523809523809523,1.5,2014,3
7034,1978,1,4,25804.0,1,0,2013-09-01,34,8,7,9,13,6,12,2,2,0,3,8,0,0,0,0,0,0,3,11,0,55,5,1,0,0.3333333333333333,0.3333333333333333,0.5,0.0,0.2222222222222222,2013,9
9493,1980,4,0,76412.0,0,0,2013-05-05,15,840,53,804,23,71,17,1,5,4,8,3,0,0,1,1,0,0,3,11,1,1808,17,0,2,0.05555555555555555,0.2777777777777778,0.4444444444444444,0.2222222222222222,1.25,2013,5
1143,1972,2,4,22063.0,1,0,2013-08-08,43,7,10,13,3,11,11,2,2,0,3,7,0,0,0,0,0,0,3,11,0,55,5,1,0,0.3333333333333333,0.3333333333333333,0.5,0.0,0.25,2013,8
1,1961,2,0,57091.0,0,0,2014-06-15,0,464,5,64,7,0,37,1,7,3,7,5,0,0,0,0,1,0,3,11,1,577,17,0,1,0.05555555555555555,0.3888888888888889,0.3888888888888889,0.16666666666666666,1.1666666666666667,2014,6
3855,1963,2,4,22419.0,0,0,2013-04-18,74,30,3,47,19,21,42,1,3,2,2,8,0,0,0,0,0,0,3,11,0,162,7,0,0,0.125,0.375,0.25,0.25,0.3333333333333333,2013,4
5536,1959,2,4,87771.0,0,1,2013-05-22,61,1492,38,287,50,57,33,1,5,10,4,6,0,1,1,1,1,0,3,11,1,1957,19,1,4,0.05,0.25,0.2,0.5,0.7142857142857143,2013,5
5989,1959,1,1,78353.0,0,1,2013-04-16,51,752,122,476,39,153,34,1,10,2,11,8,0,0,0,0,0,0,3,11,0,1576,23,1,0,0.041666666666666664,0.4166666666666667,0.4583333333333333,0.08333333333333333,1.1111111111111112,2013,4
9499,1954,2,4,93404.0,1,2,2013-05-07,97,1279,15,287,20,0,15,3,3,4,7,5,0,1,1,0,0,0,3,11,0,1616,14,3,2,0.2,0.2,0.4666666666666667,0.26666666666666666,0.5,2013,5
6768,1962,2,1,37859.0,1,2,2013-01-12,75,22,1,8,2,1,2,2,1,0,3,8,0,0,0,0,0,0,3,11,0,36,4,3,0,0.4,0.2,0.6,0.0,0.1111111111111111,2013,1
2150,1958,4,2,80995.0,0,1,2013-05-11,83,860,28,409,73,56,56,1,8,9,4,4,0,0,0,0,0,0,3,11,0,1482,21,1,0,0.045454545454545456,0.36363636363636365,0.18181818181818182,0.4090909090909091,1.6,2013,5
6646,1984,2,4,16529.0,1,0,2014-03-01,23,3,0,5,13,0,1,1,1,0,3,6,0,0,0,0,0,0,3,11,0,22,4,1,0,0.2,0.2,0.6,0.0,0.14285714285714285,2014,3
4887,1976,4,1,55412.0,1,1,2013-11-22,65,10,5,28,11,1,8,1,2,0,3,5,0,0,0,0,0,0,3,11,0,63,5,2,0,0.16666666666666666,0.3333333333333333,0.5,0.0,0.3333333333333333,2013,11
8560,1992,2,0,48789.0,0,0,2012-09-10,94,351,16,156,7,5,145,1,6,4,7,6,0,0,0,0,0,0,3,11,0,680,17,0,0,0.05555555555555555,0.3333333333333333,0.3888888888888889,0.2222222222222222,0.8571428571428571,2012,9
3321,1967,4,4,56575.0,0,2,2013-05-05,42,421,5,90,0,16,10,3,7,3,7,5,0,0,0,0,0,0,3,11,0,542,17,2,0,0.16666666666666666,0.3888888888888889,0.3888888888888889,0.16666666666666666,1.1666666666666667,2013,5
11003,1980,1,4,25130.0,1,0,2013-10-02,10,2,5,7,0,18,18,2,2,0,3,7,0,0,0,0,0,0,3,11,0,50,5,1,0,0.3333333333333333,0.3333333333333333,0.5,0.0,0.25,2013,10
10402,1967,2,4,35441.0,1,1,2013-02-14,94,25,1,9,2,1,1,2,1,0,3,8,0,0,0,0,0,0,3,11,0,39,4,2,0,0.4,0.2,0.6,0.0,0.1111111111111111,2013,2
9904,1956,2,4,71391.0,0,1,2013-03-29,50,336,123,274,46,123,141,5,6,5,12,3,0,0,0,0,0,0,3,11,0,1043,23,1,0,0.20833333333333334,0.25,0.5,0.20833333333333334,1.5,2013,3
6141,1972,3,0,49494.0,1,0,2013-04-25,46,191,9,97,0,6,82,2,6,1,5,7,0,0,0,0,0,0,3,11,0,385,12,1,0,0.15384615384615385,0.46153846153846156,0.38461538461538464,0.07692307692307693,0.75,2013,4
5687,1980,2,1,81702.0,0,0,2012-09-23,98,563,50,774,28,31,187,1,7,7,12,3,0,0,0,0,0,0,3,11,0,1633,26,0,0,0.037037037037037035,0.25925925925925924,0.4444444444444444,0.25925925925925924,1.75,2012,9
10856,1980,1,0,45889.0,0,1,2013-07-02,42,31,0,6,0,1,8,1,1,0,3,6,0,0,0,0,0,0,3,11,0,46,4,1,0,0.2,0.2,0.6,0.0,0.14285714285714285,2013,7
5121,1977,2,0,56628.0,0,1,2014-03-21,30,479,5,82,7,17,171,2,7,6,5,5,1,0,0,0,0,0,3,11,0,761,18,1,1,0.10526315789473684,0.3684210526315789,0.2631578947368421,0.3157894736842105,1.1666666666666667,2014,3
4186,1950,2,4,34026.0,1,1,2013-08-05,11,18,6,15,12,8,17,3,2,1,3,5,0,0,0,0,0,0,3,11,0,76,6,2,0,0.42857142857142855,0.2857142857142857,0.42857142857142855,0.14285714285714285,0.3333333333333333,2013,8
368,1974,2,4,40049.0,0,1,2012-11-29,61,91,65,52,10,44,28,3,3,2,6,5,0,0,0,0,0,0,3,11,0,290,11,1,0,0.25,0.25,0.5,0.16666666666666666,0.5,2012,11
3312,1988,2,0,34176.0,1,0,2014-05-12,12,5,7,24,19,14,20,4,3,0,4,6,0,0,0,0,0,0,3,11,0,89,7,1,0,0.5,0.375,0.5,0.0,0.42857142857142855,2014,5
11121,1981,2,4,19419.0,1,0,2012-11-10,76,2,14,28,16,3,7,4,4,0,3,9,0,0,0,0,0,0,3,11,0,70,7,1,0,0.5,0.5,0.375,0.0,0.4,2012,11
5332,1960,1,4,82504.0,0,0,2013-07-27,2,362,50,431,134,35,54,1,3,6,7,1,0,0,0,0,0,0,3,11,0,1066,16,0,0,0.058823529411764705,0.17647058823529413,0.4117647058823529,0.35294117647058826,1.5,2013,7
5848,1970,2,4,81205.0,0,0,2014-01-13,43,724,74,929,97,55,130,1,5,6,7,2,1,0,1,0,1,0,3,11,1,2009,18,0,3,0.05263157894736842,0.2631578947368421,0.3684210526315789,0.3157894736842105,1.6666666666666667,2014,1
10343,1991,1,0,61618.0,0,0,2012-09-29,27,605,91,399,0,45,205,2,3,6,8,3,0,0,0,0,0,0,3,11,0,1345,17,0,0,0.1111111111111111,0.16666666666666666,0.4444444444444444,0.3333333333333333,0.75,2012,9
5935,1956,3,0,55284.0,0,1,2012-12-24,60,547,7,140,0,7,63,3,7,5,8,5,0,0,0,0,0,0,3,11,0,764,20,1,0,0.14285714285714285,0.3333333333333333,0.38095238095238093,0.23809523809523808,1.1666666666666667,2012,12
2895,1963,2,0,49980.0,0,1,2013-10-23,79,104,1,54,13,9,14,2,3,1,5,5,0,0,0,0,0,0,3,11,0,195,9,1,0,0.2,0.3,0.5,0.1,0.5,2013,10
10262,1980,2,4,15072.0,2,0,2013-05-10,96,8,2,15,0,10,18,4,3,1,3,5,0,0,0,0,0,0,3,11,0,53,7,2,0,0.5,0.375,0.375,0.125,0.5,2013,5
7848,1974,2,0,49166.0,0,1,2013-06-13,17,224,2,25,7,0,110,2,5,3,3,6,0,0,0,0,0,0,3,11,0,368,11,1,0,0.16666666666666666,0.4166666666666667,0.25,0.25,0.7142857142857143,2013,6
9477,1954,4,4,65324.0,0,1,2014-01-11,0,384,0,102,21,32,5,3,6,2,9,4,0,0,0,0,0,0,3,11,0,544,17,1,0,0.16666666666666666,0.3333333333333333,0.5,0.1111111111111111,1.2,2014,1
4856,1957,1,4,82347.0,0,0,2012-11-06,38,556,54,845,202,133,63,1,7,7,10,3,1,0,0,1,0,0,3,11,0,1853,24,0,2,0.04,0.28,0.4,0.28,1.75,2012,11
7186,1966,4,4,30843.0,1,1,2014-05-26,43,24,0,2,0,0,9,2,1,1,2,5,1,0,0,0,0,0,3,11,0,35,4,2,1,0.4,0.2,0.4,0.2,0.16666666666666666,2014,5
5794,1974,4,4,46374.0,0,1,2014-03-17,1,408,0,21,0,0,17,3,7,1,7,8,0,1,0,1,0,0,3,11,1,446,15,1,2,0.1875,0.4375,0.4375,0.0625,0.7777777777777778,2014,3
1456,1979,2,0,60474.0,0,1,2013-04-01,25,265,199,303,234,9,170,7,10,2,12,7,0,0,0,0,0,0,3,11,0,1180,24,1,0,0.28,0.4,0.48,0.08,1.25,2013,4
4877,1973,3,4,38576.0,0,1,2014-03-04,2,34,0,7,0,0,0,1,1,0,3,7,0,0,0,0,0,0,3,11,0,41,4,1,0,0.2,0.2,0.6,0.0,0.125,2014,3
425,1985,2,4,55357.0,2,0,2013-02-19,66,374,64,116,84,25,64,3,6,2,11,5,0,0,0,0,0,0,3,11,0,727,19,2,0,0.15,0.3,0.55,0.1,1.0,2013,2
3007,1966,2,4,37758.0,1,1,2012-10-04,49,27,2,10,0,0,1,2,1,0,3,8,0,0,0,0,0,0,3,11,0,40,4,2,0,0.4,0.2,0.6,0.0,0.1111111111111111,2012,10
1031,1989,1,4,85710.0,0,0,2013-05-05,5,600,20,350,29,30,33,1,6,9,10,2,0,0,1,0,0,0,3,11,0,1062,25,0,1,0.038461538461538464,0.23076923076923078,0.38461538461538464,0.34615384615384615,2.0,2013,5
4297,1969,2,4,23228.0,1,0,2014-01-26,71,13,2,18,6,1,0,2,2,0,3,8,0,0,0,0,0,0,3,11,0,40,5,1,0,0.3333333333333333,0.3333333333333333,0.5,0.0,0.2222222222222222,2014,1
807,1969,3,4,44602.0,1,1,2014-02-15,35,167,2,89,0,0,34,6,6,1,4,8,0,0,0,0,0,0,3,11,0,292,11,2,0,0.5,0.5,0.3333333333333333,0.08333333333333333,0.6666666666666666,2014,2
9553,1987,2,4,7500.0,0,0,2013-01-09,94,0,2,3,4,1,5,1,0,0,3,6,0,0,0,0,0,0,3,11,0,15,3,0,0,0.25,0.0,0.75,0.0,0.0,2013,1
4271,1989,1,4,38683.0,1,0,2012-10-04,80,46,35,69,84,41,66,6,4,1,6,7,0,0,0,0,0,0,3,11,0,341,11,1,0,0.5,0.3333333333333333,0.5,0.08333333333333333,0.5,2012,10
4120,1975,1,0,49514.0,1,0,2013-12-17,61,88,39,78,58,13,93,2,6,1,4,7,0,0,0,0,0,0,3,11,0,369,11,1,0,0.16666666666666666,0.5,0.3333333333333333,0.08333333333333333,0.75,2013,12
2036,1973,4,4,57906.0,0,1,2013-06-11,29,243,11,119,10,3,15,3,4,2,8,4,0,0,0,0,0,0,3,11,0,401,14,1,0,0.2,0.26666666666666666,0.5333333333333333,0.13333333333333333,0.8,2013,6
115,1966,3,0,43456.0,0,1,2013-03-26,0,275,11,68,25,7,7,3,5,1,8,5,0,0,0,0,0,0,3,11,0,393,14,1,0,0.2,0.3333333333333333,0.5333333333333333,0.06666666666666667,0.8333333333333334,2013,3
4259,1986,3,0,19485.0,2,0,2013-09-24,80,6,0,4,0,0,0,1,1,0,2,7,0,0,0,0,0,0,3,11,0,10,3,2,0,0.25,0.25,0.5,0.0,0.125,2013,9
8687,1978,2,4,53172.0,0,1,2013-05-06,54,121,62,90,68,20,125,3,2,3,8,3,0,0,0,0,0,0,3,11,0,486,13,1,0,0.21428571428571427,0.14285714285714285,0.5714285714285714,0.21428571428571427,0.5,2013,5
2447,1979,2,4,30545.0,1,0,2012-10-17,71,4,12,15,19,7,12,2,2,0,3,7,0,0,0,0,0,0,3,11,0,69,5,1,0,0.3333333333333333,0.3333333333333333,0.5,0.0,0.25,2012,10
10140,1983,4,4,70123.0,0,0,2013-09-28,27,1308,0,396,23,0,0,1,5,7,4,3,0,1,0,0,1,0,3,11,0,1727,16,0,2,0.058823529411764705,0.29411764705882354,0.23529411764705882,0.4117647058823529,1.25,2013,9
9353,1959,2,0,62450.0,0,1,2014-01-06,61,515,47,267,62,66,38,2,5,5,4,3,0,1,0,0,0,0,3,11,0,995,14,1,1,0.13333333333333333,0.3333333333333333,0.26666666666666666,0.3333333333333333,1.25,2014,1
3623,1976,2,4,21675.0,1,0,2014-06-11,55,4,0,16,17,4,4,3,4,0,3,7,0,0,0,0,0,0,3,11,0,45,7,1,0,0.375,0.5,0.375,0.0,0.5,2014,6
738,1981,1,0,42395.0,1,1,2014-04-04,35,48,13,57,24,15,25,4,3,1,4,7,0,0,0,0,0,0,3,11,0,182,8,2,0,0.4444444444444444,0.3333333333333333,0.4444444444444444,0.1111111111111111,0.375,2014,4
7631,1978,3,4,61346.0,1,0,2013-10-06,34,562,58,168,43,16,142,1,5,7,10,3,0,0,0,0,0,0,3,11,0,989,22,1,0,0.043478260869565216,0.21739130434782608,0.43478260869565216,0.30434782608695654,1.25,2013,10
4789,1953,2,4,80812.0,0,0,2013-09-17,95,769,22,500,210,143,33,1,4,8,5,2,1,0,1,1,0,0,3,11,0,1677,17,0,3,0.05555555555555555,0.2222222222222222,0.2777777777777778,0.4444444444444444,1.3333333333333333,2013,9
773,1971,3,1,42835.0,1,1,2013-06-30,64,379,4,93,12,9,98,7,6,6,4,6,0,0,0,0,0,0,3,11,0,595,16,2,0,0.4117647058823529,0.35294117647058826,0.23529411764705882,0.35294117647058826,0.8571428571428571,2013,6
10602,1983,2,4,39922.0,1,0,2013-02-14,30,29,12,59,19,1,36,2,3,0,4,8,0,0,0,0,0,0,3,11,0,156,7,1,0,0.25,0.375,0.5,0.0,0.3333333333333333,2013,2
1446,1956,3,0,86424.0,0,0,2014-04-05,12,387,68,569,89,45,68,1,6,9,12,1,0,0,0,0,0,0,3,11,0,1226,27,0,0,0.03571428571428571,0.21428571428571427,0.42857142857142855,0.32142857142857145,3.0,2014,4
3270,1978,1,4,17117.0,1,0,2013-01-17,96,12,23,38,30,18,7,4,3,1,3,9,0,0,0,0,0,0,3,11,0,128,7,1,0,0.5,0.375,0.375,0.125,0.3,2013,1
8443,1972,2,0,24762.0,1,0,2014-02-10,16,6,10,12,3,15,40,3,3,1,2,8,1,0,0,0,0,0,3,11,1,86,6,1,1,0.42857142857142855,0.42857142857142855,0.2857142857142857,0.14285714285714285,0.3333333333333333,2014,2
9653,1975,2,4,35797.0,0,1,2012-10-16,16,27,1,14,4,1,21,2,2,0,3,8,0,0,0,0,0,0,3,11,0,68,5,1,0,0.3333333333333333,0.3333333333333333,0.5,0.0,0.2222222222222222,2012,10
8916,1975,2,1,36627.0,2,0,2013-07-23,78,9,1,5,0,0,1,1,0,0,3,5,0,0,0,0,0,0,3,11,0,16,3,2,0,0.25,0.0,0.75,0.0,0.0,2013,7
8017,1981,1,4,51111.0,1,1,2014-06-19,83,22,0,19,6,5,3,2,2,0,3,6,0,0,0,0,0,0,3,11,0,55,5,2,0,0.3333333333333333,0.3333333333333333,0.5,0.0,0.2857142857142857,2014,6
5830,1972,4,0,86857.0,0,0,2012-09-12,96,899,102,838,133,102,40,1,5,6,10,2,0,0,0,0,0,0,3,11,1,2114,21,0,0,0.045454545454545456,0.22727272727272727,0.45454545454545453,0.2727272727272727,1.6666666666666667,2012,9
4597,1970,4,4,82072.0,0,0,2013-07-02,67,889,55,685,168,92,129,1,3,2,13,1,0,0,0,0,0,0,3,11,0,2018,18,0,0,0.05263157894736842,0.15789473684210525,0.6842105263157895,0.10526315789473684,1.5,2013,7
7023,1953,4,0,46231.0,2,1,2012-11-26,87,189,2,55,0,5,12,4,6,1,4,9,0,0,0,0,0,0,3,11,0,263,11,3,0,0.3333333333333333,0.5,0.3333333333333333,0.08333333333333333,0.6,2012,11
8086,1959,2,4,42243.0,1,1,2013-12-11,34,48,0,2,0,0,5,2,2,0,3,7,0,0,0,0,0,0,3,11,0,55,5,2,0,0.3333333333333333,0.3333333333333333,0.5,0.0,0.25,2013,12
8825,1962,2,4,51195.0,1,1,2013-04-01,46,230,14,156,82,24,58,8,9,2,5,8,0,0,0,0,0,0,3,11,0,564,16,2,0,0.47058823529411764,0.5294117647058824,0.29411764705882354,0.11764705882352941,1.0,2013,4
2930,1978,3,0,68092.0,0,0,2013-12-16,7,852,60,207,78,36,48,2,2,6,10,5,0,0,0,0,0,0,3,11,0,1281,18,0,0,0.10526315789473684,0.10526315789473684,0.5263157894736842,0.3157894736842105,0.3333333333333333,2013,12
1928,1973,2,4,31814.0,1,0,2013-02-09,73,35,3,20,4,1,20,2,2,0,3,9,1,0,0,0,0,0,3,11,0,83,5,1,1,0.3333333333333333,0.3333333333333333,0.5,0.0,0.2,2013,2
7108,1965,3,2,51390.0,1,1,2012-09-08,54,205,20,47,23,2,56,6,5,2,5,5,0,0,0,0,0,0,3,11,0,353,12,2,0,0.46153846153846156,0.38461538461538464,0.38461538461538464,0.15384615384615385,0.8333333333333334,2012,9
10925,1983,2,4,76630.0,0,0,2014-01-14,93,255,31,446,40,56,175,1,3,10,11,1,0,0,0,0,0,0,3,11,0,1003,24,0,0,0.04,0.12,0.44,0.4,1.5,2014,1
9960,1991,0,0,26868.0,1,0,2014-04-30,52,0,0,1,8,3,2,1,1,0,2,7,0,0,0,0,0,0,3,11,0,14,3,1,0,0.25,0.25,0.5,0.0,0.125,2014,4
8800,1943,4,1,48948.0,0,0,2013-02-01,53,437,8,206,160,49,42,2,7,10,5,6,1,0,0,0,0,0,3,11,1,902,22,0,1,0.08695652173913043,0.30434782608695654,0.21739130434782608,0.43478260869565216,1.0,2013,2
9224,1972,4,0,55260.0,0,1,2012-12-12,81,825,8,53,11,0,242,2,8,10,5,6,0,0,0,0,0,0,3,11,0,1139,23,1,0,0.08333333333333333,0.3333333333333333,0.20833333333333334,0.4166666666666667,1.1428571428571428,2012,12
5519,1956,2,4,64090.0,0,1,2013-08-07,8,316,58,161,76,51,135,1,6,9,4,5,0,0,0,0,0,0,3,11,1,797,19,1,0,0.05,0.3,0.2,0.45,1.0,2013,8
5046,1958,2,1,78331.0,0,1,2014-01-23,97,756,138,354,160,169,61,2,10,6,7,4,0,0,0,0,0,0,3,11,0,1638,23,1,0,0.08333333333333333,0.4166666666666667,0.2916666666666667,0.25,2.0,2014,1
7037,1974,4,4,37087.0,1,0,2013-08-11,50,194,55,134,15,0,3,3,4,2,8,6,0,0,0,0,0,0,3,11,0,401,14,1,0,0.2,0.26666666666666666,0.5333333333333333,0.13333333333333333,0.5714285714285714,2013,8
905,1986,2,1,21846.0,1,0,2013-10-22,38,7,17,18,6,10,26,4,4,0,3,8,0,0,0,0,0,0,3,11,0,84,7,1,0,0.5,0.5,0.375,0.0,0.4444444444444444,2013,10
8624,1958,2,4,81320.0,0,0,2013-02-06,61,183,33,493,59,103,57,1,4,3,10,2,0,0,0,0,0,0,3,11,0,928,17,0,0,0.05555555555555555,0.2222222222222222,0.5555555555555556,0.16666666666666666,1.3333333333333333,2013,2
8945,1970,2,1,54137.0,0,1,2013-08-16,46,171,0,11,0,1,20,2,4,1,4,6,0,0,0,0,0,0,3,11,0,203,9,1,0,0.2,0.4,0.4,0.1,0.5714285714285714,2013,8
6445,1967,2,4,66825.0,0,0,2013-07-14,73,243,101,405,29,40,40,1,4,5,6,2,0,0,0,0,0,0,3,11,0,858,15,0,0,0.0625,0.25,0.375,0.3125,1.3333333333333333,2013,7
2727,1973,2,4,57100.0,0,0,2013-12-04,19,181,21,69,39,3,96,1,3,3,6,3,0,0,0,0,0,0,3,11,0,409,12,0,0,0.07692307692307693,0.23076923076923078,0.46153846153846156,0.23076923076923078,0.75,2013,12
6404,1969,2,4,58917.0,1,2,2013-03-24,10,151,7,89,0,7,28,5,4,1,6,5,0,0,0,0,0,0,3,11,0,282,11,3,0,0.4166666666666667,0.3333333333333333,0.5,0.08333333333333333,0.6666666666666666,2013,3
11074,1977,2,0,85072.0,0,0,2014-04-09,94,494,92,391,194,11,241,1,3,4,10,0,0,0,0,0,0,0,3,11,0,1423,17,0,0,0.05555555555555555,0.16666666666666666,0.5555555555555556,0.2222222222222222,3.0,2014,4
10150,1961,2,0,86429.0,0,0,2013-11-21,10,464,28,873,29,18,37,0,7,4,7,2,0,0,0,1,0,0,3,11,1,1449,18,0,1,0.0,0.3684210526315789,0.3684210526315789,0.21052631578947367,2.3333333333333335,2013,11
1968,1971,2,2,45684.0,1,0,2013-12-02,37,5,1,5,10,0,7,1,1,0,2,7,0,0,0,0,0,0,3,11,0,28,3,1,0,0.25,0.25,0.5,0.0,0.125,2013,12
6534,1974,2,4,47889.0,1,0,2014-01-04,94,29,0,29,0,5,4,1,2,0,3,5,0,0,0,0,0,0,3,11,0,67,5,1,0,0.16666666666666666,0.3333333333333333,0.5,0.0,0.3333333333333333,2014,1
9485,1986,4,4,45921.0,0,0,2014-03-10,23,102,9,49,24,3,12,1,2,1,6,4,0,0,0,0,0,0,3,11,0,199,9,0,0,0.1,0.2,0.6,0.1,0.4,2014,3
7053,1966,4,0,78420.0,0,0,2013-06-29,75,604,28,674,91,28,28,1,3,10,8,1,0,0,0,0,0,0,3,11,0,1453,21,0,0,0.045454545454545456,0.13636363636363635,0.36363636363636365,0.45454545454545453,1.5,2013,6
4654,1992,2,4,75114.0,0,0,2013-11-07,40,571,12,523,63,60,24,1,3,10,5,2,0,0,0,0,0,0,3,11,0,1253,18,0,0,0.05263157894736842,0.15789473684210525,0.2631578947368421,0.5263157894736842,1.0,2013,11
9760,1963,4,2,52278.0,0,1,2013-01-25,24,953,0,71,0,0,174,6,10,5,10,8,0,0,0,0,0,0,3,11,1,1198,25,1,0,0.23076923076923078,0.38461538461538464,0.38461538461538464,0.19230769230769232,1.1111111111111112,2013,1
1048,1972,3,4,35641.0,1,0,2013-07-14,11,63,3,67,8,9,28,2,3,1,4,7,0,0,0,0,0,0,3,11,1,178,8,1,0,0.2222222222222222,0.3333333333333333,0.4444444444444444,0.1111111111111111,0.375,2013,7
10619,1994,2,0,95529.0,0,0,2012-12-03,29,770,29,890,250,27,24,1,7,3,7,3,0,0,1,0,0,0,3,11,1,1990,17,0,1,0.05555555555555555,0.3888888888888889,0.3888888888888889,0.16666666666666666,1.75,2012,12
9308,1954,2,4,62820.0,0,0,2013-05-11,51,398,61,265,138,61,53,1,3,4,6,1,0,0,0,0,0,0,3,11,0,976,13,0,0,0.07142857142857142,0.21428571428571427,0.42857142857142855,0.2857142857142857,1.5,2013,5
10505,1960,3,4,73113.0,0,0,2013-12-26,86,741,19,154,50,9,28,1,3,4,7,2,0,0,0,0,0,0,3,11,0,1001,14,0,0,0.06666666666666667,0.2,0.4666666666666667,0.26666666666666666,1.0,2013,12
8362,1982,4,4,84169.0,0,0,2013-08-07,9,1478,19,403,0,19,0,1,7,6,6,3,0,1,1,0,0,0,3,11,1,1919,19,0,2,0.05,0.35,0.3,0.3,1.75,2013,8
2625,1954,1,0,42607.0,0,1,2013-11-17,30,156,29,56,30,32,47,2,3,2,7,3,0,0,0,0,0,0,3,11,0,350,12,1,0,0.15384615384615385,0.23076923076923078,0.5384615384615384,0.15384615384615385,0.75,2013,11
4637,1954,4,0,74637.0,0,0,2013-05-18,73,960,64,464,146,0,16,1,6,9,9,3,0,0,0,1,0,0,3,11,0,1650,24,0,1,0.04,0.24,0.36,0.36,1.5,2013,5
9972,1955,4,4,46015.0,1,1,2014-04-13,25,38,0,2,0,0,6,1,1,0,3,7,1,0,0,0,1,0,3,11,0,46,4,2,2,0.2,0.2,0.6,0.0,0.125,2014,4
4483,1993,2,0,72354.0,0,0,2013-04-17,67,315,26,473,220,12,182,1,2,10,6,1,0,0,0,0,0,0,3,11,0,1228,18,0,0,0.05263157894736842,0.10526315789473684,0.3157894736842105,0.5263157894736842,1.0,2013,4
4487,1969,3,0,39858.0,1,0,2013-01-24,67,15,20,25,2,7,26,1,2,0,4,6,0,0,0,0,0,0,3,11,1,95,6,1,0,0.14285714285714285,0.2857142857142857,0.5714285714285714,0.0,0.2857142857142857,2013,1
4988,1948,4,4,34469.0,1,1,2014-05-04,58,19,6,20,0,5,12,3,1,1,4,4,0,0,0,0,0,0,3,11,0,62,6,2,0,0.42857142857142855,0.14285714285714285,0.5714285714285714,0.14285714285714285,0.2,2014,5
8931,1986,2,4,83033.0,1,0,2014-05-18,82,812,99,431,237,149,33,1,11,4,10,5,0,0,0,1,0,0,3,11,0,1761,25,1,1,0.038461538461538464,0.4230769230769231,0.38461538461538464,0.15384615384615385,1.8333333333333333,2014,5
5871,1979,3,4,24401.0,0,0,2012-08-31,98,73,28,217,10,24,115,3,6,1,6,8,0,0,0,0,0,0,3,11,0,467,13,0,0,0.21428571428571427,0.42857142857142855,0.42857142857142855,0.07142857142857142,0.6666666666666666,2012,8
2008,1978,2,4,77583.0,0,0,2014-02-10,93,372,23,384,250,12,108,1,4,5,9,2,0,0,0,1,0,0,3,11,0,1149,18,0,1,0.05263157894736842,0.21052631578947367,0.47368421052631576,0.2631578947368421,1.3333333333333333,2014,2
3139,1982,1,0,74116.0,0,0,2013-12-30,53,871,111,704,145,55,166,1,4,4,10,2,0,1,0,0,0,0,3,11,0,2052,18,0,1,0.05263157894736842,0.21052631578947367,0.5263157894736842,0.21052631578947367,1.3333333333333333,2013,12
10037,1993,2,0,74293.0,0,0,2014-05-04,66,375,152,335,93,91,81,1,5,4,6,2,0,0,0,0,0,0,3,11,0,1127,15,0,0,0.0625,0.3125,0.375,0.25,1.6666666666666667,2014,5
10673,1976,4,4,68397.0,0,1,2013-11-17,6,760,80,466,17,13,80,1,6,9,5,3,0,0,0,0,0,0,3,11,0,1416,20,1,0,0.047619047619047616,0.2857142857142857,0.23809523809523808,0.42857142857142855,1.5,2013,11
5303,1974,4,4,79632.0,0,0,2014-04-08,42,471,0,510,99,21,12,1,6,4,9,2,0,0,0,0,0,0,3,11,0,1113,19,0,0,0.05,0.3,0.45,0.2,2.0,2014,4
538,1989,2,0,46107.0,1,0,2014-02-10,78,31,9,27,16,9,33,1,1,1,4,3,0,0,0,0,0,0,3,11,0,125,6,1,0,0.14285714285714285,0.14285714285714285,0.5714285714285714,0.14285714285714285,0.25,2014,2
7922,1951,4,0,64950.0,0,1,2012-08-12,29,819,0,72,12,0,63,2,11,2,10,7,0,1,0,0,0,0,3,11,0,966,23,1,1,0.08333333333333333,0.4583333333333333,0.4166666666666667,0.08333333333333333,1.375,2012,8
5692,1989,0,4,25443.0,1,0,2012-12-22,82,1,4,3,8,9,7,1,1,0,3,8,0,0,0,0,0,0,3,11,0,32,4,1,0,0.2,0.2,0.6,0.0,0.1111111111111111,2012,12
4843,1952,2,0,75127.0,0,0,2014-05-22,92,203,35,305,46,17,227,1,2,11,5,1,0,0,0,0,0,0,3,11,0,833,18,0,0,0.05263157894736842,0.10526315789473684,0.2631578947368421,0.5789473684210527,1.0,2014,5
6383,1971,4,4,32892.0,1,0,2014-05-25,78,26,0,15,2,1,2,2,3,0,3,8,0,0,0,0,0,0,3,11,0,46,6,1,0,0.2857142857142857,0.42857142857142855,0.42857142857142855,0.0,0.3333333333333333,2014,5
1628,1971,2,4,71796.0,0,0,2013-10-24,54,354,21,311,167,75,32,1,9,3,4,4,0,0,0,0,0,0,3,11,0,960,16,0,0,0.058823529411764705,0.5294117647058824,0.23529411764705882,0.17647058823529413,1.8,2013,10
1204,1970,4,4,67536.0,0,1,2013-05-22,45,1253,0,447,23,71,35,3,11,5,11,8,0,0,0,1,0,0,3,11,0,1829,27,1,1,0.10714285714285714,0.39285714285714285,0.39285714285714285,0.17857142857142858,1.2222222222222223,2013,5
3673,1971,2,0,55239.0,0,1,2013-07-14,59,371,17,238,23,24,106,3,7,5,11,5,0,0,0,0,0,0,3,11,0,779,23,1,0,0.125,0.2916666666666667,0.4583333333333333,0.20833333333333334,1.1666666666666667,2013,7
760,1975,4,1,60554.0,1,0,2013-08-09,8,588,7,76,110,15,15,2,8,4,9,6,0,0,0,0,0,0,3,11,0,811,21,1,0,0.09090909090909091,0.36363636363636365,0.4090909090909091,0.18181818181818182,1.1428571428571428,2013,8
8957,1952,1,0,64831.0,1,1,2013-06-10,51,480,86,249,75,86,144,8,6,3,5,6,0,0,0,0,0,0,3,11,0,1120,14,2,0,0.5333333333333333,0.4,0.3333333333333333,0.2,0.8571428571428571,2013,6
4128,1962,4,4,56067.0,0,1,2013-07-20,51,517,12,54,16,6,120,2,7,4,7,5,0,0,0,0,0,0,3,11,0,725,18,1,0,0.10526315789473684,0.3684210526315789,0.3684210526315789,0.21052631578947367,1.1666666666666667,2013,7
6810,1983,2,1,82025.0,0,0,2013-05-28,76,267,98,606,48,70,98,1,3,2,6,1,0,0,1,0,0,0,3,11,1,1187,11,0,1,0.08333333333333333,0.25,0.5,0.16666666666666666,1.5,2013,5
5386,1953,2,4,94384.0,0,0,2013-03-04,62,1111,24,790,160,45,172,0,5,8,5,2,0,1,1,1,0,0,3,11,1,2302,18,0,3,0.0,0.2631578947368421,0.2631578947368421,0.42105263157894735,1.6666666666666667,2013,3
8700,1986,0,0,14906.0,0,0,2012-12-22,86,7,7,14,7,16,15,3,2,1,3,7,0,0,0,0,0,0,3,11,0,66,6,0,0,0.42857142857142855,0.2857142857142857,0.42857142857142855,0.14285714285714285,0.25,2012,12
3202,1987,4,4,51563.0,0,0,2012-10-01,60,1166,0,48,0,0,36,1,4,4,10,8,0,1,1,0,0,0,3,11,0,1250,18,0,2,0.05263157894736842,0.21052631578947367,0.5263157894736842,0.21052631578947367,0.4444444444444444,2012,10
1328,1982,1,4,57937.0,0,1,2014-02-16,56,261,42,144,55,48,133,3,4,4,9,3,0,0,0,0,0,0,3,11,0,683,17,1,0,0.16666666666666666,0.2222222222222222,0.5,0.2222222222222222,1.0,2014,2
8405,1979,2,1,68274.0,1,1,2013-09-30,83,135,25,51,23,25,46,2,4,2,5,3,0,0,0,0,0,0,3,11,0,305,11,2,0,0.16666666666666666,0.3333333333333333,0.4166666666666667,0.16666666666666666,1.0,2013,9
6515,1977,2,4,39771.0,1,0,2013-12-06,92,6,2,18,2,8,14,1,2,0,3,4,0,0,0,0,0,0,3,11,0,50,5,1,0,0.16666666666666666,0.3333333333333333,0.5,0.0,0.4,2013,12
2882,1975,1,1,67893.0,0,1,2012-10-01,31,711,28,142,49,18,47,2,3,2,9,8,0,0,0,0,0,0,3,11,0,995,14,1,0,0.13333333333333333,0.2,0.6,0.13333333333333333,0.3333333333333333,2012,10
7574,1979,4,4,27922.0,1,0,2014-05-10,80,11,0,13,2,4,11,1,2,0,3,4,0,0,0,0,0,0,3,11,0,41,5,1,0,0.16666666666666666,0.3333333333333333,0.5,0.0,0.4,2014,5
6387,1976,4,4,52190.0,1,1,2014-05-08,39,42,0,17,0,0,18,3,2,1,3,5,1,0,0,0,0,0,3,11,0,77,6,2,1,0.42857142857142855,0.2857142857142857,0.42857142857142855,0.14285714285714285,0.3333333333333333,2014,5
5320,1973,3,1,44051.0,1,1,2013-01-29,20,79,7,58,6,3,18,4,3,1,4,6,0,0,0,0,0,0,3,11,1,171,8,2,0,0.4444444444444444,0.3333333333333333,0.4444444444444444,0.1111111111111111,0.42857142857142855,2013,1
5048,1971,4,0,42767.0,2,0,2013-05-11,53,20,6,43,19,5,38,1,3,1,2,8,0,0,0,0,0,0,3,11,0,131,6,2,0,0.14285714285714285,0.42857142857142855,0.2857142857142857,0.14285714285714285,0.3333333333333333,2013,5
8146,1976,3,4,46106.0,1,1,2014-05-11,84,30,0,8,2,0,14,1,1,1,2,6,0,0,0,0,0,0,3,11,0,54,4,2,0,0.2,0.2,0.4,0.2,0.14285714285714285,2014,5
10031,1976,4,4,16927.0,1,1,2013-02-10,50,20,2,23,3,1,4,5,3,0,4,8,0,0,0,0,0,0,3,11,0,53,7,2,0,0.625,0.375,0.5,0.0,0.3333333333333333,2013,2
5748,1965,2,4,59754.0,0,1,2012-12-01,96,115,27,44,4,146,139,3,5,2,6,5,0,0,0,0,0,0,3,11,1,475,13,1,0,0.21428571428571427,0.35714285714285715,0.42857142857142855,0.14285714285714285,0.8333333333333334,2012,12
2134,1952,2,0,53700.0,0,1,2012-08-17,94,263,5,233,69,41,83,4,5,5,8,5,0,0,0,0,0,0,3,11,0,694,18,1,0,0.21052631578947367,0.2631578947368421,0.42105263157894735,0.2631578947368421,0.8333333333333334,2012,8
1523,1973,2,4,59041.0,1,1,2014-05-07,25,69,2,15,2,2,6,2,2,0,4,5,0,0,0,0,0,0,3,11,0,96,6,2,0,0.2857142857142857,0.2857142857142857,0.5714285714285714,0.0,0.3333333333333333,2014,5
9665,1957,4,1,54237.0,0,1,2013-04-27,48,267,3,30,4,0,57,4,5,2,5,6,0,0,0,0,0,0,3,11,0,361,12,1,0,0.3076923076923077,0.38461538461538464,0.38461538461538464,0.15384615384615385,0.7142857142857143,2013,4
4640,1967,2,1,70647.0,0,1,2012-09-21,65,561,85,171,25,123,114,2,4,7,13,2,0,0,0,0,0,0,3,11,0,1079,24,1,0,0.08,0.16,0.52,0.28,1.3333333333333333,2012,9
3635,1962,4,0,52597.0,0,1,2014-05-07,69,492,0,37,7,0,42,3,6,3,8,5,0,0,0,0,0,0,3,11,0,578,17,1,0,0.16666666666666666,0.3333333333333333,0.4444444444444444,0.16666666666666666,1.0,2014,5
3547,1969,3,4,41021.0,1,0,2012-12-30,12,14,7,9,6,16,12,2,2,0,3,6,0,0,0,0,0,0,3,11,1,64,5,1,0,0.3333333333333333,0.3333333333333333,0.5,0.0,0.2857142857142857,2012,12
2456,1975,4,4,40233.0,0,1,2013-10-14,84,80,4,46,0,17,2,5,2,1,5,6,0,0,0,0,0,0,3,11,0,149,8,1,0,0.5555555555555556,0.2222222222222222,0.5555555555555556,0.1111111111111111,0.2857142857142857,2013,10
5633,1980,2,4,50183.0,1,1,2014-06-25,47,97,12,84,13,10,15,7,3,1,6,5,0,0,0,0,0,0,3,11,0,231,10,2,0,0.6363636363636364,0.2727272727272727,0.5454545454545454,0.09090909090909091,0.5,2014,6
7801,1959,2,4,54753.0,0,1,2013-09-12,87,197,107,227,7,59,131,3,5,2,11,4,0,0,0,0,0,0,3,11,0,728,18,1,0,0.15789473684210525,0.2631578947368421,0.5789473684210527,0.10526315789473684,1.0,2013,9
10489,1973,2,4,92955.0,0,0,2013-08-19,35,693,21,925,31,24,84,1,6,7,9,2,0,0,1,1,0,0,3,11,1,1778,22,0,2,0.043478260869565216,0.2608695652173913,0.391304347826087,0.30434782608695654,2.0,2013,8
7011,1973,2,4,33471.0,1,0,2012-10-12,47,43,2,27,0,9,12,3,3,0,4,7,0,0,0,0,0,0,3,11,0,93,7,1,0,0.375,0.375,0.5,0.0,0.375,2012,10
2620,1974,4,4,34596.0,1,0,2013-04-13,48,14,0,2,0,0,7,1,1,0,2,8,0,0,0,0,0,0,3,11,1,23,3,1,0,0.25,0.25,0.5,0.0,0.1111111111111111,2013,4
3933,1980,2,4,44010.0,1,0,2012-10-13,46,186,36,234,86,72,48,6,10,2,6,9,0,0,0,0,0,0,3,11,0,662,18,1,0,0.3157894736842105,0.5263157894736842,0.3157894736842105,0.10526315789473684,1.0,2012,10
10981,1988,2,4,84219.0,0,0,2014-02-02,27,434,137,400,45,137,45,1,3,4,10,1,0,0,0,0,0,0,3,11,0,1198,17,0,0,0.05555555555555555,0.16666666666666666,0.5555555555555556,0.2222222222222222,1.5,2014,2
1734,1968,4,4,40706.0,2,1,2013-01-17,37,59,0,11,4,2,5,4,3,0,4,7,0,0,0,0,0,0,3,11,0,81,7,3,0,0.5,0.375,0.5,0.0,0.375,2013,1
10995,1988,1,4,15716.0,1,0,2012-11-12,8,16,5,30,8,7,26,3,3,0,4,8,0,0,0,0,0,1,3,11,0,92,7,1,0,0.375,0.375,0.5,0.0,0.3333333333333333,2012,11
6357,1959,1,1,59052.0,0,1,2013-11-17,29,230,35,75,63,57,31,3,7,1,7,5,0,0,0,0,0,0,3,11,0,491,15,1,0,0.1875,0.4375,0.4375,0.0625,1.1666666666666667,2013,11
9209,1971,3,4,80573.0,0,0,2012-10-14,85,829,138,430,60,92,15,1,4,6,13,2,0,0,0,0,0,0,3,11,0,1564,23,0,0,0.041666666666666664,0.16666666666666666,0.5416666666666666,0.25,1.3333333333333333,2012,10
10286,1962,2,4,83715.0,0,0,2014-02-03,2,318,8,407,150,35,8,1,2,8,13,0,0,0,0,0,0,0,3,11,0,926,23,0,0,0.041666666666666664,0.08333333333333333,0.5416666666666666,0.3333333333333333,2.0,2014,2
2611,1959,3,4,82576.0,0,0,2012-08-01,66,1206,55,445,168,18,18,1,2,4,12,1,0,0,1,0,0,0,3,11,0,1910,18,0,1,0.05263157894736842,0.10526315789473684,0.631578947368421,0.21052631578947367,1.0,2012,8
1600,1965,3,4,56962.0,2,1,2013-10-11,60,292,3,77,10,3,26,7,6,3,5,7,0,0,0,0,0,0,3,11,0,411,14,3,0,0.4666666666666667,0.4,0.3333333333333333,0.2,0.75,2013,10
3308,1952,2,4,35704.0,1,1,2014-01-03,54,30,9,12,2,11,30,3,2,0,4,4,0,0,0,0,0,0,3,11,0,94,6,2,0,0.42857142857142855,0.2857142857142857,0.5714285714285714,0.0,0.4,2014,1
5407,1954,2,4,53103.0,0,1,2013-09-12,70,729,17,133,11,0,195,5,10,6,7,7,1,0,0,0,0,0,3,11,0,1085,23,1,1,0.20833333333333334,0.4166666666666667,0.2916666666666667,0.25,1.25,2013,9
2166,1960,1,2,46779.0,1,1,2013-07-12,55,12,1,3,0,0,7,1,0,1,2,4,0,0,0,0,0,0,3,11,0,23,3,2,0,0.25,0.0,0.5,0.25,0.0,2013,7
3955,1965,2,1,4861.0,0,0,2014-06-22,20,2,1,1,1,0,1,0,0,0,0,14,0,0,0,0,0,0,3,11,0,6,0,0,0,0.0,0.0,0.0,0.0,0.0,2014,6
6634,1979,3,1,33462.0,1,0,2013-08-07,78,22,3,18,0,0,11,1,2,0,3,7,0,0,0,0,0,0,3,11,0,54,5,1,0,0.16666666666666666,0.3333333333333333,0.5,0.0,0.25,2013,8
3056,1978,2,1,63693.0,0,1,2013-10-14,63,587,43,337,42,87,54,3,11,6,9,6,0,0,0,0,0,0,3,11,0,1150,26,1,0,0.1111111111111111,0.4074074074074074,0.3333333333333333,0.2222222222222222,1.5714285714285714,2013,10
5718,1950,2,4,80763.0,0,0,2013-08-15,17,674,168,108,192,42,231,1,5,11,6,3,0,0,1,1,0,0,3,11,1,1415,22,0,2,0.043478260869565216,0.21739130434782608,0.2608695652173913,0.4782608695652174,1.25,2013,8
6872,1974,4,4,65352.0,0,1,2013-08-21,43,284,3,84,4,7,23,2,4,2,8,4,0,0,0,0,0,0,3,11,0,405,14,1,0,0.13333333333333333,0.26666666666666666,0.5333333333333333,0.13333333333333333,0.8,2013,8
8164,1978,4,4,82170.0,0,0,2013-11-25,13,1023,93,651,49,55,37,1,5,6,7,2,0,0,0,0,0,0,3,11,0,1908,18,0,0,0.05263157894736842,0.2631578947368421,0.3684210526315789,0.3157894736842105,1.6666666666666667,2013,11
4580,1969,2,4,75759.0,0,0,2013-10-25,46,1394,22,708,89,91,182,1,9,7,9,5,1,0,1,1,0,0,3,11,1,2486,25,0,3,0.038461538461538464,0.34615384615384615,0.34615384615384615,0.2692307692307692,1.5,2013,10
9305,1976,1,0,79689.0,0,0,2013-05-12,65,311,26,640,180,37,121,1,4,9,13,2,0,0,0,0,0,0,3,11,0,1315,26,0,0,0.037037037037037035,0.14814814814814814,0.48148148148148145,0.3333333333333333,1.3333333333333333,2013,5
453,1956,4,2,35340.0,1,1,2014-06-29,1,27,0,12,0,1,5,2,2,0,3,5,0,0,0,0,0,0,3,11,0,45,5,2,0,0.3333333333333333,0.3333333333333333,0.5,0.0,0.3333333333333333,2014,6
8545,1954,2,1,85683.0,0,0,2014-03-21,6,1296,17,311,45,69,51,1,2,4,10,1,0,1,1,1,1,0,3,11,1,1789,16,0,4,0.058823529411764705,0.11764705882352941,0.5882352941176471,0.23529411764705882,1.0,2014,3
9850,1972,1,4,24884.0,1,0,2012-11-29,32,3,6,7,0,0,3,1,0,0,3,7,0,0,0,0,0,0,3,11,0,19,3,1,0,0.25,0.0,0.75,0.0,0.0,2012,11
7378,1981,3,4,42021.0,1,0,2012-08-31,34,393,5,136,7,5,27,5,10,1,6,9,1,0,0,0,0,0,3,11,0,573,17,1,1,0.2777777777777778,0.5555555555555556,0.3333333333333333,0.05555555555555555,1.0,2012,8
7646,1989,2,0,64449.0,1,0,2014-02-18,70,218,63,282,137,35,70,4,5,3,12,4,0,0,0,0,0,0,3,11,0,805,20,1,0,0.19047619047619047,0.23809523809523808,0.5714285714285714,0.14285714285714285,1.0,2014,2
1640,1954,2,1,64587.0,1,1,2014-06-22,49,66,0,16,0,6,20,2,1,1,4,3,0,0,0,0,0,0,3,11,0,108,6,2,0,0.2857142857142857,0.14285714285714285,0.5714285714285714,0.14285714285714285,0.25,2014,6
5184,1995,2,0,34824.0,0,0,2014-03-26,65,4,2,11,2,0,4,1,1,0,2,6,0,0,0,0,0,0,3,11,0,23,3,0,0,0.25,0.25,0.5,0.0,0.14285714285714285,2014,3
8492,1978,2,4,75437.0,0,0,2013-11-09,25,795,0,545,95,58,0,1,8,4,10,6,0,0,0,1,0,0,3,11,0,1493,22,0,1,0.043478260869565216,0.34782608695652173,0.43478260869565216,0.17391304347826086,1.1428571428571428,2013,11
11188,1957,2,4,26091.0,1,1,2014-02-25,84,15,10,19,8,17,20,3,2,1,3,5,0,0,0,0,0,0,3,11,0,89,6,2,0,0.42857142857142855,0.2857142857142857,0.42857142857142855,0.14285714285714285,0.3333333333333333,2014,2
1212,1973,2,4,52845.0,1,0,2013-08-13,7,384,25,292,130,41,64,3,8,8,6,6,1,0,0,0,0,0,3,11,0,936,22,1,1,0.13043478260869565,0.34782608695652173,0.2608695652173913,0.34782608695652173,1.1428571428571428,2013,8
9097,1956,2,1,46086.0,0,1,2013-11-03,34,244,8,32,7,2,50,4,3,1,8,4,0,0,0,0,0,0,3,11,0,343,12,1,0,0.3076923076923077,0.23076923076923078,0.6153846153846154,0.07692307692307693,0.6,2013,11
10473,1956,4,2,78028.0,0,1,2012-09-10,38,158,19,288,25,0,38,1,6,4,9,7,0,1,1,0,0,0,3,11,1,528,19,1,2,0.05,0.3,0.45,0.2,0.75,2012,9
7962,1987,4,0,95169.0,0,0,2013-10-09,1,1285,21,449,106,20,20,1,4,3,4,1,0,0,1,1,0,0,3,11,1,1901,11,0,2,0.08333333333333333,0.3333333333333333,0.3333333333333333,0.25,2.0,2013,10
9984,1981,1,4,56337.0,1,1,2013-03-27,25,349,16,144,28,5,182,5,8,5,4,8,1,0,0,1,0,0,3,11,1,724,17,2,2,0.2777777777777778,0.4444444444444444,0.2222222222222222,0.2777777777777778,0.8888888888888888,2013,3
5527,1987,2,4,22434.0,1,0,2013-02-13,25,4,12,11,3,13,15,2,2,0,3,8,0,0,0,0,0,0,3,11,0,58,5,1,0,0.3333333333333333,0.3333333333333333,0.5,0.0,0.2222222222222222,2013,2
6374,1954,4,4,36930.0,0,1,2013-05-17,50,223,2,31,0,2,39,5,5,2,4,8,0,0,0,0,0,0,3,11,0,297,11,1,0,0.4166666666666667,0.4166666666666667,0.3333333333333333,0.16666666666666666,0.5555555555555556,2013,5
7453,1954,2,0,36130.0,0,1,2013-02-02,46,157,43,127,68,56,37,6,3,8,4,4,1,0,0,0,0,0,3,11,1,488,15,1,1,0.375,0.1875,0.25,0.5,0.6,2013,2
8952,1953,3,4,65569.0,0,1,2012-11-05,96,397,46,288,20,38,70,2,6,5,10,3,0,0,0,0,0,0,3,11,0,859,21,1,0,0.09090909090909091,0.2727272727272727,0.45454545454545453,0.22727272727272727,1.5,2012,11
241,1952,2,4,83844.0,0,0,2013-05-12,57,901,31,345,75,31,191,1,4,4,11,1,0,0,1,0,0,0,3,11,0,1574,19,0,1,0.05,0.2,0.55,0.2,2.0,2013,5
8975,1968,2,4,19514.0,1,1,2014-01-26,47,14,3,21,2,1,28,4,3,1,2,8,1,0,0,0,0,0,3,11,0,69,6,2,1,0.5714285714285714,0.42857142857142855,0.2857142857142857,0.14285714285714285,0.3333333333333333,2014,1
6119,1963,4,0,36736.0,1,1,2013-05-10,52,10,0,3,0,0,4,1,1,0,2,6,0,0,0,0,0,0,3,11,0,17,3,2,0,0.25,0.25,0.5,0.0,0.14285714285714285,2013,5
5236,1979,2,4,77568.0,0,1,2012-08-25,30,1230,0,396,232,178,158,1,10,2,8,5,0,1,1,1,0,0,3,11,0,2194,20,1,3,0.047619047619047616,0.47619047619047616,0.38095238095238093,0.09523809523809523,1.6666666666666667,2012,8
5723,1976,4,4,49187.0,0,1,2014-01-11,63,81,1,31,2,1,0,1,1,1,5,2,0,0,0,0,0,0,3,11,0,116,7,1,0,0.125,0.125,0.625,0.125,0.3333333333333333,2014,1
1710,1978,2,0,30168.0,1,0,2013-03-07,51,154,20,66,0,12,27,7,6,1,4,9,0,0,0,0,0,0,3,11,0,279,11,1,0,0.5833333333333334,0.5,0.3333333333333333,0.08333333333333333,0.6,2013,3
1970,1968,3,4,34053.0,0,1,2012-09-10,14,63,0,21,7,0,12,1,3,0,3,8,0,0,0,0,0,0,3,11,0,103,6,1,0,0.14285714285714285,0.42857142857142855,0.42857142857142855,0.0,0.3333333333333333,2012,9
5313,1971,3,4,38196.0,1,1,2014-04-18,20,30,0,11,0,0,3,3,2,0,4,5,0,0,0,0,0,0,3,11,0,44,6,2,0,0.42857142857142855,0.2857142857142857,0.5714285714285714,0.0,0.3333333333333333,2014,4
10634,1951,3,4,59412.0,0,0,2014-04-19,56,90,67,165,30,43,11,1,4,2,8,3,0,0,0,0,0,0,3,11,0,406,14,0,0,0.06666666666666667,0.26666666666666666,0.5333333333333333,0.13333333333333333,1.0,2014,4
7010,1965,1,4,70924.0,0,0,2014-04-07,41,635,114,254,132,152,76,1,6,6,7,3,0,0,1,0,0,0,3,11,0,1363,19,0,1,0.05,0.3,0.35,0.3,1.5,2014,4
8562,1969,2,4,54165.0,0,0,2013-05-28,72,127,4,73,15,6,11,1,2,1,7,2,0,0,0,0,0,0,3,11,0,236,10,0,0,0.09090909090909091,0.18181818181818182,0.6363636363636364,0.09090909090909091,0.6666666666666666,2013,5
3158,1973,2,4,32300.0,1,0,2013-01-03,1,13,3,6,6,5,6,1,1,0,3,8,0,0,0,0,0,0,3,11,0,39,4,1,0,0.2,0.2,0.6,0.0,0.1111111111111111,2013,1
4436,1976,2,0,20180.0,0,0,2013-02-20,27,18,42,24,15,20,18,1,2,1,4,7,0,0,0,0,0,0,3,11,0,137,7,0,0,0.125,0.25,0.5,0.125,0.25,2013,2
5287,1973,2,4,34961.0,1,0,2014-06-19,77,45,2,26,4,1,1,3,3,1,3,7,0,0,0,0,0,0,3,11,0,79,7,1,0,0.375,0.375,0.375,0.125,0.375,2014,6
2445,1974,4,4,28440.0,1,0,2013-07-07,87,38,1,24,0,0,0,1,2,0,3,8,0,0,0,0,0,0,3,11,0,63,5,1,0,0.16666666666666666,0.3333333333333333,0.5,0.0,0.2222222222222222,2013,7
6059,1953,4,4,64504.0,1,2,2013-03-04,81,986,36,168,16,0,108,7,11,3,4,7,0,0,0,0,0,0,3,11,1,1314,18,3,0,0.3684210526315789,0.5789473684210527,0.21052631578947367,0.15789473684210525,1.375,2013,3
4550,1966,3,4,33564.0,0,1,2014-06-24,51,61,0,3,0,0,7,1,1,1,3,5,0,0,0,0,0,0,3,11,0,71,5,1,0,0.16666666666666666,0.16666666666666666,0.5,0.16666666666666666,0.16666666666666666,2014,6
4240,1978,2,4,17345.0,1,0,2012-11-03,79,4,9,16,17,0,12,2,2,1,2,8,0,0,0,0,0,0,3,11,0,58,5,1,0,0.3333333333333333,0.3333333333333333,0.3333333333333333,0.16666666666666666,0.2222222222222222,2012,11
8911,1967,4,4,56320.0,0,1,2013-04-08,11,201,53,172,116,77,83,3,5,4,9,4,0,0,0,0,0,0,3,11,0,702,18,1,0,0.15789473684210525,0.2631578947368421,0.47368421052631576,0.21052631578947367,1.0,2013,4
3706,1978,2,0,28647.0,1,0,2013-08-21,54,19,8,29,0,12,26,1,2,2,2,7,1,0,0,0,0,0,3,11,1,94,6,1,1,0.14285714285714285,0.2857142857142857,0.2857142857142857,0.2857142857142857,0.25,2013,8
3628,1987,0,0,15038.0,1,0,2013-01-29,93,4,8,11,19,12,26,2,2,1,2,9,0,0,0,0,0,0,3,11,0,80,5,1,0,0.3333333333333333,0.3333333333333333,0.3333333333333333,0.16666666666666666,0.2,2013,1
10175,1958,4,1,32173.0,0,1,2013-08-01,0,18,0,2,0,0,2,1,1,0,3,4,0,0,0,0,0,0,3,11,0,22,4,1,0,0.2,0.2,0.6,0.0,0.2,2013,8
8985,1964,1,4,68316.0,0,1,2012-11-04,54,806,80,161,120,11,33,5,10,7,10,6,0,0,0,0,0,0,3,11,0,1211,27,1,0,0.17857142857142858,0.35714285714285715,0.35714285714285715,0.25,1.4285714285714286,2012,11
5204,1971,2,4,74538.0,0,0,2013-06-29,21,380,98,733,110,112,28,1,8,8,5,3,0,0,1,0,0,0,3,11,1,1461,21,0,1,0.045454545454545456,0.36363636363636365,0.22727272727272727,0.36363636363636365,2.0,2013,6
9220,1971,2,0,91700.0,0,0,2013-01-17,58,576,172,961,125,115,19,1,8,6,5,3,0,0,0,0,0,0,3,11,1,1968,19,0,0,0.05,0.4,0.25,0.3,2.0,2013,1
9888,1969,2,4,68695.0,0,0,2014-06-25,3,458,81,356,106,50,40,1,4,4,7,2,0,0,0,0,0,0,3,11,0,1091,15,0,0,0.0625,0.25,0.4375,0.25,1.3333333333333333,2014,6
5263,1977,1,4,31056.0,1,0,2013-01-22,99,5,10,13,3,8,16,1,1,0,3,8,0,0,0,0,0,0,3,11,0,55,4,1,0,0.2,0.2,0.6,0.0,0.1111111111111111,2013,1
1020,1973,2,4,79593.0,0,0,2014-05-12,70,350,60,568,110,133,145,1,5,6,7,2,0,0,1,0,0,0,3,11,0,1366,18,0,1,0.05263157894736842,0.2631578947368421,0.3684210526315789,0.3157894736842105,1.6666666666666667,2014,5
9503,1980,2,0,28071.0,0,0,2012-08-29,65,39,33,130,41,26,44,2,5,1,5,8,0,0,0,0,0,0,3,11,0,313,11,0,0,0.16666666666666666,0.4166666666666667,0.4166666666666667,0.08333333333333333,0.5555555555555556,2012,8
10613,1958,4,4,37334.0,1,1,2014-02-26,44,26,1,16,2,2,15,4,3,0,4,4,0,0,0,0,0,0,3,11,0,62,7,2,0,0.5,0.375,0.5,0.0,0.6,2014,2
67,1972,3,0,46423.0,1,1,2013-09-18,6,68,0,16,0,0,8,3,2,0,4,7,0,0,0,0,0,0,3,11,0,92,6,2,0,0.42857142857142855,0.2857142857142857,0.5714285714285714,0.0,0.25,2013,9
6019,1971,4,4,37126.0,1,0,2014-03-30,9,45,3,9,4,4,7,1,1,2,2,6,1,0,0,0,0,0,3,11,1,72,5,1,1,0.16666666666666666,0.16666666666666666,0.3333333333333333,0.3333333333333333,0.14285714285714285,2014,3
5863,1953,2,4,47703.0,0,1,2013-05-29,95,359,0,134,13,26,123,4,6,3,8,5,0,0,0,0,0,0,3,11,0,655,17,1,0,0.2222222222222222,0.3333333333333333,0.4444444444444444,0.16666666666666666,1.0,2013,5
3717,1959,2,4,61180.0,0,1,2014-04-23,70,403,24,29,6,24,218,2,5,5,6,3,1,0,0,0,0,0,3,11,0,704,16,1,1,0.11764705882352941,0.29411764705882354,0.35294117647058826,0.29411764705882354,1.25,2014,4
6730,1954,2,4,38998.0,1,1,2012-11-03,92,34,1,14,0,0,5,3,2,0,3,8,0,0,0,0,0,1,3,11,0,54,5,2,0,0.5,0.3333333333333333,0.5,0.0,0.2222222222222222,2012,11
10749,1991,2,0,8028.0,0,0,2012-09-18,62,73,18,66,7,12,2,15,0,1,0,19,0,0,0,0,0,0,3,11,0,178,1,0,0,7.5,0.0,0.0,0.5,0.0,2012,9
4998,1962,2,4,76081.0,0,0,2014-05-23,85,292,30,415,63,33,200,1,4,5,4,2,0,0,0,1,0,0,3,11,0,1033,13,0,1,0.07142857142857142,0.2857142857142857,0.2857142857142857,0.35714285714285715,1.3333333333333333,2014,5
6287,1986,2,4,34728.0,1,0,2013-07-30,2,14,0,16,0,0,6,1,1,1,2,6,0,0,0,0,0,0,3,11,1,36,4,1,0,0.2,0.2,0.4,0.2,0.14285714285714285,2013,7
5985,1965,3,0,33168.0,0,1,2012-10-13,0,80,1,37,0,1,3,3,2,1,4,7,0,0,0,0,0,0,3,11,0,122,7,1,0,0.375,0.25,0.5,0.125,0.25,2012,10
4754,1966,3,4,33585.0,0,1,2013-09-25,91,30,11,33,13,6,29,1,2,0,4,4,0,0,0,0,0,0,3,11,0,122,6,1,0,0.14285714285714285,0.2857142857142857,0.5714285714285714,0.0,0.4,2013,9
4002,1960,4,4,77037.0,0,1,2013-10-13,3,463,96,333,168,53,10,1,7,7,12,3,0,0,0,0,0,0,3,11,0,1123,26,1,0,0.037037037037037035,0.25925925925925924,0.4444444444444444,0.25925925925925924,1.75,2013,10
8870,1984,2,4,35196.0,1,0,2012-11-13,68,75,12,141,43,39,187,6,6,1,5,8,0,0,0,0,0,0,3,11,1,497,12,1,0,0.46153846153846156,0.46153846153846156,0.38461538461538464,0.07692307692307693,0.6666666666666666,2012,11
966,1966,2,4,44529.0,0,1,2013-07-05,98,538,13,91,17,6,26,6,6,2,11,5,0,1,0,0,0,0,3,11,0,691,19,1,1,0.3,0.3,0.55,0.1,1.0,2013,7
4767,1965,1,4,70924.0,0,0,2014-04-07,41,635,114,254,132,152,76,1,6,6,7,3,0,0,1,0,0,0,3,11,0,1363,19,0,1,0.05,0.3,0.35,0.3,1.5,2014,4
9725,1966,4,4,28764.0,1,1,2014-06-05,16,8,0,3,0,0,1,1,1,0,2,8,1,0,0,0,0,0,3,11,0,12,3,2,1,0.25,0.25,0.5,0.0,0.1111111111111111,2014,6
4475,1949,4,4,69098.0,0,0,2013-02-16,82,1315,22,780,145,0,178,1,7,8,9,5,0,0,0,0,0,0,3,11,0,2440,24,0,0,0.04,0.28,0.36,0.32,1.1666666666666667,2013,2
5740,1970,1,1,25959.0,1,1,2013-02-14,1,4,2,12,7,5,26,2,1,2,2,6,0,0,0,0,0,0,3,11,1,56,5,2,0,0.3333333333333333,0.16666666666666666,0.3333333333333333,0.3333333333333333,0.14285714285714285,2013,2
5731,1983,3,4,27100.0,1,0,2013-04-05,64,12,0,13,2,0,10,1,1,0,3,7,0,0,0,0,0,0,3,11,0,37,4,1,0,0.2,0.2,0.6,0.0,0.125,2013,4
7290,1985,2,0,70596.0,0,0,2012-10-05,68,347,44,534,17,0,26,1,3,5,12,2,0,0,0,0,0,0,3,11,0,968,20,0,0,0.047619047619047616,0.14285714285714285,0.5714285714285714,0.23809523809523808,1.0,2012,10
3846,1974,2,4,42557.0,0,1,2012-08-29,98,192,5,53,0,5,15,4,6,1,4,8,0,0,0,0,0,0,3,11,0,270,11,1,0,0.3333333333333333,0.5,0.3333333333333333,0.08333333333333333,0.6666666666666666,2012,8
8104,1951,4,4,53312.0,0,0,2013-08-09,32,241,0,12,0,0,25,1,5,1,5,7,0,0,0,0,0,0,3,11,0,278,11,0,0,0.08333333333333333,0.4166666666666667,0.4166666666666667,0.08333333333333333,0.625,2013,8
4507,1952,2,0,72228.0,0,0,2012-11-27,87,631,28,491,30,14,56,1,6,7,8,3,0,0,0,0,0,0,3,11,0,1250,21,0,0,0.045454545454545456,0.2727272727272727,0.36363636363636365,0.3181818181818182,1.5,2012,11
11013,1987,2,4,67605.0,0,0,2013-03-31,84,336,28,282,184,54,54,1,2,8,6,1,0,0,0,0,0,0,3,11,0,938,16,0,0,0.058823529411764705,0.11764705882352941,0.35294117647058826,0.47058823529411764,1.0,2013,3
4491,1949,3,4,62845.0,1,1,2012-10-01,3,1099,0,45,0,0,34,11,3,4,10,8,0,1,0,0,0,0,3,11,0,1178,17,2,1,0.6111111111111112,0.16666666666666666,0.5555555555555556,0.2222222222222222,0.3333333333333333,2012,10
3759,1958,2,4,65196.0,0,2,2013-07-25,34,743,19,181,12,0,200,2,7,6,11,5,1,0,0,0,0,0,3,11,0,1155,24,2,1,0.08,0.28,0.44,0.24,1.1666666666666667,2013,7
1162,1987,4,0,42000.0,0,0,2013-01-10,23,124,83,267,85,59,35,2,5,2,11,5,0,0,0,0,0,0,3,11,1,653,18,0,0,0.10526315789473684,0.2631578947368421,0.5789473684210527,0.10526315789473684,0.8333333333333334,2013,1
2055,1973,4,1,35860.0,1,1,2014-05-19,37,15,0,8,4,2,20,2,1,1,2,5,1,0,0,0,0,0,3,11,0,49,4,2,1,0.4,0.2,0.4,0.2,0.16666666666666666,2014,5
10766,1964,4,4,65526.0,0,1,2014-04-11,22,397,19,69,12,0,9,1,4,4,8,2,0,0,0,0,0,0,3,11,0,506,16,1,0,0.058823529411764705,0.23529411764705882,0.47058823529411764,0.23529411764705882,1.3333333333333333,2014,4
4415,1961,2,4,16860.0,1,1,2012-09-12,19,10,4,4,3,3,14,3,1,1,3,7,0,0,0,0,0,0,3,11,0,38,5,2,0,0.5,0.16666666666666666,0.5,0.16666666666666666,0.125,2012,9
3005,1992,2,0,83528.0,0,0,2014-05-01,7,530,117,678,134,44,147,1,4,10,8,1,1,0,0,1,0,0,3,11,1,1650,22,0,2,0.043478260869565216,0.17391304347826086,0.34782608695652173,0.43478260869565216,2.0,2014,5
2223,1965,1,1,64176.0,0,1,2012-08-03,52,1215,33,249,64,116,149,8,8,9,8,6,0,0,0,0,0,0,3,11,0,1826,25,1,0,0.3076923076923077,0.3076923076923077,0.3076923076923077,0.34615384615384615,1.1428571428571428,2012,8
4817,1956,2,1,22304.0,0,0,2012-08-04,91,3,2,7,0,4,2,1,1,0,2,8,0,0,0,0,0,0,3,11,0,18,3,0,0,0.25,0.25,0.5,0.0,0.1111111111111111,2012,8
2875,1978,2,4,67023.0,0,0,2014-03-04,93,444,44,382,11,8,17,1,3,7,13,2,0,0,0,0,0,1,3,11,0,906,23,0,0,0.041666666666666664,0.125,0.5416666666666666,0.2916666666666667,1.0,2014,3
10536,1971,4,4,32892.0,1,0,2014-05-25,78,26,0,15,2,1,2,2,3,0,3,8,0,0,0,0,0,0,3,11,0,46,6,1,0,0.2857142857142857,0.42857142857142855,0.42857142857142855,0.0,0.3333333333333333,2014,5
11112,1966,2,4,70713.0,0,1,2012-12-03,23,736,114,279,82,76,190,6,5,6,8,3,0,0,0,0,0,0,3,11,0,1477,19,1,0,0.3,0.25,0.4,0.3,1.25,2012,12
3807,1955,2,4,59925.0,0,1,2012-11-30,83,473,21,176,19,21,56,3,9,2,9,6,0,0,0,0,0,0,3,11,0,766,20,1,0,0.14285714285714285,0.42857142857142855,0.42857142857142855,0.09523809523809523,1.2857142857142858,2012,11
9197,1953,2,4,39722.0,0,1,2014-02-24,92,32,0,5,2,0,8,2,2,0,3,5,0,0,0,0,0,0,3,11,0,47,5,1,0,0.3333333333333333,0.3333333333333333,0.5,0.0,0.3333333333333333,2014,2
10832,1958,2,4,46610.0,0,0,2013-07-18,4,288,10,30,4,10,125,1,6,1,6,6,0,0,0,0,0,0,3,11,0,467,13,0,0,0.07142857142857142,0.42857142857142855,0.42857142857142855,0.07142857142857142,0.8571428571428571,2013,7
6421,1961,2,4,88347.0,0,0,2013-07-03,32,1050,178,555,77,138,118,1,4,7,9,1,0,0,0,1,0,0,3,11,0,2116,20,0,1,0.047619047619047616,0.19047619047619047,0.42857142857142855,0.3333333333333333,2.0,2013,7
4207,1981,4,4,87171.0,0,0,2013-05-01,27,1001,44,107,58,44,44,1,6,7,11,2,1,0,1,0,0,0,3,11,0,1298,24,0,2,0.04,0.24,0.44,0.28,2.0,2013,5
577,1976,1,4,26907.0,1,1,2013-08-20,10,9,1,7,0,3,2,2,1,0,3,7,0,0,0,0,0,0,3,11,0,22,4,2,0,0.4,0.2,0.6,0.0,0.125,2013,8
10855,1968,3,0,50014.0,1,0,2014-01-22,9,234,14,77,19,10,42,2,4,1,8,5,0,0,0,0,0,0,3,11,0,396,13,1,0,0.14285714285714285,0.2857142857142857,0.5714285714285714,0.07142857142857142,0.6666666666666666,2014,1
3081,1978,4,4,41014.0,1,0,2013-04-22,65,7,2,6,2,0,3,1,1,0,2,7,0,0,0,0,0,0,3,11,0,20,3,1,0,0.25,0.25,0.5,0.0,0.125,2013,4
3535,1965,2,0,66294.0,0,0,2014-03-17,68,251,108,334,65,92,117,1,4,3,5,2,0,0,0,0,0,0,3,11,0,967,12,0,0,0.07692307692307693,0.3076923076923077,0.38461538461538464,0.23076923076923078,1.3333333333333333,2014,3
247,1971,2,4,36715.0,1,0,2012-11-17,16,172,10,125,21,13,16,6,7,2,4,9,0,0,0,0,0,0,3,11,1,357,13,1,0,0.42857142857142855,0.5,0.2857142857142857,0.14285714285714285,0.7,2012,11
8707,1956,2,4,79456.0,0,0,2012-08-22,12,565,42,548,64,83,99,1,5,6,4,3,0,0,0,0,0,0,3,11,1,1401,15,0,0,0.0625,0.3125,0.25,0.375,1.25,2012,8
9523,1982,2,4,40479.0,1,0,2013-08-17,95,5,0,8,2,0,0,1,0,0,3,4,0,0,0,0,0,0,3,11,0,15,3,1,0,0.25,0.0,0.75,0.0,0.0,2013,8
6072,1970,3,0,75345.0,0,0,2013-02-02,16,918,57,842,99,38,133,1,5,8,6,3,0,0,0,1,0,0,3,11,1,2087,19,0,1,0.05,0.25,0.3,0.4,1.25,2013,2
6295,1977,2,4,54233.0,0,1,2013-02-04,46,652,8,158,21,0,142,4,11,6,5,8,0,0,0,0,0,0,3,11,0,981,22,1,0,0.17391304347826086,0.4782608695652174,0.21739130434782608,0.2608695652173913,1.2222222222222223,2013,2
10914,1970,2,0,24163.0,1,1,2013-10-12,3,4,1,7,2,1,2,2,1,0,3,4,0,0,0,0,0,0,3,11,0,17,4,2,0,0.4,0.2,0.6,0.0,0.2,2013,10
1509,1958,4,4,84460.0,0,0,2013-01-04,80,152,27,103,106,54,81,0,9,9,4,5,0,1,1,1,1,0,3,11,1,523,22,0,4,0.0,0.391304347826087,0.17391304347826086,0.391304347826087,1.5,2013,1
5577,1983,2,4,43776.0,1,0,2014-05-03,77,8,0,9,2,1,3,1,1,0,2,6,0,0,0,0,0,0,3,11,0,23,3,1,0,0.25,0.25,0.5,0.0,0.14285714285714285,2014,5
7348,1958,4,0,71691.0,0,0,2014-03-17,0,336,130,411,240,32,43,1,4,7,5,2,0,0,0,0,0,0,3,11,1,1192,16,0,0,0.058823529411764705,0.23529411764705882,0.29411764705882354,0.4117647058823529,1.3333333333333333,2014,3
1127,1973,4,4,85844.0,0,0,2014-05-29,62,938,19,843,25,95,38,1,6,6,7,2,0,0,1,0,0,0,3,11,0,1958,19,0,1,0.05,0.3,0.35,0.3,2.0,2014,5
1833,1974,4,0,39190.0,1,0,2014-04-26,91,68,8,18,19,8,12,2,2,1,4,5,0,0,0,0,0,0,3,11,0,133,7,1,0,0.25,0.25,0.5,0.125,0.3333333333333333,2014,4
4944,1959,2,4,71367.0,0,0,2013-08-23,24,227,23,389,42,21,75,1,4,5,7,2,0,0,0,0,0,0,3,11,0,777,16,0,0,0.058823529411764705,0.23529411764705882,0.4117647058823529,0.29411764705882354,1.3333333333333333,2013,8
9080,1972,4,0,38578.0,1,1,2013-06-22,2,38,4,22,3,3,3,3,3,0,3,8,0,0,0,0,0,0,3,11,0,73,6,2,0,0.42857142857142855,0.42857142857142855,0.42857142857142855,0.0,0.3333333333333333,2013,6
6466,1965,4,4,57236.0,1,1,2014-03-12,22,105,0,9,2,1,4,3,2,1,4,3,0,0,0,0,0,0,3,11,0,121,7,2,0,0.375,0.25,0.5,0.125,0.5,2014,3
9964,1979,2,0,61825.0,0,1,2013-08-07,56,162,50,100,55,30,27,1,4,2,8,4,0,0,0,0,0,0,3,11,0,424,14,1,0,0.06666666666666667,0.26666666666666666,0.5333333333333333,0.13333333333333333,0.8,2013,8
4790,1958,2,1,79803.0,0,1,2014-06-02,54,574,8,216,21,16,33,1,4,3,5,1,0,0,0,0,0,0,3,11,0,868,12,1,0,0.07692307692307693,0.3076923076923077,0.38461538461538464,0.23076923076923078,2.0,2014,6
10245,1986,1,0,80910.0,0,0,2012-10-31,71,160,80,369,67,39,41,1,3,3,8,1,0,0,0,0,0,0,3,11,0,756,14,0,0,0.06666666666666667,0.2,0.5333333333333333,0.2,1.5,2012,10
1109,1982,3,4,27590.0,1,0,2013-04-23,38,6,0,5,0,0,1,1,1,0,2,7,0,0,0,0,0,0,3,11,0,12,3,1,0,0.25,0.25,0.5,0.0,0.125,2013,4
6001,1979,2,4,56775.0,0,1,2013-01-02,62,614,35,160,58,35,35,2,5,8,10,5,0,0,0,0,0,0,3,11,0,937,23,1,0,0.08333333333333333,0.20833333333333334,0.4166666666666667,0.3333333333333333,0.8333333333333334,2013,1
5538,1975,2,1,83829.0,0,0,2013-10-08,78,897,161,430,186,161,27,0,4,7,6,1,1,0,1,1,0,0,3,11,1,1862,17,0,3,0.0,0.2222222222222222,0.3333333333333333,0.3888888888888889,2.0,2013,10
10552,1979,1,4,54210.0,0,1,2013-05-20,18,70,54,109,80,9,45,2,4,1,7,5,0,0,0,0,0,0,3,11,0,367,12,1,0,0.15384615384615385,0.3076923076923077,0.5384615384615384,0.07692307692307693,0.6666666666666666,2013,5
1545,1986,2,4,38508.0,1,0,2013-08-02,95,120,19,206,25,19,54,6,7,2,5,8,0,0,0,0,0,0,3,11,0,443,14,1,0,0.4,0.4666666666666667,0.3333333333333333,0.13333333333333333,0.7777777777777778,2013,8
7409,1970,2,4,53187.0,1,0,2013-10-26,66,211,2,30,7,7,10,2,4,1,6,5,0,0,0,0,0,0,3,11,0,267,11,1,0,0.16666666666666666,0.3333333333333333,0.5,0.08333333333333333,0.6666666666666666,2013,10
4444,1972,2,4,30023.0,1,0,2014-03-24,28,11,0,16,7,6,21,1,2,0,3,8,0,0,0,0,0,0,3,11,0,61,5,1,0,0.16666666666666666,0.3333333333333333,0.5,0.0,0.2222222222222222,2014,3
146,1960,4,0,76045.0,0,0,2013-11-15,78,760,53,400,17,93,0,1,4,5,11,2,0,0,0,1,0,0,3,11,0,1323,20,0,1,0.047619047619047616,0.19047619047619047,0.5238095238095238,0.23809523809523808,1.3333333333333333,2013,11
6271,1952,4,4,50870.0,0,1,2014-06-19,13,53,0,8,0,0,2,1,2,0,3,5,0,0,0,0,0,0,3,11,0,63,5,1,0,0.16666666666666666,0.3333333333333333,0.5,0.0,0.3333333333333333,2014,6
10065,1970,1,4,15315.0,0,0,2013-08-03,27,7,4,13,15,8,17,2,2,0,4,5,0,0,0,0,0,0,3,11,0,64,6,0,0,0.2857142857142857,0.2857142857142857,0.5714285714285714,0.0,0.3333333333333333,2013,8
4741,1974,1,4,65463.0,1,0,2014-01-30,17,391,32,70,21,32,16,2,6,2,9,5,0,1,0,0,0,0,3,11,0,562,17,1,1,0.1111111111111111,0.3333333333333333,0.5,0.1111111111111111,1.0,2014,1
246,1965,2,4,66480.0,1,1,2014-05-31,71,199,9,57,20,21,6,7,4,1,7,4,0,0,0,0,0,0,3,11,0,312,12,2,0,0.5384615384615384,0.3076923076923077,0.5384615384615384,0.07692307692307693,0.8,2014,5
375,1954,2,1,76773.0,0,0,2013-02-25,79,516,56,449,86,33,16,1,2,2,11,1,0,0,0,0,0,0,3,11,0,1156,15,0,0,0.0625,0.125,0.6875,0.125,1.0,2013,2
1524,1983,1,0,81698.0,0,0,2013-03-01,1,709,45,115,30,160,45,1,8,2,5,5,0,0,0,1,0,0,3,11,1,1104,15,0,1,0.0625,0.5,0.3125,0.125,1.3333333333333333,2013,3
10022,1973,4,0,54466.0,1,1,2014-02-09,78,12,0,4,0,0,0,1,1,0,2,5,0,0,0,0,0,0,3,11,0,16,3,2,0,0.25,0.25,0.5,0.0,0.16666666666666666,2014,2
7451,1960,3,0,98777.0,0,0,2014-02-17,23,1000,19,711,125,115,38,0,4,6,9,1,0,1,0,0,0,0,3,11,0,2008,19,0,1,0.0,0.2,0.45,0.3,2.0,2014,2
11010,1984,4,0,16269.0,1,0,2013-08-30,75,19,3,18,3,1,0,3,3,0,3,8,0,0,0,0,0,0,3,11,0,44,6,1,0,0.42857142857142855,0.42857142857142855,0.42857142857142855,0.0,0.3333333333333333,2013,8
4356,1971,2,4,71819.0,0,1,2013-08-28,70,1224,28,140,0,14,168,3,3,3,5,6,0,1,1,0,0,0,3,11,0,1574,11,1,2,0.25,0.25,0.4166666666666667,0.25,0.42857142857142855,2013,8
3885,1983,4,4,33569.0,1,0,2013-10-16,10,16,2,18,3,0,24,1,1,1,2,8,1,0,0,0,0,0,3,11,1,63,4,1,1,0.2,0.2,0.4,0.2,0.1111111111111111,2013,10
1175,1983,3,4,36262.0,0,0,2013-09-20,24,88,39,54,64,28,153,1,3,5,3,6,1,0,0,0,0,0,3,11,1,426,11,0,1,0.08333333333333333,0.25,0.25,0.4166666666666667,0.42857142857142855,2013,9
880,1966,0,4,22634.0,0,0,2013-01-16,47,2,23,11,8,6,46,1,2,1,2,8,0,0,0,0,0,0,3,11,0,96,5,0,0,0.16666666666666666,0.3333333333333333,0.3333333333333333,0.16666666666666666,0.2222222222222222,2013,1
2320,1978,1,4,47025.0,0,1,2013-09-12,98,508,11,59,23,5,29,5,11,1,6,9,0,0,0,0,0,0,3,11,0,635,18,1,0,0.2631578947368421,0.5789473684210527,0.3157894736842105,0.05263157894736842,1.1,2013,9
850,1968,2,0,70566.0,0,1,2013-10-06,4,381,28,215,84,28,21,2,6,5,9,3,0,0,0,0,0,0,3,11,0,757,20,1,0,0.09523809523809523,0.2857142857142857,0.42857142857142855,0.23809523809523808,1.5,2013,10
4713,1979,4,4,31605.0,1,0,2012-11-22,15,74,0,42,2,1,6,2,2,1,4,7,0,0,0,0,0,0,3,11,0,125,7,1,0,0.25,0.25,0.5,0.125,0.25,2012,11
675,1973,3,1,52034.0,1,1,2013-05-17,67,146,0,93,7,13,73,5,4,2,5,7,0,0,0,0,0,0,3,11,0,332,11,2,0,0.4166666666666667,0.3333333333333333,0.4166666666666667,0.16666666666666666,0.5,2013,5
5025,1979,2,0,48526.0,1,0,2013-12-24,32,23,17,23,43,20,9,1,2,1,4,3,0,0,0,0,0,0,3,11,0,135,7,1,0,0.125,0.25,0.5,0.125,0.5,2013,12
2308,1954,2,4,46734.0,0,1,2012-11-18,40,110,5,137,26,23,29,2,6,1,5,7,0,0,0,0,0,0,3,11,0,330,12,1,0,0.15384615384615385,0.46153846153846156,0.38461538461538464,0.07692307692307693,0.75,2012,11
5995,1962,2,1,39552.0,1,1,2012-12-18,54,165,3,147,4,24,41,7,6,2,5,8,0,0,0,0,0,0,3,11,1,384,13,2,0,0.5,0.42857142857142855,0.35714285714285715,0.14285714285714285,0.6666666666666666,2012,12
6749,1966,2,0,86358.0,1,1,2012-08-08,78,957,47,494,82,47,95,4,5,3,6,8,0,0,0,0,0,0,3,11,0,1722,14,2,0,0.26666666666666666,0.3333333333333333,0.4,0.2,0.5555555555555556,2012,8
1010,1977,2,4,46931.0,2,1,2014-04-24,94,41,0,17,3,1,16,2,1,1,3,3,0,0,0,0,0,0,3,11,0,78,5,3,0,0.3333333333333333,0.16666666666666666,0.5,0.16666666666666666,0.25,2014,4
8977,1985,0,0,16581.0,0,0,2013-01-12,51,1,3,4,2,3,11,1,0,0,3,4,0,0,0,0,0,0,3,11,0,24,3,0,0,0.25,0.0,0.75,0.0,0.0,2013,1
4756,1952,1,1,63998.0,0,0,2013-12-20,42,176,29,818,0,33,112,1,7,6,11,4,0,0,0,0,0,0,3,11,1,1168,24,0,0,0.04,0.28,0.44,0.24,1.4,2013,12
3412,1951,3,4,67381.0,0,1,2013-01-15,67,815,8,53,11,0,70,4,2,2,9,7,0,1,0,0,0,0,3,11,0,957,13,1,1,0.2857142857142857,0.14285714285714285,0.6428571428571429,0.14285714285714285,0.25,2013,1
606,1967,2,0,25930.0,1,1,2013-10-10,87,6,1,2,2,0,4,1,1,0,2,7,0,0,0,0,0,0,3,11,0,15,3,2,0,0.25,0.25,0.5,0.0,0.125,2013,10
5961,1978,2,4,42693.0,1,0,2014-06-07,29,8,4,20,6,3,16,1,1,0,3,5,0,0,0,0,0,0,3,11,0,57,4,1,0,0.2,0.2,0.6,0.0,0.16666666666666666,2014,6
2975,1976,2,4,85606.0,0,1,2012-11-12,89,717,42,864,219,30,84,2,6,7,9,3,0,0,0,1,0,0,3,11,0,1956,22,1,1,0.08695652173913043,0.2608695652173913,0.391304347826087,0.30434782608695654,1.5,2012,11
2894,1985,2,0,72903.0,0,0,2013-10-29,74,1067,138,750,0,19,39,1,7,5,8,4,0,1,1,1,0,0,3,11,1,2013,20,0,3,0.047619047619047616,0.3333333333333333,0.38095238095238093,0.23809523809523808,1.4,2013,10
7613,1974,1,4,49669.0,1,0,2014-05-24,97,166,5,107,11,8,29,2,5,1,6,6,0,0,0,0,0,0,3,11,0,326,12,1,0,0.15384615384615385,0.38461538461538464,0.46153846153846156,0.07692307692307693,0.7142857142857143,2014,5
10542,1968,4,4,36778.0,1,1,2012-08-05,63,29,4,34,2,4,4,3,3,0,3,9,0,0,0,0,0,0,3,11,0,77,6,2,0,0.42857142857142855,0.42857142857142855,0.42857142857142855,0.0,0.3,2012,8
8015,1962,4,1,85696.0,0,0,2013-05-03,88,714,76,395,116,0,12,1,4,6,9,1,0,0,0,0,0,0,3,11,1,1313,19,0,0,0.05,0.2,0.45,0.3,2.0,2013,5
10617,1989,3,1,10979.0,0,0,2014-05-22,34,8,4,10,2,2,4,2,3,0,3,5,0,0,0,0,0,0,3,11,0,30,6,0,0,0.2857142857142857,0.42857142857142855,0.42857142857142855,0.0,0.5,2014,5
11166,1961,2,4,49678.0,0,1,2013-02-02,81,229,5,56,3,2,20,2,6,2,4,7,0,0,0,0,0,0,3,11,0,315,12,1,0,0.15384615384615385,0.46153846153846156,0.3076923076923077,0.15384615384615385,0.75,2013,2
849,1953,3,4,56129.0,0,1,2013-06-20,65,320,48,133,39,72,48,4,6,2,10,4,0,0,0,0,0,0,3,11,0,660,18,1,0,0.21052631578947367,0.3157894736842105,0.5263157894736842,0.10526315789473684,1.2,2013,6
523,1989,2,4,37155.0,1,0,2013-01-31,51,23,0,26,7,15,3,1,2,0,4,5,0,0,0,0,0,0,3,11,0,74,6,1,0,0.14285714285714285,0.2857142857142857,0.5714285714285714,0.0,0.3333333333333333,2013,1
4066,1978,1,1,21282.0,1,0,2014-05-11,76,1,5,8,4,8,20,2,2,1,2,6,0,0,0,0,0,0,3,11,0,46,5,1,0,0.3333333333333333,0.3333333333333333,0.3333333333333333,0.16666666666666666,0.2857142857142857,2014,5
8414,1962,4,0,33419.0,0,1,2013-08-17,76,56,0,12,0,0,18,2,2,0,4,7,0,0,0,0,0,0,3,11,0,86,6,1,0,0.2857142857142857,0.2857142857142857,0.5714285714285714,0.0,0.25,2013,8
819,1945,2,2,63285.0,0,0,2013-11-05,84,508,124,249,50,38,134,1,6,5,13,3,0,0,0,0,0,0,3,11,0,1103,24,0,0,0.04,0.24,0.52,0.2,1.5,2013,11
4961,1974,3,4,21255.0,1,0,2014-01-21,56,29,0,25,2,2,3,4,2,1,4,4,0,0,0,0,0,0,3,11,0,61,7,1,0,0.5,0.25,0.5,0.125,0.4,2014,1
749,1981,2,4,42162.0,1,0,2013-11-19,31,46,7,59,2,4,27,2,3,1,3,6,1,0,0,0,0,0,3,11,1,145,7,1,1,0.25,0.375,0.375,0.125,0.42857142857142855,2013,11
5430,1956,2,4,54450.0,1,1,2012-09-14,0,454,0,171,8,19,32,12,9,2,8,8,0,0,0,0,0,0,3,11,0,684,19,2,0,0.6,0.45,0.4,0.1,1.0,2012,9
7755,1954,4,4,57744.0,0,1,2013-11-12,91,350,3,39,0,0,19,2,9,1,4,8,0,0,0,0,0,0,3,11,0,411,14,1,0,0.13333333333333333,0.6,0.26666666666666666,0.06666666666666667,1.0,2013,11
10525,1986,2,0,26576.0,1,0,2012-10-13,40,10,0,8,0,0,9,1,1,0,2,9,1,0,0,0,0,0,3,11,1,27,3,1,1,0.25,0.25,0.5,0.0,0.1,2012,10
1453,1943,4,2,57513.0,0,0,2013-07-06,59,735,40,183,52,20,30,2,9,3,13,6,0,0,0,0,0,0,3,11,0,1060,25,0,0,0.07692307692307693,0.34615384615384615,0.5,0.11538461538461539,1.2857142857142858,2013,7
8310,1964,2,4,68142.0,0,1,2012-08-29,96,897,126,196,91,112,37,3,10,4,7,6,0,0,0,0,0,0,3,11,0,1459,21,1,0,0.13636363636363635,0.45454545454545453,0.3181818181818182,0.18181818181818182,1.4285714285714286,2012,8
10710,1979,2,4,7500.0,0,1,2012-08-29,61,5,2,3,3,0,5,1,1,0,2,8,0,0,0,0,0,0,3,11,0,18,3,1,0,0.25,0.25,0.5,0.0,0.1111111111111111,2012,8
5031,1974,2,4,83145.0,0,0,2012-09-22,14,777,35,731,39,137,114,1,5,9,11,2,0,0,1,0,0,0,3,11,1,1833,25,0,1,0.038461538461538464,0.19230769230769232,0.4230769230769231,0.34615384615384615,1.6666666666666667,2012,9
2613,1960,3,4,54197.0,0,1,2014-04-03,16,162,6,37,6,13,13,2,1,3,6,1,0,0,0,0,0,0,3,11,0,237,10,1,0,0.18181818181818182,0.09090909090909091,0.5454545454545454,0.2727272727272727,0.5,2014,4
213,1963,4,0,23091.0,1,1,2014-05-28,98,35,0,11,0,0,2,4,2,1,3,7,0,0,0,0,0,0,3,11,0,48,6,2,0,0.5714285714285714,0.2857142857142857,0.42857142857142855,0.14285714285714285,0.25,2014,5
967,1976,2,4,46049.0,1,1,2013-07-21,11,342,9,112,19,14,19,10,5,2,9,7,0,0,0,0,0,0,3,11,1,515,16,2,0,0.5882352941176471,0.29411764705882354,0.5294117647058824,0.11764705882352941,0.625,2013,7
1077,1974,2,4,56715.0,0,0,2012-12-05,52,258,105,239,237,172,9,1,7,3,4,4,0,0,0,0,0,0,3,11,0,1020,14,0,0,0.06666666666666667,0.4666666666666667,0.26666666666666666,0.2,1.4,2012,12
7959,1961,2,4,79410.0,0,0,2014-05-29,19,658,80,483,123,13,13,1,3,2,5,1,0,0,0,0,0,0,3,11,0,1370,10,0,0,0.09090909090909091,0.2727272727272727,0.45454545454545453,0.18181818181818182,1.5,2014,5
640,1951,2,4,57304.0,0,1,2013-03-11,61,356,80,329,138,17,106,2,7,6,10,5,0,0,0,0,0,0,3,11,0,1026,23,1,0,0.08333333333333333,0.2916666666666667,0.4166666666666667,0.25,1.1666666666666667,2013,3
4252,1965,2,4,44375.0,0,1,2014-03-23,73,213,5,28,7,7,41,1,4,1,6,5,0,0,0,0,0,0,3,11,0,301,11,1,0,0.08333333333333333,0.3333333333333333,0.5,0.08333333333333333,0.6666666666666666,2014,3
8432,1956,2,4,54450.0,1,1,2012-09-14,0,454,0,171,8,19,32,12,9,2,8,8,0,0,0,0,0,0,3,11,0,684,19,2,0,0.6,0.45,0.4,0.1,1.0,2012,9
6218,1965,2,4,59594.0,0,1,2012-10-20,74,457,4,29,0,0,9,1,8,1,7,7,0,1,0,0,0,0,3,11,0,499,16,1,1,0.058823529411764705,0.47058823529411764,0.4117647058823529,0.058823529411764705,1.0,2012,10
6905,1994,2,4,80685.0,0,0,2012-08-22,55,241,45,604,34,26,54,1,6,4,10,2,0,0,0,0,0,0,3,11,0,1004,20,0,0,0.047619047619047616,0.2857142857142857,0.47619047619047616,0.19047619047619047,2.0,2012,8
5922,1974,4,4,40344.0,0,1,2013-10-13,48,210,0,6,0,0,2,2,4,1,5,7,0,0,0,0,0,0,3,11,0,218,10,1,0,0.18181818181818182,0.36363636363636365,0.45454545454545453,0.09090909090909091,0.5,2013,10
3598,1972,2,4,62710.0,0,1,2013-05-23,53,441,35,83,7,29,11,4,4,2,12,4,0,0,0,0,0,0,3,11,0,606,18,1,0,0.21052631578947367,0.21052631578947367,0.631578947368421,0.10526315789473684,0.8,2013,5
6116,1968,1,4,48985.0,0,1,2013-07-05,13,19,13,18,10,7,8,1,1,1,3,3,0,0,0,0,0,0,3,11,0,75,5,1,0,0.16666666666666666,0.16666666666666666,0.5,0.16666666666666666,0.25,2013,7
6263,1968,2,4,35322.0,1,2,2012-08-22,34,28,9,37,12,7,13,3,2,0,4,8,0,0,0,0,0,0,3,11,0,106,6,3,0,0.42857142857142855,0.2857142857142857,0.5714285714285714,0.0,0.2222222222222222,2012,8
10486,1948,2,4,77142.0,0,0,2013-05-29,54,476,75,162,29,151,97,1,4,4,8,2,0,0,0,0,0,0,3,11,0,990,16,0,0,0.058823529411764705,0.23529411764705882,0.47058823529411764,0.23529411764705882,1.3333333333333333,2013,5
2410,1969,2,0,81657.0,0,0,2014-01-22,69,364,40,425,158,60,50,1,3,4,8,1,0,0,0,0,0,0,3,11,0,1097,15,0,0,0.0625,0.1875,0.5,0.25,1.5,2014,1
193,1996,0,4,14421.0,0,0,2014-02-17,81,0,0,2,3,3,8,1,1,0,2,5,1,0,0,0,0,0,3,11,0,16,3,0,1,0.25,0.25,0.5,0.0,0.16666666666666666,2014,2
3363,1974,1,4,20130.0,0,0,2014-03-17,99,0,6,3,7,6,12,1,1,0,3,8,0,0,0,0,0,0,3,11,0,34,4,0,0,0.2,0.2,0.6,0.0,0.1111111111111111,2014,3
8278,1990,4,4,74214.0,0,0,2012-08-26,3,863,83,547,86,99,33,1,8,2,5,5,0,0,0,0,0,0,3,11,0,1711,15,0,0,0.0625,0.5,0.3125,0.125,1.3333333333333333,2012,8
10660,1957,3,4,66726.0,1,1,2014-01-12,61,349,7,35,0,0,47,3,8,2,4,7,0,1,0,0,0,0,3,11,0,438,14,2,1,0.2,0.5333333333333333,0.26666666666666666,0.13333333333333333,1.0,2014,1
8686,1979,0,4,23724.0,1,0,2013-01-08,65,5,23,15,0,18,14,2,2,0,3,8,0,0,0,0,0,0,3,11,0,75,5,1,0,0.3333333333333333,0.3333333333333333,0.5,0.0,0.2222222222222222,2013,1
1604,1960,3,4,47353.0,0,1,2013-11-13,93,184,2,19,8,8,4,3,2,2,6,5,0,0,0,0,0,0,3,11,0,225,10,1,0,0.2727272727272727,0.18181818181818182,0.5454545454545454,0.18181818181818182,0.3333333333333333,2013,11
5907,1952,3,4,33444.0,1,1,2012-11-03,24,8,0,8,0,0,2,1,1,0,2,8,0,0,0,0,0,0,3,11,0,18,3,2,0,0.25,0.25,0.5,0.0,0.1111111111111111,2012,11
10669,1981,2,4,54386.0,0,1,2013-05-17,8,277,21,64,62,21,25,2,3,2,10,3,0,0,0,0,0,0,3,11,0,470,15,1,0,0.125,0.1875,0.625,0.125,0.75,2013,5
2918,1981,2,1,28510.0,1,1,2013-04-13,72,44,5,19,0,4,19,3,2,0,4,5,0,0,0,0,0,0,3,11,0,91,6,2,0,0.42857142857142855,0.2857142857142857,0.5714285714285714,0.0,0.3333333333333333,2013,4
5735,1991,3,0,90638.0,0,0,2014-02-13,29,1156,120,915,94,144,96,1,3,4,10,1,0,0,1,0,0,0,3,11,0,2525,17,0,1,0.05555555555555555,0.16666666666666666,0.5555555555555556,0.2222222222222222,1.5,2014,2
359,1950,2,4,48070.0,0,1,2013-01-13,33,373,14,83,6,9,19,3,8,2,6,7,0,0,0,0,0,1,3,11,0,504,16,1,0,0.17647058823529413,0.47058823529411764,0.35294117647058826,0.11764705882352941,1.0,2013,1
8387,1957,2,4,43140.0,0,1,2013-01-05,68,134,8,76,6,0,11,1,4,1,5,6,0,0,0,0,0,0,3,11,0,235,10,1,0,0.09090909090909091,0.36363636363636365,0.45454545454545453,0.09090909090909091,0.5714285714285714,2013,1
1829,1961,4,1,54959.0,0,1,2013-01-19,55,1148,0,60,0,0,24,3,9,5,4,7,0,1,0,0,0,0,3,11,1,1232,18,1,1,0.15789473684210525,0.47368421052631576,0.21052631578947367,0.2631578947368421,1.125,2013,1
3839,1958,0,0,15056.0,1,1,2013-05-03,76,6,12,3,21,6,40,5,2,2,3,5,0,0,0,0,0,0,3,11,0,88,7,2,0,0.625,0.25,0.375,0.25,0.3333333333333333,2013,5
9392,1971,2,0,26954.0,1,0,2014-05-08,17,4,1,11,0,0,1,1,1,0,2,7,0,0,0,0,0,0,3,11,0,17,3,1,0,0.25,0.25,0.5,0.0,0.125,2014,5
2292,1985,2,0,22327.0,1,0,2013-08-02,94,5,4,8,2,0,5,1,1,0,3,5,0,0,0,0,0,0,3,11,0,24,4,1,0,0.2,0.2,0.6,0.0,0.16666666666666666,2013,8
10466,1965,2,4,44393.0,1,1,2013-08-22,86,24,2,20,2,2,10,2,1,0,4,4,0,0,0,0,0,0,3,11,0,60,5,2,0,0.3333333333333333,0.16666666666666666,0.6666666666666666,0.0,0.2,2013,8
9855,1952,4,0,62000.0,0,1,2013-08-25,25,899,0,101,0,0,20,1,6,6,13,4,0,0,0,1,0,0,3,11,0,1020,25,1,1,0.038461538461538464,0.23076923076923078,0.5,0.23076923076923078,1.2,2013,8
4088,1962,4,4,31497.0,0,1,2012-12-06,22,108,1,28,13,1,4,2,3,1,4,8,0,0,0,0,0,0,3,11,0,155,8,1,0,0.2222222222222222,0.3333333333333333,0.4444444444444444,0.1111111111111111,0.3333333333333333,2012,12
5231,1974,1,4,45894.0,0,2,2014-02-27,15,27,2,7,0,2,13,1,1,0,3,5,0,0,0,0,0,0,3,11,0,51,4,2,0,0.2,0.2,0.6,0.0,0.16666666666666666,2014,2
590,1970,3,1,78579.0,0,0,2012-12-22,35,816,66,549,216,66,99,1,5,6,4,3,0,0,0,0,0,0,3,11,1,1812,15,0,0,0.0625,0.3125,0.25,0.375,1.25,2012,12
8732,1969,3,2,67369.0,0,1,2012-11-17,81,1298,0,70,37,14,42,4,7,4,10,4,0,1,1,0,0,0,3,11,1,1461,21,1,2,0.18181818181818182,0.3181818181818182,0.45454545454545453,0.18181818181818182,1.4,2012,11
2315,1960,2,1,58401.0,0,1,2014-04-20,55,10,0,11,17,29,29,1,1,2,2,4,0,0,0,0,0,0,3,11,0,96,5,1,0,0.16666666666666666,0.16666666666666666,0.3333333333333333,0.3333333333333333,0.2,2014,4
3515,1952,2,0,62307.0,0,1,2014-02-17,94,87,13,34,10,6,10,1,4,0,4,5,0,0,0,0,0,0,3,11,0,160,8,1,0,0.1111111111111111,0.4444444444444444,0.4444444444444444,0.0,0.6666666666666666,2014,2
2245,1969,3,4,43641.0,1,1,2013-04-22,50,57,2,51,4,2,23,3,2,1,4,6,0,0,0,0,0,0,3,11,0,139,7,2,0,0.375,0.25,0.5,0.125,0.2857142857142857,2013,4
6283,1968,3,1,63841.0,0,1,2013-04-21,64,635,15,100,20,7,131,1,9,3,9,6,0,0,0,0,0,0,3,11,0,908,21,1,0,0.045454545454545456,0.4090909090909091,0.4090909090909091,0.13636363636363635,1.2857142857142858,2013,4
2246,1965,1,4,46891.0,0,1,2013-09-01,91,43,12,23,29,15,61,1,2,1,4,4,0,0,0,0,0,0,3,11,0,183,7,1,0,0.125,0.25,0.5,0.125,0.4,2013,9
6606,1969,3,4,70091.0,1,0,2013-03-31,11,964,34,137,15,0,11,2,5,2,10,8,0,1,0,0,0,0,3,11,0,1161,17,1,1,0.1111111111111111,0.2777777777777778,0.5555555555555556,0.1111111111111111,0.5555555555555556,2013,3
5545,1972,4,4,78075.0,0,0,2014-04-05,72,572,8,259,34,35,80,1,3,5,5,1,0,0,0,0,0,0,3,11,0,988,13,0,0,0.07142857142857142,0.21428571428571427,0.35714285714285715,0.35714285714285715,1.5,2014,4
7342,1961,1,2,59184.0,0,1,2012-09-09,6,341,142,113,259,151,66,3,6,6,12,5,0,0,0,0,0,0,3,11,0,1072,24,1,0,0.12,0.24,0.48,0.24,1.0,2012,9
837,1977,2,4,54809.0,1,1,2013-09-11,0,63,6,57,13,13,22,4,2,1,5,4,0,0,0,0,0,0,3,11,0,174,8,2,0,0.4444444444444444,0.2222222222222222,0.5555555555555556,0.1111111111111111,0.4,2013,9
9500,1959,2,4,58113.0,0,1,2013-01-25,66,221,104,169,102,78,84,3,9,2,8,7,0,0,0,0,0,1,3,11,0,758,19,1,0,0.15,0.45,0.4,0.1,1.125,2013,1
3602,1958,3,4,51412.0,0,1,2013-12-31,42,140,3,29,4,5,14,2,3,2,4,4,0,0,0,0,0,0,3,11,0,195,9,1,0,0.2,0.3,0.4,0.2,0.6,2013,12
234,1979,2,1,15287.0,1,0,2012-10-10,60,1,2,8,4,3,13,2,1,1,2,7,1,0,0,0,0,0,3,11,1,31,4,1,1,0.4,0.2,0.4,0.2,0.125,2012,10
2995,1957,3,4,66636.0,0,0,2013-08-17,64,291,10,689,84,10,0,1,3,4,9,1,0,0,0,0,0,0,3,11,0,1084,16,0,0,0.058823529411764705,0.17647058823529413,0.5294117647058824,0.23529411764705882,1.5,2013,8
1118,1956,3,4,50965.0,0,1,2013-02-20,87,544,13,85,8,6,29,3,10,4,5,8,1,0,0,0,0,0,3,11,0,685,19,1,1,0.15,0.5,0.25,0.2,1.1111111111111112,2013,2
7789,1965,4,4,84618.0,0,0,2013-11-22,96,684,100,801,21,66,0,1,6,9,10,2,0,0,1,0,0,0,3,11,0,1672,25,0,1,0.038461538461538464,0.23076923076923078,0.38461538461538464,0.34615384615384615,2.0,2013,11
3068,1990,2,4,18351.0,0,0,2013-10-29,1,1,12,9,0,14,7,1,2,0,3,7,0,0,0,0,0,0,3,11,0,43,5,0,0,0.16666666666666666,0.3333333333333333,0.5,0.0,0.25,2013,10
8955,1957,4,4,40451.0,0,2,2014-02-16,54,35,0,4,0,0,10,1,1,1,2,5,1,0,0,0,0,0,3,11,0,49,4,2,1,0.2,0.2,0.4,0.2,0.16666666666666666,2014,2
945,1965,2,4,36317.0,0,1,2013-05-22,53,87,3,25,3,2,13,2,3,0,4,7,0,0,0,0,0,0,3,11,0,133,7,1,0,0.25,0.375,0.5,0.0,0.375,2013,5
5644,1957,2,4,42213.0,0,1,2013-10-12,96,309,3,24,4,3,20,2,5,1,7,7,0,1,0,0,0,0,3,11,0,363,13,1,1,0.14285714285714285,0.35714285714285715,0.5,0.07142857142857142,0.625,2013,10
7192,1955,2,4,65748.0,0,1,2013-04-15,58,172,73,93,95,78,34,2,2,4,10,1,0,0,0,0,0,1,3,11,0,545,16,1,0,0.11764705882352941,0.11764705882352941,0.5882352941176471,0.23529411764705882,1.0,2013,4
2324,1972,2,4,77044.0,0,1,2013-10-27,12,625,38,242,50,34,76,2,7,11,11,4,1,0,0,0,0,0,3,11,0,1065,29,1,1,0.06666666666666667,0.23333333333333334,0.36666666666666664,0.36666666666666664,1.4,2013,10
697,1969,2,4,74918.0,0,0,2013-03-12,78,972,59,913,25,19,59,1,5,9,6,3,0,0,1,0,0,0,3,11,0,2047,20,0,1,0.047619047619047616,0.23809523809523808,0.2857142857142857,0.42857142857142855,1.25,2013,3
3439,1972,2,4,56721.0,1,1,2012-10-31,64,157,6,39,6,13,75,5,4,1,5,6,0,0,0,0,0,0,3,11,0,296,10,2,0,0.45454545454545453,0.36363636363636365,0.45454545454545453,0.09090909090909091,0.5714285714285714,2012,10
1506,1975,2,0,42160.0,1,1,2013-06-28,26,48,9,45,3,15,20,4,2,1,4,6,0,0,0,0,0,0,3,11,1,140,7,2,0,0.5,0.25,0.5,0.125,0.2857142857142857,2013,6
232,1965,2,0,61559.0,0,1,2013-07-17,8,279,83,88,32,14,34,1,4,2,10,3,0,0,0,0,0,0,3,11,0,530,16,1,0,0.058823529411764705,0.23529411764705882,0.5882352941176471,0.11764705882352941,1.0,2013,7
8876,1963,4,4,33629.0,1,1,2012-08-08,49,132,0,16,0,0,4,5,3,1,4,9,0,0,0,0,0,0,3,11,0,152,8,2,0,0.5555555555555556,0.3333333333333333,0.4444444444444444,0.1111111111111111,0.3,2012,8
4500,1991,4,4,68682.0,0,0,2013-10-06,56,919,0,505,99,30,45,1,4,9,10,2,0,0,0,0,0,0,3,11,0,1598,23,0,0,0.041666666666666664,0.16666666666666666,0.4166666666666667,0.375,1.3333333333333333,2013,10
9739,1963,2,0,34377.0,0,1,2013-01-19,55,62,0,22,3,1,26,2,2,2,2,7,0,0,0,0,0,0,3,11,0,114,6,1,0,0.2857142857142857,0.2857142857142857,0.2857142857142857,0.2857142857142857,0.25,2013,1
10395,1986,0,0,8940.0,1,0,2012-08-22,25,1,45,3,4,6,42,3,3,1,3,8,0,0,0,0,0,0,3,11,0,101,7,1,0,0.375,0.375,0.375,0.125,0.3333333333333333,2012,8
1176,1973,2,4,26228.0,1,0,2013-09-22,50,2,6,4,3,1,9,1,1,0,2,8,0,0,0,0,0,0,3,11,0,25,3,1,0,0.25,0.25,0.5,0.0,0.1111111111111111,2013,9
1627,1957,1,1,77297.0,0,0,2013-01-26,84,408,61,109,48,122,41,1,5,7,9,4,0,0,0,1,0,0,3,11,0,789,21,0,1,0.045454545454545456,0.22727272727272727,0.4090909090909091,0.3181818181818182,1.0,2013,1
938,1981,2,4,40211.0,1,1,2013-07-30,30,51,1,7,2,1,25,2,2,1,2,8,1,0,0,0,0,0,3,11,0,87,5,2,1,0.3333333333333333,0.3333333333333333,0.3333333333333333,0.16666666666666666,0.2222222222222222,2013,7
2740,1958,4,2,33438.0,1,1,2013-09-22,81,62,1,16,3,2,6,4,2,1,4,5,0,0,0,0,0,0,3,11,0,90,7,2,0,0.5,0.25,0.5,0.125,0.3333333333333333,2013,9
257,1959,4,4,75032.0,0,1,2013-04-28,74,952,12,180,47,12,12,2,5,4,9,3,0,0,0,0,0,0,3,11,0,1215,18,1,0,0.10526315789473684,0.2631578947368421,0.47368421052631576,0.21052631578947367,1.25,2013,4
4058,1955,4,0,61284.0,0,0,2013-10-12,76,618,15,106,20,7,45,1,11,2,8,6,0,1,0,0,0,0,3,11,0,811,21,0,1,0.045454545454545456,0.5,0.36363636363636365,0.09090909090909091,1.5714285714285714,2013,10
7736,1986,2,4,22518.0,1,0,2012-10-22,36,11,7,12,2,2,27,2,2,1,2,5,1,0,0,0,0,0,3,11,1,61,5,1,1,0.3333333333333333,0.3333333333333333,0.3333333333333333,0.16666666666666666,0.3333333333333333,2012,10
8210,1975,3,4,54730.0,0,1,2013-08-15,64,318,3,17,4,7,56,5,4,1,8,4,0,0,0,0,0,0,3,11,0,405,13,1,0,0.35714285714285715,0.2857142857142857,0.5714285714285714,0.07142857142857142,0.8,2013,8
833,1955,3,4,38452.0,1,1,2014-03-30,62,56,0,14,0,0,2,3,3,0,3,7,0,0,0,0,0,0,3,11,0,72,6,2,0,0.42857142857142855,0.42857142857142855,0.42857142857142855,0.0,0.375,2014,3
6230,1971,2,1,44421.0,1,1,2013-02-15,53,110,5,59,7,1,7,5,5,0,4,8,0,0,0,0,0,0,3,11,0,189,9,2,0,0.5,0.5,0.4,0.0,0.5555555555555556,2013,2
7325,1986,4,4,38197.0,1,0,2013-06-29,86,23,0,11,2,1,3,1,1,0,3,5,0,0,0,0,0,0,3,11,0,40,4,1,0,0.2,0.2,0.6,0.0,0.16666666666666666,2013,6
1307,1978,2,1,41986.0,0,1,2014-02-09,15,27,5,8,8,3,12,3,3,0,4,4,0,0,0,0,0,0,3,11,0,63,7,1,0,0.375,0.375,0.5,0.0,0.6,2014,2
1502,1983,2,4,28427.0,1,0,2013-03-21,67,18,3,19,3,3,6,2,2,0,3,8,0,0,0,0,0,0,3,11,0,52,5,1,0,0.3333333333333333,0.3333333333333333,0.5,0.0,0.2222222222222222,2013,3
6211,1976,4,4,37395.0,1,0,2014-05-02,47,18,0,9,0,1,11,1,1,0,3,6,0,0,0,0,0,0,3,11,0,39,4,1,0,0.2,0.2,0.6,0.0,0.14285714285714285,2014,5
843,1971,2,4,64722.0,1,0,2014-05-26,47,303,0,280,60,147,15,4,8,2,11,6,0,0,0,0,0,0,3,11,0,805,21,1,0,0.18181818181818182,0.36363636363636365,0.5,0.09090909090909091,1.1428571428571428,2014,5
4174,1956,3,4,55249.0,0,1,2014-04-17,81,97,1,19,2,0,11,1,2,1,4,3,0,0,0,0,0,0,3,11,0,130,7,1,0,0.125,0.25,0.5,0.125,0.5,2014,4
9757,1972,2,4,84906.0,0,0,2013-10-04,98,997,15,414,99,30,76,1,5,6,12,2,0,1,1,0,1,0,3,11,0,1631,23,0,3,0.041666666666666664,0.20833333333333334,0.5,0.25,1.6666666666666667,2013,10
6918,1989,2,4,28691.0,1,0,2013-07-04,56,5,4,13,8,0,4,1,1,0,3,8,0,0,0,0,0,0,3,11,0,34,4,1,0,0.2,0.2,0.6,0.0,0.1111111111111111,2013,7
286,1952,2,0,44213.0,1,1,2013-11-29,48,95,11,35,0,4,7,4,2,1,5,6,0,0,0,0,0,0,3,11,0,152,8,2,0,0.4444444444444444,0.2222222222222222,0.5555555555555556,0.1111111111111111,0.2857142857142857,2013,11
11086,1984,0,0,25707.0,1,0,2014-01-18,18,1,6,2,3,6,3,1,1,0,3,7,0,0,0,0,0,0,3,11,0,21,4,1,0,0.2,0.2,0.6,0.0,0.125,2014,1
1921,1967,4,4,59062.0,2,1,2013-10-03,74,46,1,12,3,0,9,2,2,0,3,4,0,0,0,0,0,0,3,11,0,71,5,3,0,0.3333333333333333,0.3333333333333333,0.5,0.0,0.4,2013,10
4138,1962,2,0,76624.0,0,1,2014-05-24,68,411,106,147,54,115,66,1,5,10,7,1,1,0,0,0,0,0,3,11,0,899,22,1,1,0.043478260869565216,0.21739130434782608,0.30434782608695654,0.43478260869565216,2.5,2014,5
7718,1947,3,4,66000.0,0,0,2014-04-20,36,244,51,270,101,0,45,1,1,3,5,1,0,0,0,0,0,0,3,11,0,711,9,0,0,0.1,0.1,0.5,0.3,0.5,2014,4
1291,1978,4,4,27683.0,1,0,2012-08-04,90,152,9,121,12,12,45,4,6,2,4,8,0,0,0,0,0,0,3,11,0,351,12,1,0,0.3076923076923077,0.46153846153846156,0.3076923076923077,0.15384615384615385,0.6666666666666666,2012,8
6862,1971,2,1,1730.0,0,0,2014-05-18,65,1,1,3,1,1,1,15,0,0,0,20,0,0,0,0,0,0,3,11,0,8,0,0,0,15.0,0.0,0.0,0.0,0.0,2014,5
4136,1992,0,0,7500.0,1,0,2012-12-03,63,10,17,18,8,26,40,4,3,2,2,9,0,0,0,0,0,0,3,11,0,119,7,1,0,0.5,0.375,0.25,0.25,0.3,2012,12
803,1968,2,4,40521.0,1,1,2013-04-05,82,12,0,5,0,0,4,1,0,1,2,5,0,0,0,0,0,0,3,11,0,21,3,2,0,0.25,0.0,0.5,0.25,0.0,2013,4
4298,1973,4,4,20427.0,1,0,2014-03-24,63,5,0,4,0,0,1,1,1,0,2,8,0,0,0,0,0,0,3,11,0,10,3,1,0,0.25,0.25,0.5,0.0,0.1111111111111111,2014,3
10833,1975,2,4,65106.0,0,1,2014-05-24,55,790,19,133,12,0,19,3,8,3,13,6,0,1,0,0,0,0,3,11,0,973,24,1,1,0.12,0.32,0.52,0.12,1.1428571428571428,2014,5
9606,1965,4,4,69969.0,0,0,2013-08-27,64,882,29,514,38,29,44,1,4,2,6,3,0,0,1,1,0,0,3,11,1,1536,12,0,2,0.07692307692307693,0.3076923076923077,0.46153846153846156,0.15384615384615385,1.0,2013,8
8534,1952,2,4,67433.0,0,2,2013-07-16,51,615,28,259,12,48,30,4,6,5,13,4,0,1,0,0,0,0,3,11,0,992,24,2,1,0.16,0.24,0.52,0.2,1.2,2013,7
5153,1967,4,4,77766.0,0,1,2013-02-22,97,1004,59,265,115,59,27,2,11,10,11,6,1,0,0,0,0,0,3,11,1,1529,32,1,1,0.06060606060606061,0.3333333333333333,0.3333333333333333,0.30303030303030304,1.5714285714285714,2013,2
961,1972,2,4,74716.0,0,1,2013-09-12,92,133,27,421,13,195,71,2,7,3,5,4,0,0,0,0,0,0,3,11,0,860,15,1,0,0.125,0.4375,0.3125,0.1875,1.4,2013,9
5011,1963,2,1,68118.0,0,1,2013-10-18,51,595,23,123,10,23,154,2,8,9,4,6,0,0,0,0,0,0,3,11,0,928,21,1,0,0.09090909090909091,0.36363636363636365,0.18181818181818182,0.4090909090909091,1.1428571428571428,2013,10
6653,1970,4,4,55158.0,1,1,2012-07-30,72,293,0,87,4,11,23,4,7,2,5,7,0,0,0,0,0,0,3,11,1,418,14,2,0,0.26666666666666666,0.4666666666666667,0.3333333333333333,0.13333333333333333,0.875,2012,7
9094,1955,1,4,62972.0,0,1,2012-08-03,39,313,15,47,20,0,192,2,7,4,3,6,0,0,0,0,0,0,3,11,1,587,14,1,0,0.13333333333333333,0.4666666666666667,0.2,0.26666666666666666,1.0,2012,8
810,1975,2,4,74190.0,0,1,2014-05-12,49,151,81,86,168,91,64,2,4,2,11,2,0,0,0,0,0,0,3,11,0,641,17,1,0,0.1111111111111111,0.2222222222222222,0.6111111111111112,0.1111111111111111,1.3333333333333333,2014,5
5493,1976,2,4,39356.0,1,1,2014-03-19,21,15,0,2,0,0,6,1,1,0,2,6,1,0,0,0,0,0,3,11,0,23,3,2,1,0.25,0.25,0.5,0.0,0.14285714285714285,2014,3
2147,1969,2,4,76653.0,0,0,2013-08-16,91,736,63,946,219,189,126,1,4,7,11,2,0,0,1,1,0,0,3,11,0,2279,22,0,2,0.043478260869565216,0.17391304347826086,0.4782608695652174,0.30434782608695654,1.3333333333333333,2013,8
5107,1973,4,1,35860.0,1,1,2014-05-19,37,15,0,8,4,2,20,2,1,1,2,5,1,0,0,0,0,0,3,11,0,49,4,2,1,0.4,0.2,0.4,0.2,0.16666666666666666,2014,5
3979,1983,4,1,90687.0,0,0,2013-05-22,98,982,17,672,23,34,51,1,6,2,8,2,0,0,1,0,0,0,3,11,1,1779,16,0,1,0.058823529411764705,0.35294117647058826,0.47058823529411764,0.11764705882352941,2.0,2013,5
6049,1982,3,4,73450.0,0,0,2013-12-05,85,1142,51,415,90,69,37,1,7,8,11,3,1,0,0,1,0,0,3,11,0,1804,26,0,2,0.037037037037037035,0.25925925925925924,0.4074074074074074,0.2962962962962963,1.75,2013,12
8147,1960,2,4,31454.0,1,1,2013-07-06,40,28,0,11,0,0,9,3,2,0,3,8,0,0,0,0,0,0,3,11,0,48,5,2,0,0.5,0.3333333333333333,0.5,0.0,0.2222222222222222,2013,7
1857,1952,2,0,47139.0,1,1,2014-03-06,2,46,0,12,0,2,23,2,2,1,2,7,0,0,0,0,0,0,3,11,1,83,5,2,0,0.3333333333333333,0.3333333333333333,0.3333333333333333,0.16666666666666666,0.25,2014,3
3910,1975,2,1,83829.0,0,0,2013-10-08,78,897,161,430,186,161,27,0,4,7,6,1,1,0,1,1,0,0,3,11,1,1862,17,0,3,0.0,0.2222222222222222,0.3333333333333333,0.3888888888888889,2.0,2013,10
5207,1963,4,4,53378.0,1,1,2012-09-24,41,489,6,152,8,6,132,10,9,4,6,8,0,0,0,0,0,0,3,11,1,793,19,2,0,0.5,0.45,0.3,0.2,1.0,2012,9
11114,1970,2,4,19656.0,1,0,2013-02-08,94,25,4,9,6,8,32,3,2,1,3,7,0,0,0,0,0,0,3,11,0,84,6,1,0,0.42857142857142855,0.2857142857142857,0.42857142857142855,0.14285714285714285,0.25,2013,2
5429,1948,4,4,45579.0,0,1,2013-08-20,10,145,1,33,2,1,1,1,4,1,4,6,0,0,0,0,0,0,3,11,0,183,9,1,0,0.1,0.4,0.4,0.1,0.5714285714285714,2013,8
9400,1958,1,0,85485.0,0,0,2014-06-21,73,630,26,611,44,18,54,1,6,6,6,2,0,0,0,0,0,0,3,11,0,1383,18,0,0,0.05263157894736842,0.3157894736842105,0.3157894736842105,0.3157894736842105,2.0,2014,6
1740,1944,2,4,55956.0,0,0,2014-04-07,22,760,38,104,50,9,38,2,7,3,4,4,0,1,0,0,0,0,3,11,0,999,14,0,1,0.13333333333333333,0.4666666666666667,0.26666666666666666,0.2,1.4,2014,4
7488,1963,3,0,64191.0,0,1,2013-01-22,30,420,15,186,151,38,15,3,5,3,13,3,0,0,0,0,0,0,3,11,0,825,21,1,0,0.13636363636363635,0.22727272727272727,0.5909090909090909,0.13636363636363635,1.25,2013,1
195,1972,2,0,38808.0,1,0,2012-08-26,21,125,17,52,3,19,30,4,5,1,4,8,1,0,0,0,0,0,3,11,1,246,10,1,1,0.36363636363636365,0.45454545454545453,0.36363636363636365,0.09090909090909091,0.5555555555555556,2012,8
635,1966,3,4,57183.0,1,1,2013-03-19,51,464,5,64,7,0,70,8,9,1,7,8,0,0,0,0,0,0,3,11,0,610,17,2,0,0.4444444444444444,0.5,0.3888888888888889,0.05555555555555555,1.0,2013,3
7527,1968,3,1,23748.0,1,0,2012-11-21,97,6,6,29,12,15,8,3,2,1,3,8,0,0,0,0,0,0,3,11,0,76,6,1,0,0.42857142857142855,0.2857142857142857,0.42857142857142855,0.14285714285714285,0.2222222222222222,2012,11
10319,1971,2,4,66303.0,0,1,2013-02-26,56,1090,12,96,16,12,60,4,3,4,11,8,0,1,0,0,0,0,3,11,0,1286,18,1,1,0.21052631578947367,0.15789473684210525,0.5789473684210527,0.21052631578947367,0.3333333333333333,2013,2
2296,1975,3,4,37368.0,1,0,2013-12-16,4,3,2,11,2,2,10,1,1,0,2,6,1,0,0,0,0,0,3,11,0,30,3,1,1,0.25,0.25,0.5,0.0,0.14285714285714285,2013,12
10637,1964,2,4,40800.0,1,2,2013-01-01,77,24,0,27,8,30,10,2,3,0,3,7,0,0,0,0,0,1,3,11,0,99,6,3,0,0.2857142857142857,0.42857142857142855,0.42857142857142855,0.0,0.375,2013,1
2931,1978,2,1,71847.0,0,0,2012-09-21,95,737,21,106,55,63,210,0,6,7,9,3,0,0,0,1,0,0,3,11,0,1192,22,0,1,0.0,0.2608695652173913,0.391304347826087,0.30434782608695654,1.5,2012,9
907,1975,2,4,46149.0,0,1,2013-11-29,36,254,6,71,4,0,27,5,5,1,7,5,0,0,0,0,0,0,3,11,0,362,13,1,0,0.35714285714285715,0.35714285714285715,0.5,0.07142857142857142,0.8333333333333334,2013,11
3698,1983,2,4,78687.0,0,0,2012-08-09,13,817,185,687,145,55,241,1,4,6,8,2,0,0,1,0,0,0,3,11,1,2130,18,0,1,0.05263157894736842,0.21052631578947367,0.42105263157894735,0.3157894736842105,1.3333333333333333,2012,8
9516,1971,1,1,49118.0,0,0,2012-08-18,90,620,54,239,99,98,119,2,9,7,10,7,0,1,0,0,1,0,3,11,1,1229,26,0,2,0.07407407407407407,0.3333333333333333,0.37037037037037035,0.25925925925925924,1.125,2012,8
679,1957,4,4,37633.0,1,1,2012-09-20,49,13,4,20,0,0,1,2,1,0,3,9,0,0,0,0,0,0,3,11,0,38,4,2,0,0.4,0.2,0.6,0.0,0.1,2012,9
7384,1951,3,4,39767.0,0,0,2013-07-21,18,113,61,204,34,26,47,2,7,1,7,8,0,0,0,0,0,0,3,11,0,485,15,0,0,0.125,0.4375,0.4375,0.0625,0.7777777777777778,2013,7
5043,1951,0,4,26997.0,0,0,2012-11-05,89,7,23,78,133,49,144,2,4,2,5,7,0,0,0,0,0,0,3,11,0,434,11,0,0,0.16666666666666666,0.3333333333333333,0.4166666666666667,0.16666666666666666,0.5,2012,11
5267,1970,2,1,33986.0,1,0,2013-03-14,43,16,2,18,2,1,5,1,1,0,3,7,0,0,0,0,0,0,3,11,0,44,4,1,0,0.2,0.2,0.6,0.0,0.125,2013,3
339,1972,4,4,57091.0,0,1,2012-11-23,82,462,0,24,6,0,4,2,9,2,5,7,0,1,0,0,0,0,3,11,1,496,16,1,1,0.11764705882352941,0.5294117647058824,0.29411764705882354,0.11764705882352941,1.125,2012,11
2516,1969,1,4,46831.0,1,1,2013-06-08,84,22,2,10,6,4,34,2,1,2,2,4,0,0,0,0,0,0,3,11,0,78,5,2,0,0.3333333333333333,0.16666666666666666,0.3333333333333333,0.3333333333333333,0.2,2013,6
9010,1972,3,4,83151.0,0,0,2013-02-10,80,968,147,842,137,42,210,1,5,7,10,2,1,0,1,1,0,0,3,11,1,2346,22,0,3,0.043478260869565216,0.21739130434782608,0.43478260869565216,0.30434782608695654,1.6666666666666667,2013,2
378,1971,2,4,52531.0,0,0,2012-12-30,68,283,112,151,51,72,125,2,7,2,10,6,0,0,0,0,0,0,3,11,0,794,19,0,0,0.1,0.35,0.5,0.1,1.0,2012,12
4808,1956,2,4,15759.0,0,0,2013-09-05,12,1,2,5,6,0,3,1,1,0,2,7,0,0,0,0,0,0,3,11,0,17,3,0,0,0.25,0.25,0.5,0.0,0.125,2013,9
5068,1971,2,0,22804.0,1,0,2013-07-31,75,14,1,7,2,1,1,1,2,0,2,9,0,0,0,0,0,0,3,11,0,26,4,1,0,0.2,0.4,0.4,0.0,0.2,2013,7
7628,1973,1,4,43050.0,1,0,2014-03-18,10,30,5,24,6,3,8,2,2,0,4,5,0,0,0,0,0,0,3,11,0,76,6,1,0,0.2857142857142857,0.2857142857142857,0.5714285714285714,0.0,0.3333333333333333,2014,3
7128,1977,4,0,42997.0,1,1,2013-12-07,91,4,0,5,0,1,5,1,1,0,2,7,0,0,0,0,0,0,3,11,0,15,3,2,0,0.25,0.25,0.5,0.0,0.125,2013,12
2811,1963,4,0,48918.0,1,1,2014-04-12,21,52,0,9,0,0,1,2,1,0,4,4,0,0,0,0,0,0,3,11,0,62,5,2,0,0.3333333333333333,0.16666666666666666,0.6666666666666666,0.0,0.2,2014,4
3551,1954,3,4,60033.0,0,1,2014-03-29,28,62,1,57,19,11,48,2,2,1,5,2,0,0,0,0,0,0,3,11,0,198,8,1,0,0.2222222222222222,0.2222222222222222,0.5555555555555556,0.1111111111111111,0.6666666666666666,2014,3
1663,1978,4,4,34043.0,1,0,2013-10-25,97,20,2,14,3,0,10,1,2,0,2,9,0,0,0,0,0,0,3,11,0,49,4,1,0,0.2,0.4,0.4,0.0,0.2,2013,10
5543,1966,2,4,57811.0,0,1,2013-06-24,49,545,7,114,37,21,78,5,7,2,11,5,0,1,0,0,0,0,3,11,0,802,20,1,1,0.23809523809523808,0.3333333333333333,0.5238095238095238,0.09523809523809523,1.1666666666666667,2013,6
1577,1946,2,4,78569.0,0,0,2014-02-19,14,558,79,622,207,175,95,1,4,6,4,1,0,0,1,0,0,0,3,11,1,1736,14,0,1,0.06666666666666667,0.26666666666666666,0.26666666666666666,0.4,2.0,2014,2
10641,1978,2,0,7500.0,1,1,2012-12-27,5,6,5,4,13,4,25,4,2,1,3,6,0,0,0,0,0,0,3,11,0,57,6,2,0,0.5714285714285714,0.2857142857142857,0.42857142857142855,0.14285714285714285,0.2857142857142857,2012,12
5336,1971,3,4,157733.0,1,0,2013-06-04,37,39,1,9,2,0,8,0,1,0,1,1,0,0,0,0,0,0,3,11,0,59,2,1,0,0.0,0.3333333333333333,0.3333333333333333,0.0,0.5,2013,6
6024,1953,2,4,94384.0,0,0,2013-03-04,62,1111,24,790,160,45,172,0,5,8,5,2,0,1,1,1,0,0,3,11,1,2302,18,0,3,0.0,0.2631578947368421,0.2631578947368421,0.42105263157894735,1.6666666666666667,2013,3
1878,1985,1,4,23148.0,0,0,2014-02-18,83,4,6,8,6,3,10,1,2,0,3,7,0,0,0,0,0,0,3,11,0,37,5,0,0,0.16666666666666666,0.3333333333333333,0.5,0.0,0.25,2014,2
3099,1970,2,1,44267.0,1,1,2013-02-25,48,183,5,65,3,5,49,5,5,2,4,9,0,0,0,0,0,0,3,11,0,310,11,2,0,0.4166666666666667,0.4166666666666667,0.3333333333333333,0.16666666666666666,0.5,2013,2
6055,1979,2,4,71626.0,0,0,2012-11-01,94,546,72,376,94,145,72,1,5,5,8,3,0,1,0,0,0,0,3,11,0,1305,18,0,1,0.05263157894736842,0.2631578947368421,0.42105263157894735,0.2631578947368421,1.25,2012,11
5841,1966,2,4,60894.0,0,1,2013-06-28,61,606,7,155,10,0,54,5,10,3,8,7,0,0,0,0,0,0,3,11,0,832,21,1,0,0.22727272727272727,0.45454545454545453,0.36363636363636365,0.13636363636363635,1.25,2013,6
3972,1976,2,4,50200.0,1,1,2013-04-03,70,266,6,51,8,6,64,6,7,1,5,8,0,0,0,0,0,0,3,11,0,401,13,2,0,0.42857142857142855,0.5,0.35714285714285715,0.07142857142857142,0.7777777777777778,2013,4
4394,1965,4,4,81051.0,0,0,2014-05-23,43,1142,29,249,38,29,14,1,5,5,12,2,0,1,1,0,0,0,3,11,0,1501,22,0,2,0.043478260869565216,0.21739130434782608,0.5217391304347826,0.21739130434782608,1.6666666666666667,2014,5
5758,1982,2,4,65169.0,0,0,2014-01-14,23,1074,0,69,0,0,46,1,10,4,13,6,1,0,1,1,1,0,3,11,1,1189,27,0,4,0.03571428571428571,0.35714285714285715,0.4642857142857143,0.14285714285714285,1.4285714285714286,2014,1
6658,1972,2,4,59868.0,0,1,2013-07-22,37,771,51,154,54,10,154,7,11,2,12,6,0,0,0,0,0,0,3,11,0,1194,25,1,0,0.2692307692307692,0.4230769230769231,0.46153846153846156,0.07692307692307693,1.5714285714285714,2013,7
4603,1960,4,4,65695.0,0,1,2014-01-31,50,371,32,189,0,58,6,2,5,4,10,4,0,0,0,0,0,0,3,11,0,656,19,1,0,0.1,0.25,0.5,0.2,1.0,2014,1
8427,1956,3,0,64857.0,0,0,2012-11-23,78,556,14,717,210,0,43,1,7,5,10,4,0,0,0,0,0,0,3,11,0,1540,22,0,0,0.043478260869565216,0.30434782608695654,0.43478260869565216,0.21739130434782608,1.4,2012,11
10260,1965,3,4,45143.0,0,1,2013-08-26,74,202,5,74,11,5,14,3,6,1,5,7,0,0,0,0,0,0,3,11,0,311,12,1,0,0.23076923076923078,0.46153846153846156,0.38461538461538464,0.07692307692307693,0.75,2013,8
7143,1955,1,4,74805.0,0,1,2013-11-06,14,209,162,209,41,162,37,5,4,7,10,2,0,0,0,0,0,0,3,11,0,820,21,1,0,0.22727272727272727,0.18181818181818182,0.45454545454545453,0.3181818181818182,1.3333333333333333,2013,11
8789,1989,1,4,59060.0,1,0,2014-01-11,77,35,40,111,36,40,12,3,3,1,7,4,0,0,0,0,0,0,3,11,0,274,11,1,0,0.25,0.25,0.5833333333333334,0.08333333333333333,0.6,2014,1
6197,1962,4,0,27238.0,1,1,2013-04-20,39,37,0,17,0,0,3,3,3,0,3,9,0,0,0,0,0,0,3,11,0,57,6,2,0,0.42857142857142855,0.42857142857142855,0.42857142857142855,0.0,0.3,2013,4
4554,1965,2,4,47009.0,0,1,2013-10-01,89,171,45,73,59,10,90,4,3,2,8,4,0,0,0,0,0,0,3,11,0,448,13,1,0,0.2857142857142857,0.21428571428571427,0.5714285714285714,0.14285714285714285,0.6,2013,10
4937,1973,1,4,46094.0,1,1,2014-06-10,62,12,2,20,3,2,5,1,1,0,3,7,0,0,0,0,0,0,3,11,0,44,4,2,0,0.2,0.2,0.6,0.0,0.125,2014,6
1920,1972,2,4,40321.0,1,1,2013-07-29,59,44,4,21,6,0,27,2,3,0,3,7,0,0,0,0,0,0,3,11,0,102,6,2,0,0.2857142857142857,0.42857142857142855,0.42857142857142855,0.0,0.375,2013,7
8749,1984,2,4,37235.0,1,0,2014-02-01,68,20,2,9,4,6,20,1,1,1,2,4,0,0,0,0,0,0,3,11,0,61,4,1,0,0.2,0.2,0.4,0.2,0.2,2014,2
1650,1960,3,4,81843.0,0,0,2013-04-22,13,779,86,537,34,69,138,1,5,9,12,3,0,0,0,0,0,0,3,11,0,1643,26,0,0,0.037037037037037035,0.18518518518518517,0.4444444444444444,0.3333333333333333,1.25,2013,4
10377,1958,3,4,46692.0,0,1,2013-06-06,37,170,6,97,24,12,88,3,6,1,5,6,0,0,0,0,0,0,3,11,0,397,12,1,0,0.23076923076923078,0.46153846153846156,0.38461538461538464,0.07692307692307693,0.8571428571428571,2013,6
9206,1968,2,4,77382.0,0,1,2014-01-07,36,491,48,231,112,105,134,2,5,7,12,1,0,0,1,0,0,0,3,11,0,1121,24,1,1,0.08,0.2,0.48,0.28,2.5,2014,1
10971,1977,2,0,37774.0,2,0,2012-09-03,28,173,8,107,7,2,176,4,7,2,3,9,1,0,0,0,0,1,3,11,1,473,12,2,1,0.3076923076923077,0.5384615384615384,0.23076923076923078,0.15384615384615385,0.7,2012,9
6398,1974,0,4,18393.0,1,0,2014-03-29,2,7,10,13,16,0,4,2,3,0,3,8,0,0,0,0,0,0,3,11,0,50,6,1,0,0.2857142857142857,0.42857142857142855,0.42857142857142855,0.0,0.3333333333333333,2014,3
9212,1962,3,4,72828.0,0,1,2013-02-14,17,1205,0,235,19,14,205,6,6,3,13,7,0,0,0,0,0,0,3,11,0,1678,22,1,0,0.2608695652173913,0.2608695652173913,0.5652173913043478,0.13043478260869565,0.75,2013,2
7937,1982,2,4,24711.0,0,0,2014-04-18,86,10,7,25,6,3,7,1,3,0,3,7,0,0,0,0,0,0,3,11,0,58,6,0,0,0.14285714285714285,0.42857142857142855,0.42857142857142855,0.0,0.375,2014,4
839,1975,4,4,45503.0,1,0,2013-09-25,54,97,4,44,6,1,18,1,3,1,4,5,0,0,0,0,0,0,3,11,0,170,8,1,0,0.1111111111111111,0.3333333333333333,0.4444444444444444,0.1111111111111111,0.5,2013,9
4246,1982,3,0,6560.0,0,0,2013-12-12,2,67,11,26,4,3,262,0,1,0,1,17,0,0,0,0,0,0,3,11,0,373,2,0,0,0.0,0.3333333333333333,0.3333333333333333,0.0,0.05555555555555555,2013,12
158,1945,4,4,71604.0,0,0,2013-11-17,3,345,53,528,98,75,97,1,8,3,5,4,1,0,0,0,0,0,3,11,1,1196,16,0,1,0.058823529411764705,0.47058823529411764,0.29411764705882354,0.17647058823529413,1.6,2013,11
4832,1979,2,4,27244.0,1,0,2014-03-07,84,6,5,17,3,24,46,2,2,2,2,7,0,0,0,0,0,0,3,11,0,101,6,1,0,0.2857142857142857,0.2857142857142857,0.2857142857142857,0.2857142857142857,0.25,2014,3
5621,1969,2,4,48752.0,1,1,2012-12-12,8,73,57,100,71,15,0,5,6,1,5,9,0,0,0,0,0,0,3,11,1,316,12,2,0,0.38461538461538464,0.46153846153846156,0.38461538461538464,0.07692307692307693,0.6,2012,12
1945,1962,2,4,71434.0,0,1,2013-09-18,4,711,36,217,172,96,168,3,7,4,7,4,0,1,0,1,0,0,3,11,0,1400,18,1,2,0.15789473684210525,0.3684210526315789,0.3684210526315789,0.21052631578947367,1.4,2013,9
5147,1948,2,0,90842.0,0,0,2013-07-29,57,774,70,118,182,187,93,1,4,9,13,1,0,0,0,0,0,0,3,11,0,1424,26,0,0,0.037037037037037035,0.14814814814814814,0.48148148148148145,0.3333333333333333,2.0,2013,7
2535,1978,3,4,88097.0,1,0,2012-08-18,24,163,0,480,0,126,75,1,6,5,8,9,0,1,1,1,0,0,3,11,1,844,19,1,3,0.05,0.3,0.4,0.25,0.6,2012,8
11039,1975,2,4,51948.0,0,1,2013-09-17,51,82,33,54,71,30,41,2,5,2,4,5,0,0,0,0,0,0,3,11,0,311,11,1,0,0.16666666666666666,0.4166666666666667,0.3333333333333333,0.16666666666666666,0.8333333333333334,2013,9
9495,1982,2,4,71853.0,0,0,2013-05-08,29,358,108,413,141,97,32,1,2,8,6,1,0,0,0,0,0,0,3,11,0,1149,16,0,0,0.058823529411764705,0.11764705882352941,0.35294117647058826,0.47058823529411764,1.0,2013,5
9635,1983,3,4,35876.0,0,0,2014-04-20,13,66,2,40,4,3,14,1,3,1,3,6,0,0,0,0,0,0,3,11,0,129,7,0,0,0.125,0.375,0.375,0.125,0.42857142857142855,2014,4
2173,1952,2,2,40049.0,0,1,2013-10-16,23,13,6,7,0,3,3,1,1,0,3,6,0,0,0,0,0,0,3,11,0,32,4,1,0,0.2,0.2,0.6,0.0,0.14285714285714285,2013,10
942,1982,2,0,39660.0,1,0,2012-08-08,36,139,13,78,20,13,36,3,7,1,3,9,0,0,0,0,0,0,3,11,1,299,11,1,0,0.25,0.5833333333333334,0.25,0.08333333333333333,0.7,2012,8
9386,1962,2,4,50127.0,0,1,2014-05-29,88,274,0,21,4,6,15,1,5,1,6,6,0,1,0,0,0,0,3,11,0,320,12,1,1,0.07692307692307693,0.38461538461538464,0.46153846153846156,0.07692307692307693,0.7142857142857143,2014,5
5510,1977,3,4,43263.0,0,1,2012-11-21,2,262,6,61,0,10,102,3,5,2,6,5,0,0,0,0,0,0,3,11,0,441,13,1,0,0.21428571428571427,0.35714285714285715,0.42857142857142855,0.14285714285714285,0.8333333333333334,2012,11
873,1949,3,4,62845.0,1,1,2012-10-01,3,1099,0,45,0,0,34,11,3,4,10,8,0,1,0,0,0,0,3,11,1,1178,17,2,1,0.6111111111111112,0.16666666666666666,0.5555555555555556,0.2222222222222222,0.3333333333333333,2012,10
2253,1990,2,4,18929.0,0,0,2013-02-16,15,32,0,8,23,4,18,1,1,0,4,6,0,0,0,0,0,0,3,11,0,85,5,0,0,0.16666666666666666,0.16666666666666666,0.6666666666666666,0.0,0.14285714285714285,2013,2
5181,1982,0,0,24367.0,1,0,2013-03-20,58,2,4,2,0,11,5,1,1,0,2,9,0,0,0,0,0,0,3,11,0,24,3,1,0,0.25,0.25,0.5,0.0,0.1,2013,3
979,1975,2,0,33249.0,1,0,2013-02-20,11,6,10,21,19,14,42,2,2,1,3,6,0,0,0,0,0,0,3,11,0,112,6,1,0,0.2857142857142857,0.2857142857142857,0.42857142857142855,0.14285714285714285,0.2857142857142857,2013,2
10390,1959,1,4,26887.0,0,1,2013-02-10,27,6,7,4,3,4,6,1,1,0,3,6,0,0,0,0,0,0,3,11,0,30,4,1,0,0.2,0.2,0.6,0.0,0.14285714285714285,2013,2
4698,1983,4,4,50150.0,0,0,2013-06-20,32,135,46,92,65,61,11,2,5,2,7,5,0,0,0,0,0,0,3,11,0,410,14,0,0,0.13333333333333333,0.3333333333333333,0.4666666666666667,0.13333333333333333,0.8333333333333334,2013,6
7793,1976,2,4,62061.0,0,1,2013-08-31,12,641,7,84,0,30,38,3,10,4,7,6,0,1,0,0,0,0,3,11,0,800,21,1,1,0.13636363636363635,0.45454545454545453,0.3181818181818182,0.18181818181818182,1.4285714285714286,2013,8
1745,1962,4,1,85696.0,0,0,2013-05-03,88,714,76,395,116,0,12,1,4,6,9,1,0,0,0,0,0,0,3,11,1,1313,19,0,0,0.05,0.2,0.45,0.3,2.0,2013,5
10590,1956,4,4,76542.0,0,0,2013-03-30,91,794,73,573,0,29,14,1,4,8,10,2,0,0,0,0,0,0,3,11,0,1483,22,0,0,0.043478260869565216,0.17391304347826086,0.43478260869565216,0.34782608695652173,1.3333333333333333,2013,3
5080,1993,2,0,70515.0,0,0,2013-10-21,12,420,0,452,182,64,140,1,6,6,4,2,0,0,0,0,0,0,3,11,1,1258,16,0,0,0.058823529411764705,0.35294117647058826,0.23529411764705882,0.35294117647058826,2.0,2013,10
8369,1987,2,4,18227.0,1,0,2012-11-08,21,1,2,7,4,3,11,1,0,1,2,8,0,0,0,0,0,0,3,11,0,28,3,1,0,0.25,0.0,0.5,0.25,0.0,2012,11
5232,1965,2,4,69139.0,0,1,2014-01-27,23,86,12,75,33,15,6,1,4,1,5,4,0,0,0,0,0,0,3,11,0,227,10,1,0,0.09090909090909091,0.36363636363636365,0.45454545454545453,0.09090909090909091,0.8,2014,1
2407,1982,2,4,69109.0,0,0,2012-11-09,10,823,25,459,124,29,95,1,6,6,7,4,0,0,1,0,0,0,3,11,1,1555,19,0,1,0.05,0.3,0.35,0.3,1.2,2012,11
3834,1962,2,0,69627.0,0,1,2013-03-17,35,231,161,215,171,30,53,2,8,2,11,5,0,0,0,0,0,0,3,11,0,861,21,1,0,0.09090909090909091,0.36363636363636365,0.5,0.09090909090909091,1.3333333333333333,2013,3
7912,1978,2,4,38136.0,1,0,2013-04-22,69,8,15,27,0,20,33,2,3,1,2,8,1,0,0,0,0,0,3,11,0,103,6,1,1,0.2857142857142857,0.42857142857142855,0.2857142857142857,0.14285714285714285,0.3333333333333333,2013,4
7712,1946,4,0,62159.0,0,0,2014-04-28,68,182,17,259,77,70,29,1,6,2,10,4,0,0,0,0,0,0,3,11,0,634,18,0,0,0.05263157894736842,0.3157894736842105,0.5263157894736842,0.10526315789473684,1.2,2014,4
1065,1963,2,0,80695.0,0,0,2013-12-29,85,557,129,984,193,37,18,1,5,8,5,2,0,0,0,0,0,0,3,11,0,1918,18,0,0,0.05263157894736842,0.2631578947368421,0.2631578947368421,0.42105263157894735,1.6666666666666667,2013,12
7275,1971,3,0,33316.0,1,1,2013-10-04,34,79,1,31,4,4,12,3,2,1,4,6,0,0,0,0,0,0,3,11,0,131,7,2,0,0.375,0.25,0.5,0.125,0.2857142857142857,2013,10
1343,1968,2,4,58554.0,1,1,2012-09-26,55,368,24,68,38,0,88,6,8,2,6,7,0,0,0,0,0,0,3,11,0,586,16,2,0,0.35294117647058826,0.47058823529411764,0.35294117647058826,0.11764705882352941,1.0,2012,9
1384,1992,0,4,17256.0,1,0,2013-11-23,10,6,4,14,8,8,22,2,2,1,2,8,1,0,0,0,0,0,3,11,0,62,5,1,1,0.3333333333333333,0.3333333333333333,0.3333333333333333,0.16666666666666666,0.2222222222222222,2013,11
9967,1974,2,1,53034.0,1,1,2013-05-30,30,160,15,196,15,11,50,8,6,1,7,8,0,0,0,0,0,0,3,11,0,447,14,2,0,0.5333333333333333,0.4,0.4666666666666667,0.06666666666666667,0.6666666666666666,2013,5
6181,1950,1,4,52203.0,0,0,2012-07-31,36,488,21,238,56,108,28,1,8,7,11,6,0,0,0,0,0,0,3,11,0,939,26,0,0,0.037037037037037035,0.2962962962962963,0.4074074074074074,0.25925925925925924,1.1428571428571428,2012,7
10507,1977,1,1,59601.0,0,1,2013-07-25,14,691,7,69,0,7,23,4,2,2,7,8,0,1,0,0,0,0,3,11,0,797,11,1,1,0.3333333333333333,0.16666666666666666,0.5833333333333334,0.16666666666666666,0.2222222222222222,2013,7
2674,1958,3,0,75154.0,0,1,2012-09-04,79,543,10,205,160,143,82,1,6,3,6,3,0,0,0,0,0,0,3,11,1,1143,15,1,0,0.0625,0.375,0.375,0.1875,1.5,2012,9
2698,1976,2,0,47025.0,0,1,2013-11-07,52,254,7,108,20,0,26,3,6,3,5,6,0,0,0,0,0,0,3,11,0,415,14,1,0,0.2,0.4,0.3333333333333333,0.2,0.8571428571428571,2013,11
3231,1973,2,4,37971.0,1,0,2013-11-25,97,5,4,10,2,2,7,1,1,0,3,8,0,0,0,0,0,0,3,11,0,30,4,1,0,0.2,0.2,0.6,0.0,0.1111111111111111,2013,11
4096,1968,3,1,41335.0,1,0,2013-12-26,24,112,19,21,16,14,5,3,4,1,4,7,0,0,0,0,0,0,3,11,0,187,9,1,0,0.3,0.4,0.4,0.1,0.5,2013,12
10476,1958,2,4,67267.0,0,1,2014-05-13,0,134,11,59,15,2,30,1,3,2,5,2,0,0,0,0,0,0,3,11,0,251,10,1,0,0.09090909090909091,0.2727272727272727,0.45454545454545453,0.18181818181818182,1.0,2014,5
5948,1975,2,0,57338.0,0,1,2014-04-29,96,143,6,52,11,8,17,2,4,1,5,5,0,0,0,0,0,0,3,11,0,237,10,1,0,0.18181818181818182,0.36363636363636365,0.45454545454545453,0.09090909090909091,0.6666666666666666,2014,4
9140,1960,1,4,50523.0,1,1,2013-12-25,89,51,4,24,4,7,1,2,2,0,4,6,0,0,0,0,0,0,3,11,0,91,6,2,0,0.2857142857142857,0.2857142857142857,0.5714285714285714,0.0,0.2857142857142857,2013,12
10258,1965,3,0,35791.0,2,1,2013-05-06,94,27,0,5,0,0,3,2,1,0,3,8,0,0,0,0,0,0,3,11,0,35,4,3,0,0.4,0.2,0.6,0.0,0.1111111111111111,2013,5
5675,1960,4,1,50611.0,0,1,2012-10-04,98,459,0,24,6,0,4,6,4,5,7,6,0,1,0,0,0,0,3,11,0,493,16,1,1,0.35294117647058826,0.23529411764705882,0.4117647058823529,0.29411764705882354,0.5714285714285714,2012,10
4743,1969,4,4,56242.0,0,1,2013-03-03,72,689,8,167,11,8,88,5,8,4,11,6,0,0,0,0,0,0,3,11,0,971,23,1,0,0.20833333333333334,0.3333333333333333,0.4583333333333333,0.16666666666666666,1.1428571428571428,2013,3
8805,1960,2,0,48904.0,0,1,2012-12-02,1,283,10,38,0,13,27,4,7,2,4,8,0,0,0,0,0,0,3,11,0,371,13,1,0,0.2857142857142857,0.5,0.2857142857142857,0.14285714285714285,0.7777777777777778,2012,12
1542,1975,2,0,56243.0,1,2,2013-12-30,26,347,0,35,4,3,7,6,4,2,8,5,0,0,0,0,0,0,3,11,0,396,14,3,0,0.4,0.26666666666666666,0.5333333333333333,0.13333333333333333,0.6666666666666666,2013,12
6770,1985,2,4,21355.0,1,0,2013-08-20,5,5,13,14,0,5,31,2,2,1,2,6,1,0,0,0,0,0,3,11,1,68,5,1,1,0.3333333333333333,0.3333333333333333,0.3333333333333333,0.16666666666666666,0.2857142857142857,2013,8
8773,1971,3,4,57420.0,0,1,2013-06-25,22,280,0,18,0,0,24,3,5,1,6,7,0,1,0,0,0,0,3,11,0,322,12,1,1,0.23076923076923078,0.38461538461538464,0.46153846153846156,0.07692307692307693,0.625,2013,6
10420,1955,3,1,46390.0,0,1,2014-05-05,56,95,14,64,2,9,38,1,4,2,3,7,0,0,0,0,0,0,3,11,0,222,9,1,0,0.1,0.4,0.3,0.2,0.5,2014,5
7514,1956,1,4,54342.0,1,1,2013-07-03,74,84,10,34,11,10,28,4,3,1,4,6,0,0,0,0,0,0,3,11,0,177,8,2,0,0.4444444444444444,0.3333333333333333,0.4444444444444444,0.1111111111111111,0.42857142857142855,2013,7
793,1973,2,4,20895.0,1,0,2012-10-06,24,18,3,17,3,0,4,1,2,0,3,9,0,0,0,0,0,0,3,11,0,45,5,1,0,0.16666666666666666,0.3333333333333333,0.5,0.0,0.2,2012,10
10909,1948,2,4,92344.0,0,0,2014-01-15,9,992,24,694,51,19,119,0,5,10,5,1,1,0,1,0,0,0,3,11,0,1899,20,0,2,0.0,0.23809523809523808,0.23809523809523808,0.47619047619047616,2.5,2014,1
8702,1976,1,4,26907.0,1,1,2013-08-20,10,9,1,7,0,3,2,2,1,0,3,7,0,0,0,0,0,0,3,11,0,22,4,2,0,0.4,0.2,0.6,0.0,0.125,2013,8
4791,1980,2,4,44964.0,1,1,2012-12-16,35,19,1,17,2,0,2,1,1,0,3,8,0,0,0,0,0,0,3,11,0,41,4,2,0,0.2,0.2,0.6,0.0,0.1111111111111111,2012,12
2963,1979,2,4,75507.0,0,0,2014-05-02,56,709,93,374,104,80,80,1,8,6,6,3,0,0,0,0,0,0,3,11,0,1440,20,0,0,0.047619047619047616,0.38095238095238093,0.2857142857142857,0.2857142857142857,2.0,2014,5
8216,1972,3,4,53761.0,1,1,2013-10-11,7,158,0,76,13,7,71,6,4,4,3,5,0,0,0,0,0,0,3,11,0,325,11,2,0,0.5,0.3333333333333333,0.25,0.3333333333333333,0.6666666666666666,2013,10
8140,1973,2,4,22682.0,1,0,2013-10-03,51,10,14,29,4,2,36,3,2,1,4,4,0,0,0,0,0,0,3,11,0,95,7,1,0,0.375,0.25,0.5,0.125,0.4,2013,10
10146,1972,4,4,38887.0,1,0,2014-03-02,17,25,1,13,0,0,3,1,1,0,3,7,0,0,0,0,0,0,3,11,0,42,4,1,0,0.2,0.2,0.6,0.0,0.125,2014,3
5289,1975,1,0,41658.0,1,1,2012-11-09,30,8,4,12,15,4,29,2,1,1,2,4,0,0,0,0,0,0,3,11,0,72,4,2,0,0.4,0.2,0.4,0.2,0.2,2012,11
2587,1972,4,4,29791.0,1,0,2014-05-15,21,14,0,6,0,0,0,2,2,0,3,5,0,0,0,0,0,0,3,11,0,20,5,1,0,0.3333333333333333,0.3333333333333333,0.5,0.0,0.3333333333333333,2014,5
4405,1956,3,4,63915.0,0,2,2013-07-30,2,622,7,115,30,0,15,2,6,3,12,5,0,0,0,0,0,0,3,11,0,789,21,2,0,0.09090909090909091,0.2727272727272727,0.5454545454545454,0.13636363636363635,1.0,2013,7
8663,1974,2,1,39996.0,1,1,2014-05-22,85,11,0,3,0,0,1,1,1,0,2,6,0,0,0,0,0,0,3,11,0,15,3,2,0,0.25,0.25,0.5,0.0,0.14285714285714285,2014,5
2589,1972,2,1,26759.0,1,0,2014-02-07,65,25,3,16,8,5,2,2,2,1,3,6,0,0,0,0,0,0,3,11,0,59,6,1,0,0.2857142857142857,0.2857142857142857,0.42857142857142855,0.14285714285714285,0.2857142857142857,2014,2
3421,1968,3,1,63841.0,0,1,2013-04-21,64,635,15,100,20,7,131,1,9,3,9,6,0,0,0,0,0,0,3,11,0,908,21,1,0,0.045454545454545456,0.4090909090909091,0.4090909090909091,0.13636363636363635,1.2857142857142858,2013,4
10490,1969,4,4,51039.0,1,1,2012-12-10,11,100,64,79,65,0,109,2,6,2,4,7,0,0,0,0,0,0,3,11,0,417,12,2,0,0.15384615384615385,0.46153846153846156,0.3076923076923077,0.15384615384615385,0.75,2012,12
4094,1961,2,4,60544.0,1,1,2012-08-25,92,201,2,43,3,5,35,4,5,1,5,6,0,0,0,0,0,0,3,11,0,289,11,2,0,0.3333333333333333,0.4166666666666667,0.4166666666666667,0.08333333333333333,0.7142857142857143,2012,8
9958,1972,2,4,65685.0,0,1,2014-03-29,54,642,14,49,0,7,57,1,9,2,9,5,0,0,0,0,0,0,3,11,0,769,20,1,0,0.047619047619047616,0.42857142857142855,0.42857142857142855,0.09523809523809523,1.5,2014,3
2534,1953,2,4,37716.0,0,1,2014-04-21,4,97,1,41,6,2,41,2,4,1,3,7,0,0,0,0,0,0,3,11,0,188,8,1,0,0.2222222222222222,0.4444444444444444,0.3333333333333333,0.1111111111111111,0.5,2014,4
4188,1957,2,0,36864.0,0,1,2012-08-13,53,204,5,39,17,0,89,3,5,2,4,8,0,0,0,0,0,0,3,11,1,354,11,1,0,0.25,0.4166666666666667,0.3333333333333333,0.16666666666666666,0.5555555555555556,2012,8
6613,1970,3,4,44511.0,1,0,2012-10-12,39,513,7,133,46,14,14,6,8,4,8,8,0,0,0,0,0,0,3,11,0,727,20,1,0,0.2857142857142857,0.38095238095238093,0.38095238095238093,0.19047619047619047,0.8888888888888888,2012,10
10827,1967,4,4,36947.0,1,1,2012-08-07,49,88,3,21,4,1,29,4,3,0,4,9,0,0,0,0,0,0,3,11,0,146,7,2,0,0.5,0.375,0.5,0.0,0.3,2012,8
5491,1951,3,4,47352.0,0,1,2013-04-11,70,172,12,112,8,0,15,4,6,1,5,7,0,0,0,0,0,0,3,11,0,319,12,1,0,0.3076923076923077,0.46153846153846156,0.38461538461538464,0.07692307692307693,0.75,2013,4
8402,1953,3,4,67087.0,0,1,2013-12-17,40,329,35,222,130,35,43,2,7,5,8,4,0,0,0,0,0,0,3,11,0,794,20,1,0,0.09523809523809523,0.3333333333333333,0.38095238095238093,0.23809523809523808,1.4,2013,12
8783,1950,2,4,57045.0,0,1,2012-09-08,40,296,13,104,11,13,17,3,4,2,9,3,0,0,0,0,0,0,3,11,0,454,15,1,0,0.1875,0.25,0.5625,0.125,1.0,2012,9
10010,1953,4,1,36957.0,1,1,2012-09-06,43,100,2,16,2,1,31,4,3,2,2,9,0,0,0,0,0,0,3,11,1,152,7,2,0,0.5,0.375,0.25,0.25,0.3,2012,9
618,1977,4,4,69389.0,0,1,2012-09-28,17,422,7,238,69,46,15,1,7,2,12,4,0,0,0,0,0,0,3,11,0,797,21,1,0,0.045454545454545456,0.3181818181818182,0.5454545454545454,0.09090909090909091,1.4,2012,9
9121,1972,2,4,80134.0,1,0,2013-05-20,40,1218,16,272,104,0,80,2,5,3,6,6,0,1,1,1,0,0,3,11,1,1690,14,1,3,0.13333333333333333,0.3333333333333333,0.4,0.2,0.7142857142857143,2013,5
361,1969,3,4,43142.0,1,1,2014-02-18,84,5,1,7,2,1,4,1,1,0,2,7,0,0,0,0,0,0,3,11,0,20,3,2,0,0.25,0.25,0.5,0.0,0.125,2014,2
4310,1944,2,4,80589.0,0,0,2014-01-22,25,507,93,520,242,40,26,1,5,10,5,1,0,0,0,1,0,0,3,11,1,1428,20,0,1,0.047619047619047616,0.23809523809523808,0.23809523809523808,0.47619047619047616,2.5,2014,1
2678,1990,2,0,34412.0,1,0,2013-02-13,62,52,12,50,4,36,55,3,5,0,3,9,0,0,0,0,0,0,3,11,0,209,8,1,0,0.3333333333333333,0.5555555555555556,0.3333333333333333,0.0,0.5,2013,2
6376,1979,2,0,57537.0,1,0,2013-06-10,83,191,56,139,51,8,100,4,4,3,8,4,0,0,0,0,0,0,3,11,0,545,15,1,0,0.25,0.25,0.5,0.1875,0.8,2013,6
524,1966,0,4,22634.0,0,0,2013-01-16,47,2,23,11,8,6,46,1,2,1,2,8,0,0,0,0,0,0,3,11,0,96,5,0,0,0.16666666666666666,0.3333333333333333,0.3333333333333333,0.16666666666666666,0.2222222222222222,2013,1
10341,1948,2,4,51315.0,0,0,2014-02-23,45,68,28,39,16,30,41,1,2,2,5,2,0,0,0,0,0,0,3,11,0,222,9,0,0,0.1,0.2,0.5,0.2,0.6666666666666666,2014,2
5654,1972,2,4,36026.0,2,1,2014-03-16,34,20,4,10,6,4,17,2,2,0,3,6,0,0,0,0,0,0,3,11,0,61,5,3,0,0.3333333333333333,0.3333333333333333,0.5,0.0,0.2857142857142857,2014,3
4098,1973,2,4,24639.0,1,1,2014-01-28,3,20,3,16,0,4,1,3,2,0,4,6,0,0,0,0,0,0,3,11,0,44,6,2,0,0.42857142857142855,0.2857142857142857,0.5714285714285714,0.0,0.2857142857142857,2014,1
5824,1972,4,4,34578.0,2,1,2014-04-11,1,7,0,1,0,0,0,1,1,0,2,6,0,0,0,0,0,0,3,11,0,8,3,3,0,0.25,0.25,0.5,0.0,0.14285714285714285,2014,4
7000,1972,1,0,65704.0,0,0,2013-10-13,18,279,172,74,38,8,246,1,2,10,10,1,0,0,0,0,0,0,3,11,0,817,22,0,0,0.043478260869565216,0.08695652173913043,0.43478260869565216,0.43478260869565216,1.0,2013,10
2561,1966,2,0,63810.0,0,1,2012-11-11,45,977,12,253,16,12,101,4,4,3,12,8,0,1,0,0,0,0,3,11,0,1371,19,1,1,0.2,0.2,0.6,0.15,0.4444444444444444,2012,11
5229,1969,4,4,54132.0,0,1,2014-02-16,81,30,1,8,0,0,3,1,1,0,3,7,0,0,0,0,0,0,3,11,0,42,4,1,0,0.2,0.2,0.6,0.0,0.125,2014,2
4086,1959,2,4,18690.0,0,0,2012-12-28,77,6,1,7,23,4,19,1,1,1,2,8,0,0,0,0,0,0,3,11,0,60,4,0,0,0.2,0.2,0.4,0.2,0.1111111111111111,2012,12
2428,1970,2,4,28164.0,1,0,2013-05-04,23,3,18,26,11,8,12,3,2,0,4,7,0,0,0,0,0,0,3,11,0,78,6,1,0,0.42857142857142855,0.2857142857142857,0.5714285714285714,0.0,0.25,2013,5
8254,1974,4,4,34596.0,1,0,2013-04-13,48,14,0,2,0,0,7,1,1,0,2,8,0,0,0,0,0,0,3,11,0,23,3,1,0,0.25,0.25,0.5,0.0,0.1111111111111111,2013,4
2836,1972,4,4,43269.0,1,0,2013-09-16,61,10,1,7,0,0,1,1,1,0,2,8,0,0,0,0,0,0,3,11,0,19,3,1,0,0.25,0.25,0.5,0.0,0.1111111111111111,2013,9
8418,1958,1,0,38741.0,1,1,2014-03-30,60,7,10,17,8,6,13,2,2,0,3,7,0,0,0,0,0,0,3,11,0,61,5,2,0,0.3333333333333333,0.3333333333333333,0.5,0.0,0.25,2014,3
1362,1972,2,0,31907.0,0,0,2013-03-04,75,33,87,64,175,16,74,1,6,1,6,7,0,0,0,0,0,0,3,11,0,449,13,0,0,0.07142857142857142,0.42857142857142855,0.42857142857142855,0.07142857142857142,0.75,2013,3
7152,1983,3,4,27100.0,1,0,2013-04-05,64,12,0,13,2,0,10,1,1,0,3,7,0,0,0,0,0,0,3,11,0,37,4,1,0,0.2,0.2,0.6,0.0,0.125,2013,4
10033,1973,1,1,31163.0,1,0,2014-02-13,54,2,3,10,11,2,10,1,1,0,3,6,0,0,0,0,0,0,3,11,0,38,4,1,0,0.2,0.2,0.6,0.0,0.14285714285714285,2014,2
9349,1985,2,4,92533.0,0,0,2013-12-19,84,693,21,118,110,147,42,1,6,5,11,2,0,0,1,1,0,0,3,11,0,1131,22,0,2,0.043478260869565216,0.2608695652173913,0.4782608695652174,0.21739130434782608,2.0,2013,12
274,1973,2,0,34853.0,1,1,2013-12-23,75,9,3,15,2,3,2,2,2,0,3,6,0,0,0,0,0,0,3,11,0,34,5,2,0,0.3333333333333333,0.3333333333333333,0.5,0.0,0.2857142857142857,2013,12
3388,1967,2,1,70844.0,1,1,2013-10-30,16,129,26,67,3,67,2,5,6,1,5,7,0,0,0,0,0,0,3,11,0,294,12,2,0,0.38461538461538464,0.46153846153846156,0.38461538461538464,0.07692307692307693,0.75,2013,10
922,1979,1,4,31086.0,1,1,2013-05-04,79,16,2,11,3,0,16,2,1,1,2,8,1,0,0,0,0,0,3,11,0,48,4,2,1,0.4,0.2,0.4,0.2,0.1111111111111111,2013,5
8588,1961,2,4,60544.0,1,1,2012-08-25,92,201,2,43,3,5,35,4,5,1,5,6,0,0,0,0,0,0,3,11,0,289,11,2,0,0.3333333333333333,0.4166666666666667,0.4166666666666667,0.08333333333333333,0.7142857142857143,2012,8
2518,1986,1,4,20491.0,0,0,2013-01-25,16,5,4,5,4,2,10,1,0,1,2,7,0,0,0,0,0,0,3,11,0,30,3,0,0,0.25,0.0,0.5,0.25,0.0,2013,1
574,1964,2,4,42523.0,0,0,2014-04-23,96,14,36,11,3,26,35,1,1,1,4,2,0,0,0,0,0,0,3,11,0,125,6,0,0,0.14285714285714285,0.14285714285714285,0.5714285714285714,0.14285714285714285,0.3333333333333333,2014,4
3220,1983,2,4,39922.0,1,0,2013-02-14,30,29,12,59,19,1,36,2,3,0,4,8,0,0,0,0,0,0,3,11,0,156,7,1,0,0.25,0.375,0.5,0.0,0.3333333333333333,2013,2
5967,1952,2,4,33402.0,1,1,2013-07-18,60,26,2,19,10,5,8,3,2,1,3,8,0,0,0,0,0,0,3,11,0,70,6,2,0,0.42857142857142855,0.2857142857142857,0.42857142857142855,0.14285714285714285,0.2222222222222222,2013,7
1183,1949,3,4,36408.0,1,1,2013-09-21,11,9,1,4,3,2,3,1,1,0,2,6,0,0,0,0,0,0,3,11,0,22,3,2,0,0.25,0.25,0.5,0.0,0.14285714285714285,2013,9
6856,1979,2,4,21645.0,1,0,2012-09-03,75,14,0,23,4,5,19,3,3,0,3,9,0,0,0,0,0,0,3,11,1,65,6,1,0,0.42857142857142855,0.42857142857142855,0.42857142857142855,0.0,0.3,2012,9
4530,1948,3,2,78427.0,0,0,2012-10-24,36,972,19,595,180,26,138,3,3,7,10,3,0,0,0,1,0,0,3,11,1,1930,20,0,1,0.14285714285714285,0.14285714285714285,0.47619047619047616,0.3333333333333333,0.75,2012,10
1553,1946,2,4,82657.0,0,0,2013-09-27,71,966,168,672,246,105,126,1,7,5,10,4,0,1,0,1,0,0,3,11,0,2283,22,0,2,0.043478260869565216,0.30434782608695654,0.43478260869565216,0.21739130434782608,1.4,2013,9
4682,1958,2,4,51876.0,0,0,2013-10-15,88,99,27,102,28,48,6,1,2,2,8,1,0,0,0,0,0,0,3,11,0,310,12,0,0,0.07692307692307693,0.15384615384615385,0.6153846153846154,0.15384615384615385,1.0,2013,10
8204,1971,1,4,78041.0,0,0,2012-12-16,93,482,35,553,72,160,17,1,4,4,9,2,0,0,0,0,0,0,3,11,0,1319,17,0,0,0.05555555555555555,0.2222222222222222,0.5,0.2222222222222222,1.3333333333333333,2012,12
5221,1957,2,4,52852.0,0,1,2012-12-01,93,714,8,99,11,0,47,4,10,7,5,8,1,0,0,0,0,0,3,11,0,879,22,1,1,0.17391304347826086,0.43478260869565216,0.21739130434782608,0.30434782608695654,1.1111111111111112,2012,12
1232,1982,4,4,70038.0,0,0,2013-10-25,54,587,54,348,71,54,130,1,4,4,8,2,0,0,0,0,0,0,3,11,0,1244,16,0,0,0.058823529411764705,0.23529411764705882,0.47058823529411764,0.23529411764705882,1.3333333333333333,2013,10
1927,1973,1,4,69401.0,0,1,2014-03-23,41,399,27,159,58,8,39,4,4,4,5,2,0,0,0,0,0,0,3,11,0,690,13,1,0,0.2857142857142857,0.2857142857142857,0.35714285714285715,0.2857142857142857,1.3333333333333333,2014,3
5788,1972,2,4,46053.0,1,0,2013-02-17,46,56,10,92,19,7,25,3,3,2,4,5,0,0,0,0,0,0,3,11,0,209,9,1,0,0.3,0.3,0.4,0.2,0.5,2013,2
6652,1965,2,4,77343.0,0,0,2014-06-09,28,227,151,573,98,54,31,1,3,4,9,1,0,0,0,0,0,0,3,11,0,1134,16,0,0,0.058823529411764705,0.17647058823529413,0.5294117647058824,0.23529411764705882,1.5,2014,6
6246,1953,2,0,73892.0,0,0,2013-11-13,40,703,102,601,0,58,43,1,3,11,8,1,0,0,0,0,0,0,3,11,1,1507,22,0,0,0.043478260869565216,0.13043478260869565,0.34782608695652173,0.4782608695652174,1.5,2013,11
5975,1967,4,0,40304.0,1,0,2013-09-30,82,37,0,17,0,0,3,1,2,0,3,7,0,0,0,0,0,0,3,11,0,57,5,1,0,0.16666666666666666,0.3333333333333333,0.5,0.0,0.25,2013,9
6875,1965,4,4,32727.0,0,0,2012-08-28,38,167,13,180,86,13,70,2,7,3,5,8,0,0,0,0,0,0,3,11,0,529,15,0,0,0.125,0.4375,0.3125,0.1875,0.7777777777777778,2012,8
4399,1969,2,4,68695.0,0,0,2014-06-25,3,458,81,356,106,50,40,1,4,4,7,2,0,0,0,0,0,0,3,11,0,1091,15,0,0,0.0625,0.25,0.4375,0.25,1.3333333333333333,2014,6
4042,1971,2,1,43300.0,0,1,2012-10-13,87,91,3,52,2,1,31,3,4,0,4,8,0,0,0,0,0,0,3,11,1,180,8,1,0,0.3333333333333333,0.4444444444444444,0.4444444444444444,0.0,0.4444444444444444,2012,10
2157,1972,2,4,26290.0,1,1,2013-01-12,49,15,8,16,11,5,22,4,2,0,4,6,0,0,0,0,0,0,3,11,0,77,6,2,0,0.5714285714285714,0.2857142857142857,0.5714285714285714,0.0,0.2857142857142857,2013,1
10133,1970,2,0,93790.0,0,0,2014-02-12,16,1302,68,731,89,114,45,0,6,7,12,2,0,1,1,1,0,0,3,11,1,2349,25,0,3,0.0,0.23076923076923078,0.46153846153846156,0.2692307692307692,2.0,2014,2
2525,1974,4,4,38410.0,0,0,2012-09-14,65,153,64,123,116,64,14,2,5,2,9,6,0,0,0,0,0,0,3,11,1,534,16,0,0,0.11764705882352941,0.29411764705882354,0.5294117647058824,0.11764705882352941,0.7142857142857143,2012,9
8233,1950,3,2,64866.0,0,1,2014-01-26,9,508,5,21,7,5,10,4,7,3,7,5,0,1,0,0,0,0,3,11,0,556,17,1,1,0.2222222222222222,0.3888888888888889,0.3888888888888889,0.16666666666666666,1.1666666666666667,2014,1
9483,1959,2,4,57957.0,0,1,2013-08-19,24,290,59,177,77,5,29,7,4,6,8,3,0,0,0,0,0,1,3,11,0,637,18,1,0,0.3684210526315789,0.21052631578947367,0.42105263157894735,0.3157894736842105,1.0,2013,8
2945,1955,4,4,46015.0,1,1,2014-04-13,25,38,0,2,0,0,6,1,1,0,3,7,1,0,0,0,1,0,3,11,0,46,4,2,2,0.2,0.2,0.6,0.0,0.125,2014,4
10403,1978,2,4,16531.0,1,0,2014-06-18,43,2,13,6,7,5,11,3,3,0,3,7,0,0,0,0,0,0,3,11,0,44,6,1,0,0.42857142857142855,0.42857142857142855,0.42857142857142855,0.0,0.375,2014,6
5074,1986,3,4,28072.0,1,0,2013-07-08,10,30,0,10,2,0,5,1,1,0,3,7,0,0,0,0,0,0,3,11,0,47,4,1,0,0.2,0.2,0.6,0.0,0.125,2013,7
10524,1963,3,1,49476.0,0,1,2013-06-20,29,386,23,95,54,41,196,4,2,11,5,2,0,0,0,0,0,0,3,11,0,795,18,1,0,0.21052631578947367,0.10526315789473684,0.2631578947368421,0.5789473684210527,0.6666666666666666,2013,6
4690,1953,2,4,50725.0,0,1,2013-02-13,45,443,10,75,0,10,48,4,8,1,8,8,0,0,0,0,0,0,3,11,0,586,17,1,0,0.2222222222222222,0.4444444444444444,0.4444444444444444,0.05555555555555555,0.8888888888888888,2013,2
7521,1952,2,4,83844.0,0,0,2013-05-12,57,901,31,345,75,31,191,1,4,4,11,1,0,0,1,0,0,0,3,11,0,1574,19,0,1,0.05,0.2,0.55,0.2,2.0,2013,5
7196,1950,4,4,41145.0,1,1,2014-02-08,20,9,0,3,0,0,1,1,0,0,3,3,0,0,0,0,0,0,3,11,0,13,3,2,0,0.25,0.0,0.75,0.0,0.0,2014,2
4406,1970,2,4,67419.0,0,1,2013-01-16,29,846,84,352,91,56,42,4,9,4,8,5,0,0,0,0,0,0,3,11,0,1471,21,1,0,0.18181818181818182,0.4090909090909091,0.36363636363636365,0.18181818181818182,1.5,2013,1
9672,1970,1,4,23162.0,1,1,2013-12-21,82,8,3,9,19,4,22,3,1,1,3,6,0,0,0,0,0,0,3,11,0,65,5,2,0,0.5,0.16666666666666666,0.5,0.16666666666666666,0.14285714285714285,2013,12
4864,1977,2,4,34380.0,1,0,2013-05-02,68,72,7,58,13,1,24,4,4,1,3,8,0,0,0,0,0,0,3,11,0,175,8,1,0,0.4444444444444444,0.4444444444444444,0.3333333333333333,0.1111111111111111,0.4444444444444444,2013,5
4706,1966,2,0,34704.0,0,1,2013-04-27,65,29,0,5,0,1,5,1,1,0,3,5,0,0,0,0,0,0,3,11,0,40,4,1,0,0.2,0.2,0.6,0.0,0.16666666666666666,2013,4
4070,1969,4,4,94871.0,0,2,2012-09-01,99,169,24,553,188,0,144,1,8,5,4,7,0,1,1,0,0,0,3,11,1,1078,17,2,2,0.05555555555555555,0.4444444444444444,0.2222222222222222,0.2777777777777778,1.0,2012,9
25,1958,2,4,65148.0,0,1,2012-11-16,9,460,35,422,33,12,153,2,6,6,7,4,0,0,0,0,0,0,3,11,0,1115,19,1,0,0.1,0.3,0.35,0.3,1.2,2012,11
3697,1954,2,4,39898.0,0,1,2013-02-12,20,69,8,26,12,7,12,2,3,0,4,7,0,0,0,0,0,0,3,11,0,134,7,1,0,0.25,0.375,0.5,0.0,0.375,2013,2
217,1956,3,0,64857.0,0,0,2012-11-23,78,556,14,717,210,0,43,1,7,5,10,4,0,0,0,0,0,0,3,11,0,1540,22,0,0,0.043478260869565216,0.30434782608695654,0.43478260869565216,0.21739130434782608,1.4,2012,11
4220,1970,4,4,59892.0,0,1,2013-11-02,26,73,0,13,0,1,0,1,2,1,3,3,0,0,0,0,0,0,3,11,0,87,6,1,0,0.14285714285714285,0.2857142857142857,0.42857142857142855,0.14285714285714285,0.5,2013,11
5286,1987,3,0,41020.0,0,0,2013-10-28,68,112,1,54,7,7,36,1,3,2,4,3,0,0,0,0,0,0,3,11,0,217,9,0,0,0.1,0.3,0.4,0.2,0.75,2013,10
9559,1961,4,4,57072.0,0,1,2014-01-24,79,944,0,60,0,0,30,2,7,5,13,5,1,0,0,0,0,0,3,11,0,1034,25,1,1,0.07692307692307693,0.2692307692307692,0.5,0.19230769230769232,1.1666666666666667,2014,1
2849,1979,2,0,60474.0,0,1,2013-04-01,25,265,199,303,234,9,170,7,10,2,12,7,0,0,0,0,0,0,3,11,0,1180,24,1,0,0.28,0.4,0.48,0.08,1.25,2013,4
7787,1960,2,4,62807.0,0,1,2012-08-31,83,526,28,135,10,21,99,3,5,3,12,5,0,0,0,0,0,0,3,11,0,819,20,1,0,0.14285714285714285,0.23809523809523808,0.5714285714285714,0.14285714285714285,0.8333333333333334,2012,8
3102,1981,1,4,19414.0,1,0,2013-10-16,32,2,3,12,3,5,7,1,1,0,3,8,0,0,0,0,0,0,3,11,0,32,4,1,0,0.2,0.2,0.6,0.0,0.1111111111111111,2013,10
5868,1980,2,4,19107.0,1,0,2013-08-22,49,2,4,9,10,5,16,2,1,0,3,7,0,0,0,0,0,0,3,11,0,46,4,1,0,0.4,0.2,0.6,0.0,0.125,2013,8
8370,1976,1,4,75484.0,0,1,2012-08-02,50,378,97,259,197,194,34,2,7,3,6,4,0,0,0,0,0,0,3,11,0,1159,16,1,0,0.11764705882352941,0.4117647058823529,0.35294117647058826,0.17647058823529413,1.4,2012,8
9988,1976,3,0,70379.0,0,1,2013-03-03,84,553,25,142,65,67,8,3,6,3,13,4,0,0,0,0,0,0,3,11,0,860,22,1,0,0.13043478260869565,0.2608695652173913,0.5652173913043478,0.13043478260869565,1.2,2013,3
2939,1970,3,4,79419.0,0,0,2014-06-22,96,751,127,687,20,15,31,1,4,6,4,2,0,0,0,0,0,0,3,11,0,1631,14,0,0,0.06666666666666667,0.26666666666666666,0.26666666666666666,0.4,1.3333333333333333,2014,6
5529,1946,4,4,64014.0,2,1,2014-06-10,56,406,0,30,0,0,8,7,8,2,5,7,0,0,0,1,0,0,3,11,0,444,15,3,1,0.4375,0.5,0.3125,0.125,1.0,2014,6
9743,1955,2,4,76998.0,0,1,2013-01-11,85,1449,89,161,69,35,107,2,11,8,8,6,0,0,1,0,0,0,3,11,0,1910,27,1,1,0.07142857142857142,0.39285714285714285,0.2857142857142857,0.2857142857142857,1.5714285714285714,2013,1
5763,1972,3,4,49854.0,1,0,2013-11-10,63,123,17,171,39,0,30,5,6,2,5,6,0,0,0,0,0,0,3,11,0,380,13,1,0,0.35714285714285715,0.42857142857142855,0.35714285714285715,0.14285714285714285,0.8571428571428571,2013,11
3478,1971,4,4,60585.0,1,1,2013-06-24,17,267,42,309,55,42,21,10,7,4,9,5,0,0,0,0,0,0,3,11,1,736,20,2,0,0.47619047619047616,0.3333333333333333,0.42857142857142855,0.19047619047619047,1.1666666666666667,2013,6
7494,1950,4,1,42873.0,1,1,2013-01-21,11,209,0,40,3,2,15,4,6,1,4,8,0,0,0,0,0,0,3,11,0,269,11,2,0,0.3333333333333333,0.5,0.3333333333333333,0.08333333333333333,0.6666666666666666,2013,1
1763,1988,2,4,87679.0,0,0,2013-07-27,62,1259,172,815,97,148,33,1,7,11,10,4,1,0,1,1,0,0,3,11,1,2524,28,0,3,0.034482758620689655,0.2413793103448276,0.3448275862068966,0.3793103448275862,1.4,2013,7
7250,1978,2,4,57867.0,1,0,2013-10-01,48,344,35,178,15,23,17,7,7,2,9,6,0,0,0,0,0,0,3,11,0,612,18,1,0,0.3684210526315789,0.3684210526315789,0.47368421052631576,0.10526315789473684,1.0,2013,10
2005,1990,2,4,35765.0,1,0,2013-12-11,86,22,3,30,0,5,15,2,2,0,4,6,0,0,0,0,0,0,3,11,0,75,6,1,0,0.2857142857142857,0.2857142857142857,0.5714285714285714,0.0,0.2857142857142857,2013,12
10770,1959,2,4,65492.0,0,0,2014-01-26,73,247,161,295,210,85,47,2,4,7,13,2,0,0,0,0,0,0,3,11,0,1045,24,0,0,0.08,0.16,0.52,0.28,1.3333333333333333,2014,1
6885,1977,2,1,32952.0,1,0,2013-12-01,36,38,0,12,3,1,1,1,2,0,3,7,0,0,0,0,0,0,3,11,0,55,5,1,0,0.16666666666666666,0.3333333333333333,0.5,0.0,0.25,2013,12
2072,1969,4,4,53374.0,0,1,2012-08-16,34,896,10,101,13,10,34,6,4,2,9,9,1,0,0,0,0,0,3,11,1,1064,15,1,1,0.375,0.25,0.5625,0.125,0.4,2012,8
9463,1959,2,4,71706.0,0,1,2012-11-13,16,931,56,253,91,98,14,4,9,5,7,5,0,0,0,0,0,0,3,11,0,1443,21,1,0,0.18181818181818182,0.4090909090909091,0.3181818181818182,0.22727272727272727,1.5,2012,11
6318,1988,2,4,68487.0,0,0,2013-01-13,48,758,12,385,33,89,89,1,9,7,13,4,0,0,0,0,0,0,3,11,0,1366,29,0,0,0.03333333333333333,0.3,0.43333333333333335,0.23333333333333334,1.8,2013,1
4093,1975,3,4,53253.0,1,1,2013-02-11,61,216,9,57,20,9,125,7,4,3,5,5,0,0,0,0,0,0,3,11,0,436,12,2,0,0.5384615384615384,0.3076923076923077,0.38461538461538464,0.23076923076923078,0.6666666666666666,2013,2
5751,1973,1,1,31163.0,1,0,2014-02-13,54,2,3,10,11,2,10,1,1,0,3,6,0,0,0,0,0,0,3,11,0,38,4,1,0,0.2,0.2,0.6,0.0,0.14285714285714285,2014,2
3340,1977,2,4,42014.0,1,0,2012-08-17,56,244,15,108,4,15,50,6,7,1,6,8,0,0,0,0,0,0,3,11,1,436,14,1,0,0.4,0.4666666666666667,0.4,0.06666666666666667,0.7777777777777778,2012,8
3594,1973,3,4,54108.0,1,1,2012-11-05,74,539,6,91,8,6,97,13,8,2,9,8,0,0,0,0,0,0,3,11,0,747,19,2,0,0.65,0.4,0.45,0.1,0.8888888888888888,2012,11
3584,1955,4,0,49667.0,0,0,2012-08-20,35,1181,26,120,17,13,39,2,5,10,5,8,1,0,0,0,0,0,3,11,1,1396,20,0,1,0.09523809523809523,0.23809523809523808,0.23809523809523808,0.47619047619047616,0.5555555555555556,2012,8
3643,1974,3,4,63206.0,0,0,2014-03-20,65,750,8,125,11,8,26,1,4,3,6,2,0,0,1,0,0,0,3,11,0,928,13,0,1,0.07142857142857142,0.2857142857142857,0.42857142857142855,0.21428571428571427,1.3333333333333333,2014,3
851,1972,3,4,57136.0,1,1,2013-07-09,48,306,5,109,21,109,92,9,5,2,10,6,0,0,0,0,0,0,3,11,0,642,17,2,0,0.5,0.2777777777777778,0.5555555555555556,0.1111111111111111,0.7142857142857143,2013,7
7706,1975,1,4,46772.0,0,1,2012-11-07,88,350,104,189,197,151,57,6,11,8,5,8,1,0,0,0,0,0,3,11,0,1048,24,1,1,0.24,0.44,0.2,0.32,1.2222222222222223,2012,11
3967,1971,4,4,78931.0,0,0,2013-10-25,19,331,197,170,58,152,35,1,2,8,13,1,0,0,0,0,0,0,3,11,0,943,23,0,0,0.041666666666666664,0.08333333333333333,0.5416666666666666,0.3333333333333333,1.0,2013,10
10128,1958,2,4,53977.0,0,1,2013-06-08,21,620,16,165,0,24,82,5,5,5,12,5,0,0,0,0,0,0,3,11,0,907,22,1,0,0.21739130434782608,0.21739130434782608,0.5217391304347826,0.21739130434782608,0.8333333333333334,2013,6
486,1988,2,4,84219.0,0,0,2014-02-02,27,434,137,400,45,137,45,1,3,4,10,1,0,0,0,0,0,0,3,11,0,1198,17,0,0,0.05555555555555555,0.16666666666666666,0.5555555555555556,0.2222222222222222,1.5,2014,2
9,1975,3,0,46098.0,1,1,2012-08-18,86,57,0,27,0,0,36,4,3,2,2,8,0,0,0,0,0,0,3,11,0,120,7,2,0,0.5,0.375,0.25,0.25,0.3333333333333333,2012,8
9451,1965,2,4,73538.0,0,1,2012-11-25,92,811,76,428,99,137,107,3,10,4,9,7,0,0,0,0,0,0,3,11,0,1658,23,1,0,0.125,0.4166666666666667,0.375,0.16666666666666666,1.25,2012,11
9264,1986,2,4,79529.0,0,0,2014-04-27,1,423,42,706,73,197,197,1,4,8,9,2,0,0,0,0,0,0,3,11,0,1638,21,0,0,0.045454545454545456,0.18181818181818182,0.4090909090909091,0.36363636363636365,1.3333333333333333,2014,4
3865,1977,1,4,20981.0,0,0,2013-04-30,14,2,12,10,6,13,30,1,3,1,2,8,0,0,0,0,0,0,3,11,1,73,6,0,0,0.14285714285714285,0.42857142857142855,0.2857142857142857,0.14285714285714285,0.3333333333333333,2013,4
2853,1980,2,0,51766.0,1,0,2014-03-11,74,60,51,87,6,20,51,2,4,2,4,5,0,0,0,0,0,0,3,11,0,275,10,1,0,0.18181818181818182,0.36363636363636365,0.36363636363636365,0.18181818181818182,0.6666666666666666,2014,3
1490,1962,2,4,55759.0,0,1,2012-11-28,84,675,0,85,10,7,77,5,10,3,8,8,0,0,0,0,0,0,3,11,0,854,21,1,0,0.22727272727272727,0.45454545454545453,0.36363636363636365,0.13636363636363635,1.1111111111111112,2012,11
6310,1978,2,4,33039.0,1,0,2013-09-09,4,30,8,12,8,8,12,1,2,0,4,5,0,0,0,0,0,0,3,11,0,78,6,1,0,0.14285714285714285,0.2857142857142857,0.5714285714285714,0.0,0.3333333333333333,2013,9
10380,1972,3,4,37787.0,1,0,2013-09-20,50,40,1,40,4,3,18,1,3,0,3,8,0,0,0,0,0,0,3,11,0,106,6,1,0,0.14285714285714285,0.42857142857142855,0.42857142857142855,0.0,0.3333333333333333,2013,9
3887,1970,2,0,27242.0,1,0,2012-11-11,2,3,17,26,20,1,39,2,2,0,3,9,0,0,0,0,0,0,3,11,1,106,5,1,0,0.3333333333333333,0.3333333333333333,0.5,0.0,0.2,2012,11
4278,1983,4,0,87188.0,0,0,2013-06-03,73,910,111,724,49,74,55,1,10,2,6,3,0,0,0,0,0,0,3,11,1,1923,18,0,0,0.05263157894736842,0.5263157894736842,0.3157894736842105,0.10526315789473684,2.5,2013,6
8643,1971,2,4,69930.0,0,0,2013-05-26,21,252,98,827,219,70,196,1,4,5,12,3,0,0,0,0,0,0,3,11,0,1662,21,0,0,0.045454545454545456,0.18181818181818182,0.5454545454545454,0.22727272727272727,1.0,2013,5
1998,1976,2,0,37697.0,1,0,2014-02-07,82,34,6,21,11,4,8,1,2,1,3,6,0,0,0,0,0,0,3,11,0,84,6,1,0,0.14285714285714285,0.2857142857142857,0.42857142857142855,0.14285714285714285,0.2857142857142857,2014,2
10795,1973,4,4,37401.0,1,0,2014-05-06,14,19,3,19,3,1,3,2,2,0,3,7,0,0,0,0,0,0,3,11,0,48,5,1,0,0.3333333333333333,0.3333333333333333,0.5,0.0,0.25,2014,5
11110,1973,2,0,3502.0,1,0,2013-04-13,56,2,1,1,0,0,1,0,0,0,0,14,0,0,0,0,0,0,3,11,0,5,0,1,0,0.0,0.0,0.0,0.0,0.0,2013,4
2408,1976,2,4,58597.0,1,1,2012-11-20,20,490,0,184,10,28,21,12,7,4,9,7,0,0,0,0,0,0,3,11,0,733,20,2,0,0.5714285714285714,0.3333333333333333,0.42857142857142855,0.19047619047619047,0.875,2012,11
202,1948,4,2,82032.0,0,0,2014-04-05,54,332,194,377,149,125,57,0,4,6,7,1,0,0,0,0,0,0,3,11,0,1234,17,0,0,0.0,0.2222222222222222,0.3888888888888889,0.3333333333333333,2.0,2014,4
7998,1958,2,4,28087.0,1,1,2012-12-11,77,53,8,17,13,0,21,3,2,2,2,7,0,0,0,0,0,0,3,11,0,112,6,2,0,0.42857142857142855,0.2857142857142857,0.2857142857142857,0.2857142857142857,0.25,2012,12
830,1987,4,0,74004.0,0,0,2014-02-24,5,784,48,560,42,176,48,1,4,6,4,3,0,0,1,1,0,0,3,11,1,1658,14,0,2,0.06666666666666667,0.26666666666666666,0.26666666666666666,0.4,1.0,2014,2
3536,1960,2,4,19740.0,0,1,2013-03-24,65,7,11,3,10,4,20,2,1,1,3,5,0,0,0,0,0,0,3,11,0,55,5,1,0,0.3333333333333333,0.16666666666666666,0.5,0.16666666666666666,0.16666666666666666,2013,3
6050,1975,1,4,57036.0,0,1,2012-12-11,33,1171,43,219,19,14,47,4,6,3,13,9,1,0,0,0,0,0,3,11,0,1513,22,1,1,0.17391304347826086,0.2608695652173913,0.5652173913043478,0.13043478260869565,0.6,2012,12
125,1958,1,4,53083.0,1,1,2013-05-15,65,215,7,33,3,0,13,6,5,1,5,7,0,1,0,0,0,0,3,11,0,271,11,2,1,0.5,0.4166666666666667,0.4166666666666667,0.08333333333333333,0.625,2013,5
3463,1975,4,4,69283.0,0,1,2014-06-14,41,674,62,134,0,26,8,4,7,3,13,5,0,0,0,0,0,0,3,11,0,904,23,1,0,0.16666666666666666,0.2916666666666667,0.5416666666666666,0.125,1.1666666666666667,2014,6
2804,1975,3,0,46098.0,1,1,2012-08-18,86,57,0,27,0,0,36,4,3,2,2,8,0,0,0,0,0,0,3,11,1,120,7,2,0,0.5,0.375,0.25,0.25,0.3333333333333333,2012,8
3745,1988,1,4,23331.0,1,0,2012-09-04,92,5,36,7,0,10,45,2,3,0,3,8,0,0,0,0,0,0,3,11,0,103,6,1,0,0.2857142857142857,0.42857142857142855,0.42857142857142855,0.0,0.3333333333333333,2012,9
9771,1988,1,0,23331.0,1,0,2012-10-05,97,104,20,101,24,15,5,6,5,1,5,9,0,0,0,0,0,0,3,11,0,269,11,1,0,0.5,0.4166666666666667,0.4166666666666667,0.08333333333333333,0.5,2012,10
451,1989,2,0,9255.0,1,0,2013-12-20,91,9,0,7,2,0,4,1,1,1,2,8,0,0,0,0,0,0,3,11,0,22,4,1,0,0.2,0.2,0.4,0.2,0.1111111111111111,2013,12
10530,1959,4,2,67786.0,0,0,2013-12-07,0,431,82,441,80,20,102,1,3,6,6,1,0,0,0,0,0,0,3,11,1,1156,15,0,0,0.0625,0.1875,0.375,0.375,1.5,2013,12
1079,1971,4,4,71969.0,0,1,2012-10-16,59,1000,0,76,0,0,10,3,3,4,9,8,0,1,0,0,0,0,3,11,0,1086,16,1,1,0.17647058823529413,0.17647058823529413,0.5294117647058824,0.23529411764705882,0.3333333333333333,2012,10
8920,1967,3,0,59235.0,1,0,2013-01-12,4,448,40,469,80,0,91,3,11,2,12,7,0,0,0,0,0,0,3,11,0,1128,25,1,0,0.11538461538461539,0.4230769230769231,0.46153846153846156,0.07692307692307693,1.375,2013,1
6678,1989,2,4,31928.0,1,0,2014-03-28,5,33,4,24,4,2,5,2,3,0,4,7,0,0,0,0,0,0,3,11,0,72,7,1,0,0.25,0.375,0.5,0.0,0.375,2014,3
3852,1961,3,4,74881.0,1,1,2013-03-08,48,505,72,270,36,27,54,4,9,2,12,5,0,0,0,0,0,0,3,11,0,964,23,2,0,0.16666666666666666,0.375,0.5,0.08333333333333333,1.5,2013,3
528,1978,2,4,65819.0,0,0,2012-11-29,99,267,38,701,149,165,63,1,5,4,10,3,0,0,0,0,0,0,3,11,0,1383,19,0,0,0.05,0.25,0.5,0.2,1.25,2012,11
73,1953,4,0,51411.0,1,2,2013-05-26,81,14,0,3,0,0,1,1,0,0,3,5,0,0,0,0,0,0,3,11,0,18,3,3,0,0.25,0.0,0.75,0.0,0.0,2013,5
5589,1964,2,1,51983.0,0,1,2012-08-31,95,631,0,115,10,7,30,3,9,2,10,7,0,0,0,0,0,0,3,11,0,793,21,1,0,0.13636363636363635,0.4090909090909091,0.45454545454545453,0.09090909090909091,1.125,2012,8
10212,1986,3,4,42386.0,1,0,2013-01-13,43,65,4,16,0,4,11,1,3,0,3,8,0,0,0,0,0,0,3,11,0,100,6,1,0,0.14285714285714285,0.42857142857142855,0.42857142857142855,0.0,0.3333333333333333,2013,1
6365,1987,1,4,30390.0,0,0,2013-09-02,5,10,12,12,25,1,20,1,2,0,3,6,0,0,0,0,0,0,3,11,0,80,5,0,0,0.16666666666666666,0.3333333333333333,0.5,0.0,0.2857142857142857,2013,9
5636,1963,2,0,30983.0,0,0,2012-11-09,50,51,4,50,12,1,49,1,4,0,3,8,0,0,0,0,0,0,3,11,1,167,7,0,0,0.125,0.5,0.375,0.0,0.4444444444444444,2012,11
591,1957,2,2,66033.0,0,1,2013-01-20,76,293,35,179,46,59,65,2,8,3,7,7,0,0,0,0,0,0,3,11,0,677,18,1,0,0.10526315789473684,0.42105263157894735,0.3684210526315789,0.15789473684210525,1.0,2013,1
2217,1975,1,4,37284.0,1,1,2013-03-29,46,11,1,2,2,1,6,1,0,0,3,6,0,0,0,0,0,0,3,11,0,23,3,2,0,0.25,0.0,0.75,0.0,0.0,2013,3
2544,1951,3,1,57530.0,0,1,2013-10-12,68,50,1,27,6,7,1,1,1,1,4,1,0,0,0,0,0,0,3,11,0,92,6,1,0,0.14285714285714285,0.14285714285714285,0.5714285714285714,0.14285714285714285,0.5,2013,10
7725,1965,1,4,76800.0,0,0,2014-03-08,33,173,26,255,35,71,81,1,4,4,7,1,0,0,0,0,0,0,3,11,0,641,15,0,0,0.0625,0.25,0.4375,0.25,2.0,2014,3
8091,1956,2,4,63943.0,0,1,2012-09-02,50,423,184,368,13,97,21,1,6,4,6,5,0,0,0,0,0,0,3,11,0,1106,16,1,0,0.058823529411764705,0.35294117647058826,0.35294117647058826,0.23529411764705882,1.0,2012,9
7321,1962,2,4,76081.0,0,0,2014-05-23,85,292,30,415,63,33,200,1,4,5,4,2,0,0,0,1,0,0,3,11,0,1033,13,0,1,0.07142857142857142,0.2857142857142857,0.2857142857142857,0.35714285714285715,1.3333333333333333,2014,5
5462,1974,2,4,67445.0,0,1,2012-08-12,63,757,80,217,29,80,11,5,9,6,12,6,0,0,0,0,0,0,3,11,0,1174,27,1,0,0.17857142857142858,0.32142857142857145,0.42857142857142855,0.21428571428571427,1.2857142857142858,2012,8
7791,1967,3,4,37054.0,1,1,2013-09-15,89,12,1,6,0,1,5,2,1,0,3,7,0,0,0,0,0,0,3,11,0,25,4,2,0,0.4,0.2,0.6,0.0,0.125,2013,9
955,1962,3,4,47175.0,1,1,2012-10-28,81,167,2,44,6,2,19,7,4,2,4,8,1,0,0,0,0,0,3,11,1,240,10,2,1,0.6363636363636364,0.36363636363636365,0.36363636363636365,0.18181818181818182,0.4444444444444444,2012,10
4037,1976,2,1,31859.0,1,0,2013-06-14,77,3,1,3,8,0,5,1,1,0,2,7,0,0,0,0,0,0,3,11,0,20,3,1,0,0.25,0.25,0.5,0.0,0.125,2013,6
6642,1961,2,1,27215.0,2,1,2013-01-23,50,30,5,22,8,9,28,4,2,1,4,6,0,0,0,0,0,0,3,11,0,102,7,3,0,0.5,0.25,0.5,0.125,0.2857142857142857,2013,1
2793,1976,4,1,70179.0,0,1,2013-07-21,10,532,88,168,69,44,133,3,7,3,13,5,0,0,0,0,0,0,3,11,0,1034,23,1,0,0.125,0.2916666666666667,0.5416666666666666,0.125,1.1666666666666667,2013,7
5424,1983,2,4,39922.0,1,0,2013-02-14,30,29,12,59,19,1,36,2,3,0,4,8,0,0,0,0,0,0,3,11,0,156,7,1,0,0.25,0.375,0.5,0.0,0.3333333333333333,2013,2
879,1976,3,4,49681.0,0,2,2013-11-04,66,411,0,26,0,0,21,6,7,1,7,7,0,0,0,0,0,0,3,11,0,458,15,2,0,0.375,0.4375,0.4375,0.0625,0.875,2013,11
9530,1988,2,4,24645.0,1,0,2012-11-01,16,5,3,4,4,1,0,1,1,0,2,8,0,0,0,0,0,0,3,11,0,17,3,1,0,0.25,0.25,0.5,0.0,0.1111111111111111,2012,11
4828,1954,2,1,79865.0,0,1,2014-06-18,12,71,99,278,185,121,38,1,5,10,5,1,0,0,0,0,0,0,3,11,0,792,20,1,0,0.047619047619047616,0.23809523809523808,0.23809523809523808,0.47619047619047616,2.5,2014,6
10699,1985,2,4,44322.0,1,0,2014-06-16,30,46,0,40,3,0,3,2,3,0,3,8,0,0,0,0,0,0,3,11,0,92,6,1,0,0.2857142857142857,0.42857142857142855,0.42857142857142855,0.0,0.3333333333333333,2014,6
1497,1952,2,0,47958.0,0,1,2013-01-19,8,268,11,88,15,3,22,2,6,3,5,5,0,0,0,0,0,0,3,11,0,407,14,1,0,0.13333333333333333,0.4,0.3333333333333333,0.2,1.0,2013,1
7476,1964,3,0,63972.0,0,1,2012-12-02,93,928,63,254,0,12,12,4,5,4,10,4,0,1,0,0,0,0,3,11,0,1269,19,1,1,0.2,0.25,0.5,0.2,1.0,2012,12
4390,1954,2,4,75315.0,0,1,2014-04-15,14,459,15,171,142,23,31,2,5,4,12,2,0,0,0,0,0,0,3,11,0,841,21,1,0,0.09090909090909091,0.22727272727272727,0.5454545454545454,0.18181818181818182,1.6666666666666667,2014,4
10478,1950,4,4,55517.0,1,1,2012-09-27,53,483,0,108,0,6,36,5,11,1,6,9,0,0,0,0,0,0,3,11,1,633,18,2,0,0.2631578947368421,0.5789473684210527,0.3157894736842105,0.05263157894736842,1.1,2012,9
1081,1957,4,4,75283.0,1,2,2013-03-27,26,733,9,180,12,19,66,11,6,3,5,4,0,0,0,0,0,0,3,11,0,1019,14,3,0,0.7333333333333333,0.4,0.3333333333333333,0.2,1.2,2013,3
4261,1946,4,0,82800.0,0,0,2012-11-24,23,1006,22,115,59,68,45,1,7,6,12,3,0,0,1,1,0,0,3,11,1,1315,25,0,2,0.038461538461538464,0.2692307692307692,0.46153846153846156,0.23076923076923078,1.75,2012,11
9916,1954,2,4,38998.0,1,1,2012-11-03,92,34,1,14,0,0,5,3,2,0,3,8,0,0,0,0,0,1,3,11,0,54,5,2,0,0.5,0.3333333333333333,0.5,0.0,0.2222222222222222,2012,11
5350,1991,3,0,90638.0,0,0,2014-02-13,29,1156,120,915,94,144,96,1,3,4,10,1,0,0,1,0,0,0,3,11,1,2525,17,0,1,0.05555555555555555,0.16666666666666666,0.5555555555555556,0.2222222222222222,1.5,2014,2
8135,1986,3,4,27161.0,1,0,2013-10-28,41,7,4,23,7,0,11,1,1,0,3,7,0,0,0,0,0,0,3,11,0,52,4,1,0,0.2,0.2,0.6,0.0,0.125,2013,10
8685,1977,2,4,42014.0,1,0,2012-08-17,56,244,15,108,4,15,50,6,7,1,6,8,0,0,0,0,0,0,3,11,1,436,14,1,0,0.4,0.4666666666666667,0.4,0.06666666666666667,0.7777777777777778,2012,8
4967,1960,4,4,38201.0,0,1,2013-03-29,19,233,0,23,0,0,12,4,5,1,5,8,0,0,0,0,0,0,3,11,0,268,11,1,0,0.3333333333333333,0.4166666666666667,0.4166666666666667,0.08333333333333333,0.5555555555555556,2013,3
2130,1982,2,4,45203.0,2,0,2014-03-23,4,35,3,67,10,8,24,1,3,1,3,6,0,0,0,0,0,0,3,11,1,147,7,2,0,0.125,0.375,0.375,0.125,0.42857142857142855,2014,3
9298,1947,4,4,81574.0,0,0,2014-04-28,89,1252,0,465,46,35,0,1,4,5,8,1,0,1,1,0,0,0,3,11,0,1798,17,0,2,0.05555555555555555,0.2222222222222222,0.4444444444444444,0.2777777777777778,2.0,2014,4
8175,1992,2,4,34935.0,0,0,2013-06-21,71,34,4,66,3,10,20,1,2,1,4,7,0,0,0,0,0,0,3,11,0,137,7,0,0,0.125,0.25,0.5,0.125,0.25,2013,6
6257,1976,3,0,60482.0,0,1,2013-01-23,81,255,43,134,37,14,24,1,7,2,7,7,0,0,0,0,0,0,3,11,0,507,16,1,0,0.058823529411764705,0.4117647058823529,0.4117647058823529,0.11764705882352941,0.875,2013,1
3790,1956,2,4,34633.0,2,1,2014-01-23,31,8,1,5,0,0,1,1,1,0,2,6,0,0,0,0,0,0,3,11,0,15,3,3,0,0.25,0.25,0.5,0.0,0.14285714285714285,2014,1
9952,1947,3,4,78093.0,0,0,2013-12-11,53,368,32,639,13,43,10,1,4,7,5,1,0,0,0,0,0,0,3,11,0,1105,16,0,0,0.058823529411764705,0.23529411764705882,0.29411764705882354,0.4117647058823529,2.0,2013,12
3503,1950,2,1,82460.0,0,0,2013-12-02,78,255,47,573,52,32,15,1,5,3,6,1,0,0,0,0,0,0,3,11,0,974,14,0,0,0.06666666666666667,0.3333333333333333,0.4,0.2,2.5,2013,12
5223,1966,3,4,45903.0,0,1,2014-04-23,80,33,8,10,2,10,3,2,2,1,3,4,0,0,0,0,0,0,3,11,0,66,6,1,0,0.2857142857142857,0.2857142857142857,0.42857142857142855,0.14285714285714285,0.4,2014,4
4608,1987,2,1,81361.0,0,0,2014-02-25,18,163,23,424,27,65,76,1,3,10,13,1,0,0,0,0,0,0,3,11,1,778,26,0,0,0.037037037037037035,0.1111111111111111,0.48148148148148145,0.37037037037037035,1.5,2014,2
1626,1973,4,1,35860.0,1,1,2014-05-19,37,15,0,8,4,2,20,2,1,1,2,5,1,0,0,0,0,0,3,11,1,49,4,2,1,0.4,0.2,0.4,0.2,0.16666666666666666,2014,5
4764,1952,3,4,40442.0,1,1,2012-08-19,52,45,12,52,25,22,13,4,3,1,4,7,0,0,0,0,0,0,3,11,1,169,8,2,0,0.4444444444444444,0.3333333333333333,0.4444444444444444,0.1111111111111111,0.375,2012,8
2471,1965,2,4,61482.0,0,0,2014-06-27,39,48,58,68,16,66,43,1,3,2,6,2,0,0,0,0,0,0,3,11,0,299,11,0,0,0.08333333333333333,0.25,0.5,0.16666666666666666,1.0,2014,6
5892,1980,2,4,34968.0,1,0,2013-04-10,11,158,6,45,8,2,2,7,3,2,5,7,0,0,0,0,0,0,3,11,0,221,10,1,0,0.6363636363636364,0.2727272727272727,0.45454545454545453,0.18181818181818182,0.375,2013,4
2612,1987,2,4,75794.0,0,0,2013-12-24,33,754,160,625,63,32,48,1,7,5,12,3,0,0,0,1,0,0,3,11,0,1682,24,0,1,0.04,0.28,0.48,0.2,1.75,2013,12
4971,1962,4,4,31497.0,0,1,2012-12-06,22,108,1,28,13,1,4,2,3,1,4,8,0,0,0,0,0,0,3,11,0,155,8,1,0,0.2222222222222222,0.3333333333333333,0.4444444444444444,0.1111111111111111,0.3333333333333333,2012,12
5185,1955,2,4,74268.0,0,0,2013-02-14,83,199,66,315,97,174,41,1,4,3,5,2,0,0,0,0,0,0,3,11,0,892,12,0,0,0.07692307692307693,0.3076923076923077,0.38461538461538464,0.23076923076923078,1.3333333333333333,2013,2
10069,1988,0,4,13724.0,1,0,2012-08-31,43,2,7,5,2,15,27,1,2,0,2,9,1,0,0,0,0,0,3,11,0,58,4,1,1,0.2,0.4,0.4,0.0,0.2,2012,8
2262,1965,3,4,45143.0,0,1,2013-08-26,74,202,5,74,11,5,14,3,6,1,5,7,0,0,0,0,0,0,3,11,0,311,12,1,0,0.23076923076923078,0.46153846153846156,0.38461538461538464,0.07692307692307693,0.75,2013,8
1131,1967,4,0,52569.0,0,1,2014-04-05,54,85,0,3,0,0,7,1,2,0,4,3,0,0,0,0,0,0,3,11,0,95,6,1,0,0.14285714285714285,0.2857142857142857,0.5714285714285714,0.0,0.5,2014,4
1041,1973,4,0,48432.0,0,1,2012-10-18,3,322,3,50,4,3,42,5,7,1,6,8,0,0,0,0,0,0,3,11,1,424,14,1,0,0.3333333333333333,0.4666666666666667,0.4,0.06666666666666667,0.7777777777777778,2012,10
24,1960,3,4,17144.0,1,1,2014-02-15,96,18,2,19,0,2,6,5,3,0,4,7,0,0,0,0,0,0,3,11,0,47,7,2,0,0.625,0.375,0.5,0.0,0.375,2014,2
3409,1984,2,0,36108.0,1,0,2013-10-15,68,141,8,129,3,11,47,3,7,1,4,9,1,0,0,0,0,0,3,11,0,339,12,1,1,0.23076923076923078,0.5384615384615384,0.3076923076923077,0.07692307692307693,0.7,2013,10
7022,1971,2,4,76445.0,1,0,2012-09-28,2,739,107,309,140,80,35,1,2,5,13,6,0,0,0,0,0,0,3,11,0,1410,20,1,0,0.047619047619047616,0.09523809523809523,0.6190476190476191,0.23809523809523808,0.2857142857142857,2012,9
7943,1975,4,4,36663.0,1,0,2014-04-25,40,18,0,6,3,3,5,1,1,1,3,2,0,0,0,0,0,0,3,11,0,35,5,1,0,0.16666666666666666,0.16666666666666666,0.5,0.16666666666666666,0.3333333333333333,2014,4
5272,1965,3,4,53843.0,0,1,2013-06-27,64,378,0,88,19,4,73,4,8,5,3,7,0,0,0,0,0,0,3,11,0,562,16,1,0,0.23529411764705882,0.47058823529411764,0.17647058823529413,0.29411764705882354,1.0,2013,6
5453,1956,3,4,90226.0,0,0,2012-09-26,26,1083,108,649,253,151,108,1,4,7,12,2,0,0,0,1,0,0,3,11,0,2352,23,0,1,0.041666666666666664,0.16666666666666666,0.5,0.2916666666666667,1.3333333333333333,2012,9
2565,1955,3,1,70638.0,0,0,2013-06-01,69,1016,12,215,16,12,63,1,4,5,10,3,0,1,0,0,0,0,3,11,0,1334,19,0,1,0.05,0.2,0.5,0.25,1.0,2013,6
800,1960,2,4,44512.0,1,1,2013-08-30,57,23,1,6,0,0,2,2,1,0,3,4,0,0,0,0,0,0,3,11,0,32,4,2,0,0.4,0.2,0.6,0.0,0.2,2013,8
11092,1961,2,4,27116.0,1,1,2014-03-02,78,12,1,21,2,2,3,2,2,0,3,7,0,0,0,0,0,0,3,11,0,41,5,2,0,0.3333333333333333,0.3333333333333333,0.5,0.0,0.25,2014,3
5062,1963,4,4,54072.0,1,1,2013-07-27,71,35,0,4,0,0,0,1,2,0,2,8,0,0,0,0,0,0,3,11,0,39,4,2,0,0.2,0.4,0.4,0.0,0.2222222222222222,2013,7
8969,1977,2,4,71855.0,0,1,2013-01-16,59,548,31,422,0,112,28,4,5,5,11,3,0,0,0,0,0,0,3,11,0,1141,21,1,0,0.18181818181818182,0.22727272727272727,0.5,0.22727272727272727,1.25,2013,1
4656,1990,1,0,51250.0,1,0,2013-03-30,28,342,32,230,34,32,40,5,10,5,4,9,1,0,0,0,0,0,3,11,0,710,19,1,1,0.25,0.5,0.2,0.25,1.0,2013,3
4480,1973,3,4,60432.0,0,1,2014-03-09,61,365,3,15,4,3,11,5,7,2,5,6,0,0,0,0,0,0,3,11,0,401,14,1,0,0.3333333333333333,0.4666666666666667,0.3333333333333333,0.13333333333333333,1.0,2014,3
9971,1964,4,4,65526.0,0,1,2014-04-11,22,397,19,69,12,0,9,1,4,4,8,2,0,0,0,0,0,0,3,11,0,506,16,1,0,0.058823529411764705,0.23529411764705882,0.47058823529411764,0.23529411764705882,1.3333333333333333,2014,4
6729,1988,2,0,68655.0,0,0,2012-08-10,95,456,19,832,75,118,38,1,4,5,11,3,0,0,0,0,0,0,3,11,0,1538,20,0,0,0.047619047619047616,0.19047619047619047,0.5238095238095238,0.23809523809523808,1.0,2012,8
1773,1978,1,4,12393.0,0,0,2012-12-04,38,5,6,15,11,7,13,1,2,0,3,9,0,0,0,0,0,0,3,11,0,57,5,0,0,0.16666666666666666,0.3333333333333333,0.5,0.0,0.2,2012,12
9242,1990,2,0,64509.0,0,0,2013-08-17,19,836,185,575,24,25,77,1,6,3,9,4,1,0,0,0,0,0,3,11,1,1722,18,0,1,0.05263157894736842,0.3157894736842105,0.47368421052631576,0.15789473684210525,1.2,2013,8
1764,1975,2,0,33955.0,1,0,2013-08-09,92,100,2,128,23,7,10,4,5,1,5,8,0,0,0,0,0,0,3,11,0,270,11,1,0,0.3333333333333333,0.4166666666666667,0.4166666666666667,0.08333333333333333,0.5555555555555556,2013,8
6215,1977,2,4,31353.0,1,1,2013-12-29,24,10,0,10,3,1,7,2,1,1,2,8,0,0,0,0,0,0,3,11,1,31,4,2,0,0.4,0.2,0.4,0.2,0.1111111111111111,2013,12
10099,1984,2,4,55434.0,1,0,2013-10-05,21,238,115,215,169,69,76,3,5,3,13,4,0,0,0,0,0,0,3,11,0,882,21,1,0,0.13636363636363635,0.22727272727272727,0.5909090909090909,0.13636363636363635,1.0,2013,10
5423,1983,2,4,28359.0,1,0,2013-10-27,35,6,0,5,2,1,2,1,1,0,2,7,0,0,0,0,0,0,3,11,0,16,3,1,0,0.25,0.25,0.5,0.0,0.125,2013,10
940,1987,2,0,57100.0,1,0,2014-05-18,9,158,11,99,15,11,17,2,3,2,7,3,0,0,0,0,0,0,3,11,0,311,12,1,0,0.15384615384615385,0.23076923076923078,0.5384615384615384,0.15384615384615385,0.75,2014,5
3011,1965,2,4,69139.0,0,1,2014-01-27,23,86,12,75,33,15,6,1,4,1,5,4,0,0,0,0,0,0,3,11,0,227,10,1,0,0.09090909090909091,0.36363636363636365,0.45454545454545453,0.09090909090909091,0.8,2014,1
3298,1956,3,4,52973.0,0,1,2012-11-08,92,856,0,76,12,9,199,7,9,6,9,8,0,0,0,0,0,0,3,11,0,1152,24,1,0,0.28,0.36,0.36,0.24,1.0,2012,11
8286,1965,4,4,51717.0,0,1,2013-08-20,55,98,1,17,0,1,5,1,3,0,4,7,0,1,0,0,0,0,3,11,0,122,7,1,1,0.125,0.375,0.5,0.0,0.375,2013,8
9668,1971,2,4,18793.0,1,0,2013-01-12,14,4,16,20,0,17,20,3,2,0,4,8,0,0,0,0,0,0,3,11,0,77,6,1,0,0.42857142857142855,0.2857142857142857,0.5714285714285714,0.0,0.2222222222222222,2013,1
5120,1982,1,4,66664.0,0,0,2012-09-25,78,398,96,447,220,96,32,1,5,7,6,3,0,0,0,0,0,0,3,11,0,1289,18,0,0,0.05263157894736842,0.2631578947368421,0.3157894736842105,0.3684210526315789,1.25,2012,9
6097,1959,2,0,50664.0,1,1,2013-01-16,64,313,8,104,6,4,126,9,8,1,6,9,0,0,0,0,0,0,3,11,0,561,15,2,0,0.5625,0.5,0.375,0.0625,0.8,2013,1
7019,1963,2,4,54414.0,1,1,2013-01-23,49,109,18,16,24,26,18,4,3,1,5,4,0,0,0,0,0,0,3,11,0,211,9,2,0,0.4,0.3,0.5,0.1,0.6,2013,1
7408,1952,4,4,54549.0,0,1,2014-03-03,8,216,2,6,0,0,9,2,5,1,4,7,0,0,0,0,0,0,3,11,0,233,10,1,0,0.18181818181818182,0.45454545454545453,0.36363636363636365,0.09090909090909091,0.625,2014,3
8041,1971,4,2,47111.0,0,1,2012-09-08,35,595,71,153,120,112,41,6,3,2,10,9,0,0,0,0,0,0,3,11,0,1092,15,1,0,0.375,0.1875,0.625,0.125,0.3,2012,9
252,1963,4,1,41003.0,0,0,2013-03-17,11,123,133,142,71,44,88,1,6,2,8,6,0,0,0,0,0,0,3,11,0,601,16,0,0,0.058823529411764705,0.35294117647058826,0.47058823529411764,0.11764705882352941,0.8571428571428571,2013,3
9986,1982,2,4,19444.0,1,0,2014-02-22,8,16,0,23,3,2,10,3,4,1,2,7,0,0,0,0,0,0,3,11,1,54,7,1,0,0.375,0.5,0.25,0.125,0.5,2014,2
3276,1976,1,4,36301.0,1,0,2013-10-25,53,11,12,35,3,5,12,1,3,0,3,7,0,0,0,0,0,0,3,11,0,78,6,1,0,0.14285714285714285,0.42857142857142855,0.42857142857142855,0.0,0.375,2013,10
3859,1947,4,4,73059.0,0,1,2013-08-31,36,410,112,420,0,82,71,1,9,3,13,4,0,0,0,0,0,0,3,11,0,1095,25,1,0,0.038461538461538464,0.34615384615384615,0.5,0.11538461538461539,1.8,2013,8
3570,1969,4,4,42731.0,1,0,2013-10-21,64,159,2,51,6,2,24,3,4,1,5,5,0,0,0,0,0,0,3,11,0,244,10,1,0,0.2727272727272727,0.36363636363636365,0.45454545454545453,0.09090909090909091,0.6666666666666666,2013,10
3783,1959,4,4,52854.0,1,1,2014-03-24,43,105,0,10,0,1,0,2,2,1,4,5,0,0,0,0,0,0,3,11,0,116,7,2,0,0.25,0.25,0.5,0.125,0.3333333333333333,2014,3
10207,1978,2,4,22775.0,1,0,2013-06-19,40,5,1,8,0,0,1,1,1,0,2,8,0,0,0,0,0,0,3,11,0,15,3,1,0,0.25,0.25,0.5,0.0,0.1111111111111111,2013,6
10906,1948,4,4,46681.0,0,2,2013-10-08,52,269,15,69,15,19,38,2,4,6,4,5,0,0,0,0,0,0,3,11,0,425,14,2,0,0.13333333333333333,0.26666666666666666,0.26666666666666666,0.4,0.6666666666666666,2013,10
3427,1955,4,4,59821.0,0,1,2013-04-12,11,629,0,70,0,0,35,6,11,2,7,8,0,0,0,0,0,0,3,11,0,734,20,1,0,0.2857142857142857,0.5238095238095238,0.3333333333333333,0.09523809523809523,1.2222222222222223,2013,4
5209,1954,2,1,50002.0,0,1,2013-06-17,21,443,5,71,21,16,82,2,8,2,7,7,0,0,0,0,0,0,3,11,0,638,17,1,0,0.1111111111111111,0.4444444444444444,0.3888888888888889,0.1111111111111111,1.0,2013,6
10711,1945,2,4,69755.0,0,0,2013-10-02,23,217,77,373,111,23,93,1,3,6,12,1,0,0,0,0,0,0,3,11,0,894,21,0,0,0.045454545454545456,0.13636363636363635,0.5454545454545454,0.2727272727272727,1.5,2013,10
10785,1969,2,4,44078.0,1,1,2014-06-19,17,24,1,10,2,0,4,2,2,0,3,5,0,0,0,0,0,0,3,11,0,41,5,2,0,0.3333333333333333,0.3333333333333333,0.5,0.0,0.3333333333333333,2014,6
2814,1976,3,4,30560.0,1,0,2013-06-27,6,9,1,5,4,5,7,1,1,0,3,7,0,0,0,0,0,0,3,11,0,31,4,1,0,0.2,0.2,0.6,0.0,0.125,2013,6
6866,1969,3,4,35924.0,1,1,2014-03-23,56,8,0,14,2,3,7,1,1,0,3,5,0,0,0,0,0,0,3,11,0,34,4,2,0,0.2,0.2,0.6,0.0,0.16666666666666666,2014,3
1665,1964,4,1,64140.0,0,2,2013-09-23,71,1459,0,61,0,15,215,5,2,5,6,5,1,0,1,0,1,0,3,11,1,1750,13,2,3,0.35714285714285715,0.14285714285714285,0.42857142857142855,0.35714285714285715,0.3333333333333333,2013,9
6575,1981,2,4,56386.0,1,1,2012-10-27,51,230,48,214,13,32,75,8,9,1,7,9,0,0,0,0,0,0,3,11,0,612,17,2,0,0.4444444444444444,0.5,0.3888888888888889,0.05555555555555555,0.9,2012,10
3829,1979,0,4,24594.0,1,0,2013-12-10,94,1,3,6,10,0,9,1,1,0,3,5,0,0,0,0,0,0,3,11,0,29,4,1,0,0.2,0.2,0.6,0.0,0.16666666666666666,2013,12
3091,1981,1,4,75774.0,1,0,2014-05-02,27,340,21,134,258,14,56,1,7,5,8,4,0,0,0,0,0,0,3,11,0,823,20,1,0,0.047619047619047616,0.3333333333333333,0.38095238095238093,0.23809523809523808,1.4,2014,5
10141,1960,3,1,39228.0,0,0,2013-05-10,1,7,1,6,0,3,3,1,0,0,3,4,0,0,0,0,0,0,3,11,0,20,3,0,0,0.25,0.0,0.75,0.0,0.0,2013,5
5177,1974,3,4,58494.0,0,1,2013-12-12,56,298,7,68,4,0,19,2,6,2,6,6,0,0,0,0,0,0,3,11,0,396,14,1,0,0.13333333333333333,0.4,0.4,0.13333333333333333,0.8571428571428571,2013,12
7005,1981,2,0,58684.0,0,0,2014-06-16,71,479,35,179,28,7,85,1,5,3,12,2,0,1,0,0,0,0,3,11,0,813,20,0,1,0.047619047619047616,0.23809523809523808,0.5714285714285714,0.14285714285714285,1.6666666666666667,2014,6
6409,1967,2,1,57136.0,0,0,2013-05-18,18,267,140,599,34,12,127,1,7,5,7,6,0,0,0,0,0,0,3,11,1,1179,19,0,0,0.05,0.35,0.35,0.25,1.0,2013,5
7485,1950,4,2,56551.0,1,1,2014-05-07,48,67,4,32,17,2,16,3,2,1,4,4,0,0,0,0,0,0,3,11,0,138,7,2,0,0.375,0.25,0.5,0.125,0.4,2014,5
8079,1982,2,4,22448.0,1,0,2014-02-26,86,3,1,8,23,2,18,3,2,1,3,3,0,0,0,0,0,0,3,11,0,55,6,1,0,0.42857142857142855,0.2857142857142857,0.42857142857142855,0.14285714285714285,0.5,2014,2
8395,1961,2,0,82014.0,0,0,2012-08-20,48,980,37,265,35,163,31,1,3,6,12,6,0,0,0,0,0,0,3,11,1,1511,21,0,0,0.045454545454545456,0.13636363636363635,0.5454545454545454,0.2727272727272727,0.42857142857142855,2012,8
10352,1963,2,2,34213.0,1,1,2012-09-07,2,50,4,28,6,3,26,3,3,1,2,9,0,0,0,0,0,0,3,11,1,117,6,2,0,0.42857142857142855,0.42857142857142855,0.2857142857142857,0.14285714285714285,0.3,2012,9
4931,1977,2,4,157146.0,0,0,2013-04-29,13,1,0,1725,2,1,1,0,0,28,0,1,0,0,0,0,0,0,3,11,0,1730,28,0,0,0.0,0.0,0.0,0.9655172413793104,0.0,2013,4
13,1947,4,2,25358.0,0,1,2013-07-22,57,19,0,5,0,0,8,2,1,0,3,6,0,0,0,0,0,0,3,11,0,32,4,1,0,0.4,0.2,0.6,0.0,0.14285714285714285,2013,7
1834,1978,3,0,35544.0,1,0,2014-03-08,77,30,5,23,4,1,4,1,2,0,3,7,0,0,0,0,0,0,3,11,0,67,5,1,0,0.16666666666666666,0.3333333333333333,0.5,0.0,0.25,2014,3
2285,1954,3,4,36634.0,0,1,2013-05-28,0,213,9,76,4,3,30,3,5,2,5,7,0,0,0,0,0,0,3,11,0,335,12,1,0,0.23076923076923078,0.38461538461538464,0.38461538461538464,0.15384615384615385,0.625,2013,5
2295,1954,4,4,62670.0,0,1,2014-02-02,57,539,30,92,80,46,38,1,5,3,13,3,0,0,0,0,0,0,3,11,0,825,21,1,0,0.045454545454545456,0.22727272727272727,0.5909090909090909,0.13636363636363635,1.25,2014,2
1378,1972,1,4,50334.0,0,1,2013-07-24,24,284,16,160,84,16,134,6,7,4,6,6,0,0,0,0,0,0,3,11,0,694,17,1,0,0.3333333333333333,0.3888888888888889,0.3333333333333333,0.2222222222222222,1.0,2013,7
2781,1981,2,0,72066.0,0,0,2014-06-23,55,1003,34,536,134,51,34,1,4,6,6,2,0,0,1,1,0,0,3,11,1,1792,16,0,2,0.058823529411764705,0.23529411764705882,0.35294117647058826,0.35294117647058826,1.3333333333333333,2014,6
1165,1958,4,0,50729.0,1,1,2013-05-02,62,239,13,143,45,4,52,9,6,2,7,6,0,0,0,0,0,0,3,11,0,496,15,2,0,0.5625,0.375,0.4375,0.125,0.8571428571428571,2013,5
1404,1968,2,4,34916.0,2,0,2013-05-15,89,51,23,82,33,0,42,4,5,1,3,9,0,0,0,0,0,0,3,11,0,231,9,2,0,0.4,0.5,0.3,0.1,0.5,2013,5
6457,1976,2,1,64892.0,0,1,2014-05-29,77,527,24,230,32,24,65,2,6,4,12,4,0,0,0,0,0,0,3,11,0,902,22,1,0,0.08695652173913043,0.2608695652173913,0.5217391304347826,0.17391304347826086,1.2,2014,5
2639,1966,2,0,43602.0,1,1,2014-01-10,45,19,5,12,10,3,19,3,3,1,2,6,0,0,0,0,0,0,3,11,0,68,6,2,0,0.42857142857142855,0.42857142857142855,0.2857142857142857,0.14285714285714285,0.42857142857142855,2014,1
8299,1989,4,0,33996.0,0,0,2013-09-11,46,40,2,15,8,0,6,1,1,1,3,4,0,0,0,0,0,0,3,11,0,71,5,0,0,0.16666666666666666,0.16666666666666666,0.5,0.16666666666666666,0.2,2013,9
6437,1985,1,0,41473.0,1,0,2013-06-19,80,21,8,20,15,3,9,1,2,0,3,7,0,0,0,0,0,0,3,11,0,76,5,1,0,0.16666666666666666,0.3333333333333333,0.5,0.0,0.25,2013,6
6912,1967,4,4,63246.0,0,2,2013-08-20,60,593,30,91,29,22,7,1,6,3,12,4,0,0,0,0,0,0,3,11,0,772,21,2,0,0.045454545454545456,0.2727272727272727,0.5454545454545454,0.13636363636363635,1.2,2013,8
7327,1959,4,4,36732.0,1,1,2013-12-29,71,21,5,3,10,1,7,3,1,1,4,2,0,0,0,0,0,0,3,11,0,47,6,2,0,0.42857142857142855,0.14285714285714285,0.5714285714285714,0.14285714285714285,0.3333333333333333,2013,12
5299,1970,4,4,69084.0,1,0,2013-11-19,43,1181,107,199,39,30,30,2,7,3,13,8,0,0,0,0,0,0,3,11,0,1586,23,1,0,0.08333333333333333,0.2916666666666667,0.5416666666666666,0.125,0.7777777777777778,2013,11
4127,1967,4,4,77766.0,0,1,2013-02-22,97,1004,59,265,115,59,27,2,11,10,11,6,1,0,0,0,0,0,3,11,1,1529,32,1,1,0.06060606060606061,0.3333333333333333,0.3333333333333333,0.30303030303030304,1.5714285714285714,2013,2
8143,1985,4,0,37929.0,0,0,2013-07-30,49,202,2,46,3,2,10,2,4,2,5,7,0,1,0,1,0,0,3,11,1,265,11,0,2,0.16666666666666666,0.3333333333333333,0.4166666666666667,0.16666666666666666,0.5,2013,7
1964,1951,2,4,86610.0,0,0,2013-09-05,66,446,107,768,33,196,53,1,5,6,6,2,0,0,0,0,0,0,3,11,0,1603,17,0,0,0.05555555555555555,0.2777777777777778,0.3333333333333333,0.3333333333333333,1.6666666666666667,2013,9
3690,1986,3,4,80141.0,0,0,2013-01-11,20,1184,102,673,52,40,40,1,7,4,10,6,0,0,1,0,0,0,3,11,1,2091,21,0,1,0.045454545454545456,0.3181818181818182,0.45454545454545453,0.18181818181818182,1.0,2013,1
3433,1955,1,4,72635.0,0,0,2013-06-03,54,390,22,323,104,35,107,1,6,8,6,3,0,0,0,1,0,0,3,11,0,981,20,0,1,0.047619047619047616,0.2857142857142857,0.2857142857142857,0.38095238095238093,1.5,2013,6
3389,1970,2,4,69016.0,0,1,2012-11-22,61,726,53,363,123,107,161,4,8,9,13,5,0,0,0,0,0,0,3,11,0,1533,30,1,0,0.12903225806451613,0.25806451612903225,0.41935483870967744,0.2903225806451613,1.3333333333333333,2012,11
4712,1991,1,4,20193.0,0,0,2012-11-28,18,8,8,22,24,11,9,1,1,1,4,4,0,0,0,0,0,0,3,11,0,82,6,0,0,0.14285714285714285,0.14285714285714285,0.5714285714285714,0.14285714285714285,0.2,2012,11
1170,1975,2,4,27573.0,1,0,2013-03-25,45,50,15,110,39,15,15,4,5,1,4,8,0,0,0,0,0,0,3,11,0,244,10,1,0,0.36363636363636365,0.45454545454545453,0.36363636363636365,0.09090909090909091,0.5555555555555556,2013,3
6347,1979,0,0,15862.0,1,0,2013-06-27,26,1,1,4,11,9,10,1,1,0,3,8,0,0,0,0,0,0,3,11,0,36,4,1,0,0.2,0.2,0.6,0.0,0.1111111111111111,2013,6
4065,1976,4,4,49544.0,1,0,2013-02-12,0,308,0,73,0,0,23,2,5,1,8,7,0,0,0,0,0,0,3,11,0,404,14,1,0,0.13333333333333333,0.3333333333333333,0.5333333333333333,0.06666666666666667,0.625,2013,2
8230,1980,2,4,33228.0,1,0,2014-01-23,28,22,2,31,7,4,5,1,2,0,3,7,0,0,0,0,0,0,3,11,0,71,5,1,0,0.16666666666666666,0.3333333333333333,0.5,0.0,0.25,2014,1
1215,1978,2,4,70440.0,0,0,2013-10-08,49,690,117,499,76,102,88,1,5,10,7,3,0,0,0,1,0,0,3,11,0,1572,22,0,1,0.043478260869565216,0.21739130434782608,0.30434782608695654,0.43478260869565216,1.25,2013,10
5939,1971,2,4,38232.0,1,1,2014-01-17,84,43,5,28,7,6,33,4,3,1,3,5,0,0,0,0,0,0,3,11,0,122,7,2,0,0.5,0.375,0.375,0.125,0.5,2014,1
2156,1955,4,4,22554.0,1,1,2012-11-03,38,27,0,10,0,0,4,4,2,0,4,5,0,0,0,0,0,0,3,11,0,41,6,2,0,0.5714285714285714,0.2857142857142857,0.5714285714285714,0.0,0.3333333333333333,2012,11
7788,1983,4,4,23536.0,1,0,2014-06-04,53,6,0,3,0,0,1,1,0,0,3,3,0,0,0,0,0,0,3,11,0,10,3,1,0,0.25,0.0,0.75,0.0,0.0,2014,6
10323,1952,2,4,49413.0,0,1,2013-10-25,88,205,7,41,3,2,46,2,4,2,5,5,0,0,0,0,0,0,3,11,0,304,11,1,0,0.16666666666666666,0.3333333333333333,0.4166666666666667,0.16666666666666666,0.6666666666666666,2013,10
7947,1969,2,4,42231.0,1,1,2014-03-25,99,24,0,8,0,1,4,1,1,0,3,5,0,0,0,0,0,0,3,11,0,37,4,2,0,0.2,0.2,0.6,0.0,0.16666666666666666,2014,3
1891,1980,3,1,78789.0,0,0,2012-08-08,12,667,50,850,21,83,83,1,4,6,5,2,0,0,0,0,0,0,3,11,1,1754,15,0,0,0.0625,0.25,0.3125,0.375,1.3333333333333333,2012,8
2570,1968,2,4,56534.0,0,1,2013-07-23,35,691,7,61,10,0,46,4,10,4,7,8,0,1,0,0,1,0,3,11,1,815,21,1,2,0.18181818181818182,0.45454545454545453,0.3181818181818182,0.18181818181818182,1.1111111111111112,2013,7
9256,1971,2,0,58350.0,0,1,2013-01-04,5,493,26,206,116,80,80,4,8,3,12,6,0,0,0,0,0,0,3,11,0,1001,23,1,0,0.16666666666666666,0.3333333333333333,0.5,0.125,1.1428571428571428,2013,1
295,1989,2,0,81217.0,0,0,2013-07-19,77,493,70,324,146,40,84,1,3,7,11,1,0,0,0,0,0,0,3,11,0,1157,21,0,0,0.045454545454545456,0.13636363636363635,0.5,0.3181818181818182,1.5,2013,7
7397,1951,2,0,49090.0,0,1,2013-07-19,45,494,5,82,7,0,100,3,7,2,9,7,0,0,0,0,0,0,3,11,0,688,18,1,0,0.15789473684210525,0.3684210526315789,0.47368421052631576,0.10526315789473684,0.875,2013,7
6349,1987,3,1,61787.0,0,0,2013-07-06,71,621,73,414,78,48,85,1,8,4,6,5,0,0,0,0,0,0,3,11,0,1319,18,0,0,0.05263157894736842,0.42105263157894735,0.3157894736842105,0.21052631578947367,1.3333333333333333,2013,7
10790,1985,4,4,18169.0,1,0,2013-02-19,40,9,0,5,0,0,7,1,1,0,2,8,0,0,0,0,0,0,3,11,0,21,3,1,0,0.25,0.25,0.5,0.0,0.1111111111111111,2013,2
10398,1981,1,0,24336.0,1,0,2012-08-27,82,1,6,2,8,2,12,1,1,0,2,7,0,0,0,0,0,0,3,11,0,31,3,1,0,0.25,0.25,0.5,0.0,0.125,2012,8
2431,1990,2,4,18222.0,0,0,2012-12-31,70,12,4,19,12,6,14,1,2,0,3,8,0,0,0,0,0,0,3,11,0,67,5,0,0,0.16666666666666666,0.3333333333333333,0.5,0.0,0.2222222222222222,2012,12
550,1952,2,1,62335.0,0,1,2013-05-23,87,243,131,217,85,6,26,2,3,3,13,2,0,0,0,0,0,0,3,11,0,708,19,1,0,0.1,0.15,0.65,0.15,1.0,2013,5
1890,1971,1,4,42033.0,1,1,2012-09-19,95,11,1,4,2,0,7,1,1,0,2,7,0,0,0,0,0,0,3,11,0,25,3,2,0,0.25,0.25,0.5,0.0,0.125,2012,9
10742,1983,4,4,86580.0,0,0,2013-02-27,72,532,21,127,26,20,20,0,4,2,5,1,0,0,1,0,0,0,3,11,0,746,11,0,1,0.0,0.3333333333333333,0.4166666666666667,0.16666666666666666,2.0,2013,2
10356,1957,4,1,41437.0,1,1,2012-09-22,5,29,0,2,0,0,1,1,1,0,3,7,0,0,0,0,0,0,3,11,0,32,4,2,0,0.2,0.2,0.6,0.0,0.125,2012,9
4676,1951,3,2,73705.0,0,2,2014-03-05,86,612,91,520,258,107,107,2,9,6,8,5,0,0,0,0,0,0,3,11,0,1695,23,2,0,0.08333333333333333,0.375,0.3333333333333333,0.25,1.5,2014,3
8852,1976,2,4,61064.0,0,1,2012-08-31,80,387,126,342,0,45,180,5,8,4,11,6,0,0,0,0,0,0,3,11,0,1080,23,1,0,0.20833333333333334,0.3333333333333333,0.4583333333333333,0.16666666666666666,1.1428571428571428,2012,8
3565,1955,3,4,38452.0,1,1,2014-03-30,62,56,0,14,0,0,2,3,3,0,3,7,0,0,0,0,0,0,3,11,0,72,6,2,0,0.42857142857142855,0.42857142857142855,0.42857142857142855,0.0,0.375,2014,3
5294,1989,2,0,18358.0,1,0,2013-11-20,49,6,8,19,16,4,4,3,3,0,4,7,0,0,0,0,0,0,3,11,0,57,7,1,0,0.375,0.375,0.5,0.0,0.375,2013,11
1958,1973,4,4,55012.0,0,1,2014-03-21,85,582,0,65,0,0,13,6,8,2,9,5,0,0,0,0,0,0,3,11,0,660,19,1,0,0.3,0.4,0.45,0.1,1.3333333333333333,2014,3
7349,1973,0,4,9722.0,1,0,2012-10-02,7,6,17,16,6,16,42,4,3,1,3,8,0,0,0,0,0,0,3,11,1,103,7,1,0,0.5,0.375,0.375,0.125,0.3333333333333333,2012,10
8799,1984,4,4,38175.0,1,0,2013-09-23,6,70,6,69,2,3,3,3,3,1,4,7,0,0,0,0,0,0,3,11,0,153,8,1,0,0.3333333333333333,0.3333333333333333,0.4444444444444444,0.1111111111111111,0.375,2013,9
1351,1956,3,4,58656.0,0,1,2012-09-20,25,962,12,194,16,24,12,4,7,8,13,6,0,0,1,0,0,0,3,11,0,1220,28,1,1,0.13793103448275862,0.2413793103448276,0.4482758620689655,0.27586206896551724,1.0,2012,9
1045,1965,2,4,52117.0,0,1,2012-08-16,55,112,10,107,30,0,20,2,5,2,4,7,0,0,0,0,0,0,3,11,0,279,11,1,0,0.16666666666666666,0.4166666666666667,0.3333333333333333,0.16666666666666666,0.625,2012,8
7732,1978,2,4,64813.0,1,0,2014-01-02,81,293,0,124,179,97,52,1,7,2,10,5,0,0,0,0,0,0,3,11,0,745,19,1,0,0.05,0.35,0.5,0.1,1.1666666666666667,2014,1
8070,1973,4,4,54222.0,0,1,2014-03-01,98,199,12,31,3,12,7,1,3,3,5,3,0,0,0,0,0,0,3,11,0,264,11,1,0,0.08333333333333333,0.25,0.4166666666666667,0.25,0.75,2014,3
477,1986,2,4,83512.0,0,0,2014-06-17,31,1060,61,835,80,20,101,1,4,7,10,1,1,0,1,1,1,0,3,11,1,2157,21,0,4,0.045454545454545456,0.18181818181818182,0.45454545454545453,0.3181818181818182,2.0,2014,6
7832,1959,3,4,77520.0,0,1,2013-08-28,30,940,44,396,0,88,58,1,8,7,7,4,1,0,1,1,0,0,3,11,1,1526,22,1,3,0.043478260869565216,0.34782608695652173,0.30434782608695654,0.30434782608695654,1.6,2013,8
2202,1978,2,4,41154.0,0,1,2013-04-09,98,44,2,11,2,3,7,1,1,0,4,5,0,0,0,0,0,0,3,11,0,69,5,1,0,0.16666666666666666,0.16666666666666666,0.6666666666666666,0.0,0.16666666666666666,2013,4
7396,1966,2,4,80398.0,0,0,2012-11-10,92,342,51,936,207,35,26,1,5,8,12,3,0,0,1,0,0,0,3,11,0,1597,25,0,1,0.038461538461538464,0.19230769230769232,0.46153846153846156,0.3076923076923077,1.25,2012,11
4055,1992,0,0,18746.0,1,0,2014-05-29,41,2,10,11,12,9,20,2,3,0,3,6,0,0,0,0,0,0,3,11,0,64,6,1,0,0.2857142857142857,0.42857142857142855,0.42857142857142855,0.0,0.42857142857142855,2014,5
10340,1984,2,4,35196.0,1,0,2012-11-13,68,75,12,141,43,39,187,6,6,1,5,8,0,0,0,0,0,0,3,11,0,497,12,1,0,0.46153846153846156,0.46153846153846156,0.38461538461538464,0.07692307692307693,0.6666666666666666,2012,11
10091,1956,2,0,60230.0,0,1,2013-05-20,78,520,20,367,39,81,40,2,6,3,6,5,0,0,0,0,0,0,3,11,0,1067,15,1,0,0.125,0.375,0.375,0.1875,1.0,2013,5
7629,1977,2,4,22108.0,1,1,2014-05-08,46,5,3,9,6,2,6,2,2,0,3,7,0,0,0,0,0,0,3,11,0,31,5,2,0,0.3333333333333333,0.3333333333333333,0.5,0.0,0.25,2014,5
10640,1974,2,4,44392.0,1,1,2013-09-05,71,87,5,71,7,12,29,5,4,1,4,7,0,0,0,0,0,0,3,11,0,211,9,2,0,0.5,0.4,0.4,0.1,0.5,2013,9
3498,1976,4,4,55424.0,0,1,2012-11-25,6,462,61,184,10,53,107,4,7,5,9,6,1,0,0,0,0,0,3,11,1,877,21,1,1,0.18181818181818182,0.3181818181818182,0.4090909090909091,0.22727272727272727,1.0,2012,11
6742,1979,2,4,17688.0,1,0,2013-01-13,82,2,2,1,3,1,2,1,1,0,2,8,0,0,0,0,0,1,3,11,0,11,3,1,0,0.25,0.25,0.5,0.0,0.1111111111111111,2013,1
1172,1983,4,4,92491.0,0,0,2013-05-01,71,979,44,935,29,25,22,1,7,5,12,3,0,1,1,1,0,0,3,11,1,2034,24,0,3,0.04,0.28,0.48,0.2,1.75,2013,5
569,1991,2,0,90273.0,0,0,2013-12-14,32,704,129,853,120,74,111,1,5,6,7,2,0,1,1,1,0,0,3,11,1,1991,18,0,3,0.05263157894736842,0.2631578947368421,0.3684210526315789,0.3157894736842105,1.6666666666666667,2013,12
4686,1962,4,2,82571.0,0,0,2014-04-02,28,861,31,558,62,95,79,0,6,5,13,2,0,0,1,0,0,0,3,11,0,1686,24,0,1,0.0,0.24,0.52,0.2,2.0,2014,4
1381,1982,4,0,38513.0,1,0,2014-01-28,20,172,3,115,16,0,18,5,6,1,5,8,0,0,0,0,0,0,3,11,1,324,12,1,0,0.38461538461538464,0.46153846153846156,0.38461538461538464,0.07692307692307693,0.6666666666666666,2014,1
2634,1979,3,0,16653.0,1,0,2014-04-18,10,5,7,31,15,4,7,3,2,1,3,6,0,0,0,0,0,0,3,11,1,69,6,1,0,0.42857142857142855,0.2857142857142857,0.42857142857142855,0.14285714285714285,0.2857142857142857,2014,4
10905,1955,2,4,42586.0,1,1,2012-10-29,7,194,2,56,0,0,0,5,4,1,6,8,0,0,0,0,0,0,3,11,1,252,11,2,0,0.4166666666666667,0.3333333333333333,0.5,0.08333333333333333,0.4444444444444444,2012,10
1744,1965,0,0,23529.0,0,1,2013-01-07,67,9,7,13,3,2,20,1,1,1,2,6,0,0,0,0,0,0,3,11,0,54,4,1,0,0.2,0.2,0.4,0.2,0.14285714285714285,2013,1
1000,1961,3,4,74881.0,1,1,2013-03-08,48,505,72,270,36,27,54,4,9,2,12,5,0,0,0,0,0,0,3,11,0,964,23,2,0,0.16666666666666666,0.375,0.5,0.08333333333333333,1.5,2013,3
3828,1951,2,4,71107.0,0,1,2013-02-17,61,533,10,217,198,174,195,2,7,6,13,4,0,0,0,0,0,0,3,11,0,1327,26,1,0,0.07407407407407407,0.25925925925925924,0.48148148148148145,0.2222222222222222,1.4,2013,2
8605,1964,4,4,46910.0,1,1,2014-03-23,36,48,0,14,0,0,6,2,2,0,3,6,0,0,0,0,0,0,3,11,0,68,5,2,0,0.3333333333333333,0.3333333333333333,0.5,0.0,0.2857142857142857,2014,3
10304,1959,2,4,18690.0,0,0,2012-12-28,77,6,1,7,23,4,19,1,1,1,2,8,0,0,0,0,0,0,3,11,0,60,4,0,0,0.2,0.2,0.4,0.2,0.1111111111111111,2012,12
4351,1955,2,1,37244.0,1,1,2013-04-27,90,18,2,10,0,0,25,1,1,1,2,7,1,0,0,0,0,0,3,11,0,55,4,2,1,0.2,0.2,0.4,0.2,0.125,2013,4
10129,1966,2,4,82427.0,0,0,2014-03-12,35,482,147,509,104,107,107,1,3,5,12,1,0,0,1,0,0,0,3,11,0,1456,20,0,1,0.047619047619047616,0.14285714285714285,0.5714285714285714,0.23809523809523808,1.5,2014,3
2499,1958,1,0,75342.0,0,1,2013-05-06,38,204,97,97,21,118,26,1,5,2,10,4,0,0,0,0,0,0,3,11,0,563,17,1,0,0.05555555555555555,0.2777777777777778,0.5555555555555556,0.1111111111111111,1.0,2013,5
10092,1954,2,1,70044.0,0,1,2013-02-18,46,1073,0,250,153,14,14,4,7,10,5,5,0,0,0,0,0,0,3,11,0,1504,22,1,0,0.17391304347826086,0.30434782608695654,0.21739130434782608,0.43478260869565216,1.1666666666666667,2013,2
7500,1967,2,0,79146.0,1,1,2014-04-24,33,245,16,223,21,43,16,2,8,1,8,6,0,0,0,0,0,0,3,11,0,564,17,2,0,0.1111111111111111,0.4444444444444444,0.4444444444444444,0.05555555555555555,1.1428571428571428,2014,4
5796,1963,2,4,77437.0,0,0,2013-11-26,70,560,21,442,29,44,29,1,4,5,13,1,0,0,1,0,0,0,3,11,0,1125,22,0,1,0.043478260869565216,0.17391304347826086,0.5652173913043478,0.21739130434782608,2.0,2013,11
10556,1959,2,4,54984.0,0,1,2014-05-24,51,173,13,131,32,3,6,4,6,1,6,7,0,0,0,1,0,0,3,11,0,358,13,1,1,0.2857142857142857,0.42857142857142855,0.42857142857142855,0.07142857142857142,0.75,2014,5
1064,1971,4,4,42403.0,1,0,2013-12-11,18,22,1,11,0,5,3,1,1,0,3,8,0,0,0,0,0,0,3,11,0,42,4,1,0,0.2,0.2,0.6,0.0,0.1111111111111111,2013,12
48,1964,2,4,55761.0,0,1,2014-04-24,97,136,1,12,0,3,32,2,4,1,3,6,0,1,0,0,0,0,3,11,0,184,8,1,1,0.2222222222222222,0.4444444444444444,0.3333333333333333,0.1111111111111111,0.5714285714285714,2014,4
7610,1983,2,4,37292.0,1,0,2013-04-18,32,275,0,86,10,23,66,5,6,3,5,8,0,0,0,0,0,0,3,11,0,460,14,1,0,0.3333333333333333,0.4,0.3333333333333333,0.2,0.6666666666666666,2013,4
263,1945,4,0,45576.0,0,0,2014-05-28,9,56,19,29,2,14,25,1,3,1,3,8,0,0,0,0,0,0,3,11,1,145,7,0,0,0.125,0.375,0.375,0.125,0.3333333333333333,2014,5
10814,1947,2,4,70321.0,0,0,2013-01-16,6,303,23,751,82,26,191,1,6,5,13,4,0,0,0,0,0,0,3,11,1,1376,24,0,0,0.04,0.24,0.52,0.2,1.2,2013,1
9710,1969,4,1,58086.0,0,1,2013-01-20,80,708,7,62,0,0,15,2,11,3,7,8,0,0,0,0,0,0,3,11,0,792,21,1,0,0.09090909090909091,0.5,0.3181818181818182,0.13636363636363635,1.2222222222222223,2013,1
9292,1952,2,4,81795.0,0,0,2012-10-26,74,324,132,693,27,118,88,1,4,11,7,2,0,0,0,0,0,0,3,11,0,1382,22,0,0,0.043478260869565216,0.17391304347826086,0.30434782608695654,0.4782608695652174,1.3333333333333333,2012,10
10250,1947,0,4,28389.0,0,0,2012-11-20,49,1,5,3,7,4,8,1,1,0,2,7,0,0,0,0,0,0,3,11,0,28,3,0,0,0.25,0.25,0.5,0.0,0.125,2012,11
7881,1946,3,4,66835.0,0,0,2013-09-28,21,620,26,195,34,17,141,1,6,4,13,2,0,0,0,0,0,0,3,11,0,1033,23,0,0,0.041666666666666664,0.25,0.5416666666666666,0.16666666666666666,2.0,2013,9
5847,1969,2,1,69901.0,0,1,2013-05-29,95,312,21,206,102,92,149,3,7,3,10,5,0,0,0,0,0,0,3,11,0,882,20,1,0,0.14285714285714285,0.3333333333333333,0.47619047619047616,0.14285714285714285,1.1666666666666667,2013,5
737,1949,4,4,80360.0,0,0,2013-03-03,56,1493,86,454,112,43,43,2,4,4,5,2,0,1,1,1,0,0,3,11,0,2231,13,0,3,0.14285714285714285,0.2857142857142857,0.35714285714285715,0.2857142857142857,1.3333333333333333,2013,3
3571,1961,4,4,63342.0,0,1,2012-10-16,48,918,21,118,13,10,21,3,8,3,5,6,0,1,0,0,0,0,3,11,1,1101,16,1,1,0.17647058823529413,0.47058823529411764,0.29411764705882354,0.17647058823529413,1.1428571428571428,2012,10
7807,1974,2,4,44989.0,0,1,2012-09-12,26,98,0,106,49,10,106,5,5,1,5,6,0,0,0,0,0,0,3,11,0,369,11,1,0,0.4166666666666667,0.4166666666666667,0.4166666666666667,0.08333333333333333,0.7142857142857143,2012,9
3878,1980,1,0,31859.0,1,0,2014-02-27,3,3,4,7,15,8,11,1,1,0,3,7,0,0,0,0,0,0,3,11,0,48,4,1,0,0.2,0.2,0.6,0.0,0.125,2014,2
5092,1949,4,2,51569.0,0,1,2013-02-12,39,380,0,47,6,0,34,4,7,1,7,8,0,1,0,0,0,0,3,11,1,467,15,1,1,0.25,0.4375,0.4375,0.0625,0.7777777777777778,2013,2
2154,1971,2,2,30372.0,1,1,2012-12-25,33,15,0,12,7,3,7,3,2,0,3,7,0,0,0,0,0,0,3,11,0,44,5,2,0,0.5,0.3333333333333333,0.5,0.0,0.25,2012,12
5394,1979,0,0,16014.0,1,1,2013-03-17,42,3,9,4,7,8,7,4,1,1,4,3,0,0,0,0,0,0,3,11,0,38,6,2,0,0.5714285714285714,0.14285714285714285,0.5714285714285714,0.14285714285714285,0.25,2013,3
3798,1968,2,4,41120.0,1,1,2013-11-06,80,24,2,23,0,8,24,3,2,1,3,6,0,0,0,0,0,0,3,11,0,81,6,2,0,0.42857142857142855,0.2857142857142857,0.42857142857142855,0.14285714285714285,0.2857142857142857,2013,11
3524,1971,3,0,39763.0,1,0,2013-08-04,9,80,1,60,4,6,16,2,5,1,2,9,0,0,0,0,0,0,3,11,1,167,8,1,0,0.2222222222222222,0.5555555555555556,0.2222222222222222,0.1111111111111111,0.5,2013,8
5247,1955,4,4,38725.0,1,1,2014-05-10,52,31,0,6,2,1,5,2,1,0,4,4,0,0,0,0,0,0,3,11,0,45,5,2,0,0.3333333333333333,0.16666666666666666,0.6666666666666666,0.0,0.2,2014,5
5883,1972,2,4,77981.0,1,0,2013-05-26,78,138,120,204,16,126,60,3,7,4,7,5,0,0,0,0,0,0,3,11,0,664,18,1,0,0.15789473684210525,0.3684210526315789,0.3684210526315789,0.21052631578947367,1.1666666666666667,2013,5
2118,1964,1,4,62905.0,0,1,2013-09-10,68,166,75,96,119,107,59,3,7,2,8,4,0,0,0,0,0,0,3,11,0,622,17,1,0,0.16666666666666666,0.3888888888888889,0.4444444444444444,0.1111111111111111,1.4,2013,9
8812,1979,1,1,13533.0,1,0,2013-03-10,45,12,3,8,8,0,17,2,2,0,3,7,0,0,0,0,0,0,3,11,0,48,5,1,0,0.3333333333333333,0.3333333333333333,0.5,0.0,0.25,2013,3
6616,1975,2,4,59481.0,0,1,2013-10-23,47,178,3,85,71,66,58,2,3,3,8,2,0,0,0,0,0,0,3,11,0,461,14,1,0,0.13333333333333333,0.2,0.5333333333333333,0.2,1.0,2013,10
2797,1977,2,4,72117.0,0,1,2013-08-20,34,707,20,171,65,60,50,1,9,7,9,5,0,0,0,0,0,0,3,11,0,1073,25,1,0,0.038461538461538464,0.34615384615384615,0.34615384615384615,0.2692307692307692,1.5,2013,8
4328,1986,1,4,21955.0,1,0,2013-09-07,81,5,1,7,17,14,11,2,2,1,3,6,0,0,0,0,0,0,3,11,0,55,6,1,0,0.2857142857142857,0.2857142857142857,0.42857142857142855,0.14285714285714285,0.2857142857142857,2013,9
9167,1956,2,4,67131.0,0,1,2013-03-26,72,465,71,250,93,35,62,3,9,2,12,6,0,0,0,0,0,0,3,11,0,976,23,1,0,0.125,0.375,0.5,0.08333333333333333,1.2857142857142858,2013,3
10560,1980,4,0,36802.0,1,0,2014-06-16,23,16,1,2,0,0,1,1,1,0,3,5,0,0,0,0,0,0,3,11,0,20,4,1,0,0.2,0.2,0.6,0.0,0.16666666666666666,2014,6
2631,1982,2,4,71853.0,0,0,2013-05-08,29,358,108,413,141,97,32,1,2,8,6,1,0,0,0,0,0,0,3,11,0,1149,16,0,0,0.058823529411764705,0.11764705882352941,0.35294117647058826,0.47058823529411764,1.0,2013,5
8312,1961,0,4,28249.0,0,0,2014-06-15,80,1,9,7,2,14,10,1,2,0,3,6,0,0,0,0,0,0,3,11,0,43,5,0,0,0.16666666666666666,0.3333333333333333,0.5,0.0,0.2857142857142857,2014,6
5534,1975,3,4,47808.0,0,1,2013-10-20,30,123,1,26,2,0,72,2,3,2,3,7,1,0,0,0,0,0,3,11,0,224,8,1,1,0.2222222222222222,0.3333333333333333,0.3333333333333333,0.2222222222222222,0.375,2013,10
5093,1974,4,1,25509.0,1,0,2012-09-18,15,40,3,30,10,7,11,3,3,0,3,9,0,0,0,0,0,0,3,11,1,101,6,1,0,0.42857142857142855,0.42857142857142855,0.42857142857142855,0.0,0.3,2012,9
7592,1946,4,4,51012.0,0,0,2013-04-18,86,102,9,63,2,9,24,1,4,1,4,6,0,0,0,0,0,0,3,11,0,209,9,0,0,0.1,0.4,0.4,0.1,0.5714285714285714,2013,4
8895,1985,2,0,70596.0,0,0,2012-10-05,68,347,44,534,17,0,26,1,3,5,12,2,0,0,0,0,0,0,3,11,0,968,20,0,0,0.047619047619047616,0.14285714285714285,0.5714285714285714,0.23809523809523808,1.0,2012,10
8584,1952,4,4,85431.0,0,0,2013-06-08,54,376,53,462,168,53,53,1,2,7,7,0,0,0,0,0,0,0,3,11,0,1165,16,0,0,0.058823529411764705,0.11764705882352941,0.4117647058823529,0.4117647058823529,2.0,2013,6
2694,1967,2,4,42664.0,0,1,2014-03-18,44,21,0,3,0,0,0,1,1,0,3,6,0,0,0,0,0,0,3,11,0,24,4,1,0,0.2,0.2,0.6,0.0,0.14285714285714285,2014,3
8910,1955,2,4,42586.0,1,1,2012-10-29,7,194,2,56,0,0,0,5,4,1,6,8,0,0,0,0,0,0,3,11,1,252,11,2,0,0.4166666666666667,0.3333333333333333,0.5,0.08333333333333333,0.4444444444444444,2012,10
7433,1985,2,0,29760.0,1,0,2012-08-29,87,64,4,68,7,5,17,4,3,1,4,8,0,0,0,0,0,0,3,11,0,165,8,1,0,0.4444444444444444,0.3333333333333333,0.4444444444444444,0.1111111111111111,0.3333333333333333,2012,8
164,1977,4,4,28973.0,0,0,2012-10-13,59,206,0,46,3,2,12,2,5,1,5,8,0,0,0,0,0,0,3,11,0,269,11,0,0,0.16666666666666666,0.4166666666666667,0.4166666666666667,0.08333333333333333,0.5555555555555556,2012,10
10477,1973,4,4,39435.0,1,0,2013-08-06,16,71,0,18,0,0,13,1,3,1,2,7,0,0,0,0,0,0,3,11,0,102,6,1,0,0.14285714285714285,0.42857142857142855,0.2857142857142857,0.14285714285714285,0.375,2013,8
2681,1984,1,4,65370.0,0,0,2013-08-01,1,71,22,112,138,89,29,1,2,3,13,1,0,0,0,0,0,0,3,11,0,461,18,0,0,0.05263157894736842,0.10526315789473684,0.6842105263157895,0.15789473684210525,1.0,2013,8
5150,1979,0,0,20194.0,1,0,2012-12-17,64,0,4,7,11,10,15,2,2,0,3,6,0,0,0,0,0,0,3,11,0,47,5,1,0,0.3333333333333333,0.3333333333333333,0.5,0.0,0.2857142857142857,2012,12
5283,1976,4,0,42473.0,1,1,2014-02-17,72,93,1,21,0,4,25,3,2,1,4,5,0,0,0,0,0,0,3,11,0,144,7,2,0,0.375,0.25,0.5,0.125,0.3333333333333333,2014,2
9645,1968,2,4,64590.0,0,0,2012-10-14,98,920,138,168,36,46,30,1,9,4,10,6,0,0,0,0,0,0,3,11,0,1338,23,0,0,0.041666666666666664,0.375,0.4166666666666667,0.16666666666666666,1.2857142857142858,2012,10
10678,1959,2,4,71232.0,0,1,2013-11-28,91,653,17,170,34,26,17,2,11,2,10,7,0,0,0,0,0,0,3,11,0,917,23,1,0,0.08333333333333333,0.4583333333333333,0.4166666666666667,0.08333333333333333,1.375,2013,11
7261,1971,2,4,34600.0,1,1,2013-01-01,8,199,33,60,8,3,15,5,5,2,5,8,0,0,0,0,0,0,3,11,1,318,12,2,0,0.38461538461538464,0.38461538461538464,0.38461538461538464,0.15384615384615385,0.5555555555555556,2013,1
9648,1967,2,0,46904.0,1,1,2012-11-03,20,153,4,56,0,9,31,4,5,1,4,8,0,0,0,0,0,0,3,11,0,253,10,2,0,0.36363636363636365,0.45454545454545453,0.36363636363636365,0.09090909090909091,0.5555555555555556,2012,11
2870,1973,2,4,49094.0,0,1,2012-09-21,6,376,0,38,11,8,69,5,6,3,6,6,0,0,0,0,0,0,3,11,0,502,15,1,0,0.3125,0.375,0.375,0.1875,0.8571428571428571,2012,9
8008,1983,2,4,36075.0,1,0,2013-12-09,54,46,0,30,12,1,30,1,2,0,4,6,0,0,0,0,0,0,3,11,0,119,6,1,0,0.14285714285714285,0.2857142857142857,0.5714285714285714,0.0,0.2857142857142857,2013,12
1513,1979,1,4,60839.0,1,1,2012-08-28,72,600,21,128,223,150,128,13,2,2,12,8,0,0,0,0,0,0,3,11,0,1250,16,2,0,0.7647058823529411,0.11764705882352941,0.7058823529411765,0.11764705882352941,0.2222222222222222,2012,8
6173,1979,2,4,77298.0,0,1,2013-11-02,46,425,115,292,23,35,79,1,6,6,11,3,0,0,0,0,0,0,3,11,0,969,23,1,0,0.041666666666666664,0.25,0.4583333333333333,0.25,1.5,2013,11
1419,1950,2,4,34026.0,1,1,2013-08-05,11,18,6,15,12,8,17,3,2,1,3,5,0,0,0,0,0,0,3,11,0,76,6,2,0,0.42857142857142855,0.2857142857142857,0.42857142857142855,0.14285714285714285,0.3333333333333333,2013,8
9150,1963,4,0,48918.0,1,1,2014-04-12,21,52,0,9,0,0,1,2,1,0,4,4,0,0,0,0,0,0,3,11,0,62,5,2,0,0.3333333333333333,0.16666666666666666,0.6666666666666666,0.0,0.2,2014,4
7960,1962,1,4,82122.0,0,0,2013-08-15,89,734,22,350,151,25,100,1,3,9,13,1,0,0,1,0,0,0,3,11,0,1382,25,0,1,0.038461538461538464,0.11538461538461539,0.5,0.34615384615384615,1.5,2013,8
1250,1976,2,0,37697.0,1,0,2014-02-07,82,34,6,21,11,4,8,1,2,1,3,6,0,0,0,0,0,0,3,11,0,84,6,1,0,0.14285714285714285,0.2857142857142857,0.42857142857142855,0.14285714285714285,0.2857142857142857,2014,2
9905,1952,2,4,34074.0,1,1,2013-07-13,69,135,1,41,10,1,67,5,3,3,3,6,1,0,0,0,0,0,3,11,0,255,9,2,1,0.5,0.3,0.3,0.3,0.42857142857142855,2013,7
10691,1960,3,4,28520.0,1,1,2013-06-14,55,11,0,10,0,2,20,1,1,1,2,6,0,0,0,0,0,0,3,11,0,43,4,2,0,0.2,0.2,0.4,0.2,0.14285714285714285,2013,6
7002,1955,2,0,62535.0,0,1,2013-10-03,13,163,48,90,0,45,52,1,3,2,8,3,0,0,0,0,0,0,3,11,0,398,13,1,0,0.07142857142857142,0.21428571428571427,0.5714285714285714,0.14285714285714285,0.75,2013,10
2952,1977,3,0,36273.0,1,0,2014-04-16,80,29,3,30,3,2,9,2,3,0,3,6,0,0,0,0,0,0,3,11,0,76,6,1,0,0.2857142857142857,0.42857142857142855,0.42857142857142855,0.0,0.42857142857142855,2014,4
8439,1964,2,4,63404.0,0,2,2014-06-06,97,734,26,70,11,44,17,2,6,3,4,4,0,0,0,1,0,0,3,11,0,902,13,2,1,0.14285714285714285,0.42857142857142855,0.2857142857142857,0.21428571428571427,1.2,2014,6
762,1981,1,4,75774.0,1,0,2014-05-02,27,340,21,134,258,14,56,1,7,5,8,4,0,0,0,0,0,0,3,11,0,823,20,1,0,0.047619047619047616,0.3333333333333333,0.38095238095238093,0.23809523809523808,1.4,2014,5
2831,1976,2,4,78416.0,0,1,2014-06-27,99,453,38,279,188,38,183,2,7,7,10,3,0,0,0,0,0,0,3,11,0,1179,24,1,0,0.08,0.28,0.4,0.28,1.75,2014,6
6977,1974,2,4,75702.0,0,1,2012-10-14,87,1073,0,629,145,37,37,1,10,5,13,6,0,0,1,0,0,0,3,11,0,1921,28,1,1,0.034482758620689655,0.3448275862068966,0.4482758620689655,0.1724137931034483,1.4285714285714286,2012,10
6289,1951,3,4,59385.0,1,1,2013-04-28,85,135,0,10,0,4,36,2,3,1,4,5,0,0,0,0,0,0,3,11,0,185,8,2,0,0.2222222222222222,0.3333333333333333,0.4444444444444444,0.1111111111111111,0.5,2013,4
4168,1966,2,0,37070.0,1,1,2013-03-20,30,231,7,137,4,15,39,9,5,1,8,7,0,0,0,0,0,0,3,11,1,433,14,2,0,0.6,0.3333333333333333,0.5333333333333333,0.06666666666666667,0.625,2013,3
8397,1951,2,4,44689.0,1,1,2014-01-10,82,18,0,5,0,0,11,2,1,1,2,7,1,0,0,0,0,0,3,11,0,34,4,2,1,0.4,0.2,0.4,0.2,0.125,2014,1
9284,1958,2,4,53977.0,0,1,2013-06-08,21,620,16,165,0,24,82,5,5,5,12,5,0,0,0,0,0,0,3,11,0,907,22,1,0,0.21739130434782608,0.21739130434782608,0.5217391304347826,0.21739130434782608,0.8333333333333334,2013,6
6237,1966,4,0,7144.0,0,2,2013-12-07,92,81,4,33,5,2,291,0,23,1,1,0,0,0,0,0,0,0,3,11,0,416,25,2,0,0.0,0.8846153846153846,0.038461538461538464,0.038461538461538464,23.0,2013,12
3130,1964,2,0,18701.0,1,1,2013-06-04,95,12,4,2,10,6,10,4,2,0,4,5,0,0,0,0,0,0,3,11,0,44,6,2,0,0.5714285714285714,0.2857142857142857,0.5714285714285714,0.0,0.3333333333333333,2013,6
1619,1956,2,4,90369.0,0,0,2014-04-28,2,292,51,981,224,23,17,1,4,6,6,1,0,0,0,0,0,0,3,11,1,1588,16,0,0,0.058823529411764705,0.23529411764705882,0.35294117647058826,0.35294117647058826,2.0,2014,4
1990,1974,4,0,63159.0,0,0,2012-11-05,74,965,34,586,89,86,37,1,3,5,8,3,1,0,0,0,0,0,3,11,0,1797,16,0,1,0.058823529411764705,0.17647058823529413,0.47058823529411764,0.29411764705882354,0.75,2012,11
5513,1966,2,4,37758.0,1,1,2012-10-04,49,27,2,10,0,0,1,2,1,0,3,8,0,0,0,0,0,0,3,11,0,40,4,2,0,0.4,0.2,0.6,0.0,0.1111111111111111,2012,10
269,1963,4,0,46757.0,0,1,2012-11-16,71,777,30,163,0,51,122,6,4,4,7,9,0,0,0,0,0,0,3,11,0,1143,15,1,0,0.375,0.25,0.4375,0.25,0.4,2012,11
8093,1969,3,4,79734.0,0,0,2014-06-28,72,572,8,232,23,62,17,1,4,3,6,1,0,0,0,1,0,0,3,11,0,914,13,0,1,0.07142857142857142,0.2857142857142857,0.42857142857142855,0.21428571428571427,2.0,2014,6
10513,1992,2,4,63207.0,0,0,2013-01-20,68,438,169,565,91,169,70,1,2,3,6,7,0,0,0,1,0,0,3,11,0,1502,11,0,1,0.08333333333333333,0.16666666666666666,0.5,0.25,0.25,2013,1
10177,1954,2,1,72071.0,0,1,2013-02-14,4,531,69,300,150,138,150,3,5,4,8,2,0,0,0,0,0,0,3,11,0,1338,17,1,0,0.16666666666666666,0.2777777777777778,0.4444444444444444,0.2222222222222222,1.6666666666666667,2013,2
2549,1983,4,4,21840.0,1,0,2013-07-21,80,17,0,9,0,0,1,1,1,0,3,9,0,0,0,0,0,0,3,11,0,27,4,1,0,0.2,0.2,0.6,0.0,0.1,2013,7
5782,1982,1,4,58582.0,0,1,2013-09-28,15,402,35,106,101,77,42,2,9,2,9,5,0,1,0,0,0,0,3,11,0,763,20,1,1,0.09523809523809523,0.42857142857142855,0.42857142857142855,0.09523809523809523,1.5,2013,9
10057,1951,2,0,72282.0,0,0,2013-07-19,70,503,27,419,90,139,153,1,5,7,9,7,0,0,0,0,0,0,3,11,1,1331,21,0,0,0.045454545454545456,0.22727272727272727,0.4090909090909091,0.3181818181818182,0.625,2013,7
10307,1956,2,4,50387.0,0,2,2013-08-31,91,369,9,87,12,14,34,3,6,2,8,5,0,0,0,0,0,0,3,11,0,525,16,2,0,0.17647058823529413,0.35294117647058826,0.47058823529411764,0.11764705882352941,1.0,2013,8
8566,1961,4,4,32583.0,1,1,2014-06-15,10,5,0,3,0,0,1,1,1,0,2,7,0,0,0,0,0,0,3,11,0,9,3,2,0,0.25,0.25,0.5,0.0,0.125,2014,6
2415,1962,2,4,62568.0,0,1,2014-04-07,99,362,17,398,80,35,61,3,5,3,5,4,0,0,0,1,0,0,3,11,0,953,13,1,1,0.21428571428571427,0.35714285714285715,0.35714285714285715,0.21428571428571427,1.0,2014,4
5684,1971,3,1,44635.0,1,1,2013-10-11,25,56,0,9,0,0,3,2,2,0,3,7,0,0,0,0,0,0,3,11,0,68,5,2,0,0.3333333333333333,0.3333333333333333,0.5,0.0,0.25,2013,10
8334,1971,3,0,33316.0,1,1,2013-10-04,34,79,1,31,4,4,12,3,2,1,4,6,0,0,0,0,0,0,3,11,0,131,7,2,0,0.375,0.25,0.5,0.125,0.2857142857142857,2013,10
9166,1968,2,4,63967.0,0,1,2013-08-09,57,387,84,141,73,35,162,3,4,4,12,2,0,0,0,0,0,0,3,11,0,882,20,1,0,0.14285714285714285,0.19047619047619047,0.5714285714285714,0.19047619047619047,1.3333333333333333,2013,8
1440,1978,1,4,52513.0,0,0,2012-09-04,84,367,17,241,104,188,232,2,9,5,9,7,0,0,0,0,0,0,3,11,0,1149,23,0,0,0.08333333333333333,0.375,0.375,0.20833333333333334,1.125,2012,9
78,1969,2,4,25293.0,1,0,2013-09-15,51,15,0,11,0,2,9,1,1,1,2,8,0,0,0,0,0,0,3,11,0,37,4,1,0,0.2,0.2,0.4,0.2,0.1111111111111111,2013,9
5441,1965,4,2,54111.0,0,1,2013-08-25,97,267,6,54,8,3,50,2,5,2,6,5,0,0,0,0,0,0,3,11,0,388,13,1,0,0.14285714285714285,0.35714285714285715,0.42857142857142855,0.14285714285714285,0.8333333333333334,2013,8
5302,1986,2,4,78394.0,0,0,2013-02-15,13,298,27,697,216,24,166,1,4,6,5,2,0,0,0,0,0,0,3,11,1,1428,15,0,0,0.0625,0.25,0.3125,0.375,1.3333333333333333,2013,2
4687,1958,3,4,80739.0,0,0,2013-05-23,92,674,92,736,39,0,92,1,3,11,9,1,0,0,0,0,0,0,3,11,0,1633,23,0,0,0.041666666666666664,0.125,0.375,0.4583333333333333,1.5,2013,5
1087,1975,3,4,22669.0,1,0,2013-05-22,30,16,14,36,37,22,48,3,4,1,2,9,0,0,0,0,0,0,3,11,1,173,7,1,0,0.375,0.5,0.25,0.125,0.4,2013,5
6859,1987,2,0,29236.0,1,0,2013-10-08,30,37,4,24,16,9,9,2,4,0,3,9,0,0,0,0,0,0,3,11,0,99,7,1,0,0.25,0.5,0.375,0.0,0.4,2013,10
9860,1959,2,4,44911.0,0,1,2013-03-15,11,159,0,22,2,1,31,3,4,1,4,7,0,0,0,0,0,0,3,11,0,215,9,1,0,0.3,0.4,0.4,0.1,0.5,2013,3
7129,1962,4,4,54693.0,0,1,2013-02-17,72,686,17,142,23,26,35,8,6,4,13,6,0,0,0,0,0,0,3,11,0,929,23,1,0,0.3333333333333333,0.25,0.5416666666666666,0.16666666666666666,0.8571428571428571,2013,2
5866,1974,2,4,48186.0,1,0,2014-03-20,39,97,3,66,12,7,34,3,4,1,4,7,0,0,0,0,0,0,3,11,0,219,9,1,0,0.3,0.4,0.4,0.1,0.5,2014,3
10521,1977,2,4,54809.0,1,1,2013-09-11,0,63,6,57,13,13,22,4,2,1,5,4,0,0,0,0,0,0,3,11,1,174,8,2,0,0.4444444444444444,0.2222222222222222,0.5555555555555556,0.1111111111111111,0.4,2013,9
7393,1978,2,4,41580.0,1,1,2012-12-10,15,56,5,24,4,0,3,3,2,1,3,5,0,0,0,0,0,0,3,11,0,92,6,2,0,0.42857142857142855,0.2857142857142857,0.42857142857142855,0.14285714285714285,0.3333333333333333,2012,12
7849,1970,4,4,80336.0,0,0,2013-09-09,12,209,19,456,160,142,66,1,2,9,13,1,0,0,0,0,0,0,3,11,0,1052,24,0,0,0.04,0.08,0.52,0.36,1.0,2013,9
332,1957,2,4,47743.0,0,1,2013-03-22,56,198,2,43,0,12,20,3,4,1,6,6,0,1,0,0,0,0,3,11,0,275,11,1,1,0.25,0.3333333333333333,0.5,0.08333333333333333,0.5714285714285714,2013,3
9847,1955,1,4,62972.0,0,1,2012-08-03,39,313,15,47,20,0,192,2,7,4,3,6,0,0,0,0,0,0,3,11,0,587,14,1,0,0.13333333333333333,0.4666666666666667,0.2,0.26666666666666666,1.0,2012,8
531,1954,4,1,57333.0,0,1,2012-09-22,55,941,14,397,76,58,176,11,8,5,9,6,0,0,0,0,0,0,3,11,1,1662,22,1,0,0.4782608695652174,0.34782608695652173,0.391304347826087,0.21739130434782608,1.1428571428571428,2012,9
9576,1982,4,4,32313.0,1,0,2013-02-11,60,86,4,56,2,4,7,3,4,0,4,9,0,0,0,0,0,0,3,11,0,159,8,1,0,0.3333333333333333,0.4444444444444444,0.4444444444444444,0.0,0.4,2013,2
6906,1953,3,2,84953.0,0,0,2013-06-03,73,167,48,602,63,72,72,1,3,10,4,2,0,1,1,1,0,0,3,11,1,1024,17,0,3,0.05555555555555555,0.16666666666666666,0.2222222222222222,0.5555555555555556,1.0,2013,6
7419,1968,3,1,27071.0,1,0,2014-04-23,90,8,3,19,0,2,3,2,2,0,3,6,0,0,0,0,0,0,3,11,0,35,5,1,0,0.3333333333333333,0.3333333333333333,0.5,0.0,0.2857142857142857,2014,4
3170,1957,3,4,68148.0,0,0,2013-08-31,86,389,66,408,37,57,85,1,4,4,6,2,0,0,0,0,0,0,3,11,0,1042,14,0,0,0.06666666666666667,0.26666666666666666,0.4,0.26666666666666666,1.3333333333333333,2013,8
8527,1965,3,4,65735.0,1,1,2013-12-07,37,239,7,119,4,15,11,5,6,2,6,7,0,0,0,0,0,0,3,11,0,395,14,2,0,0.3333333333333333,0.4,0.4,0.13333333333333333,0.75,2013,12
7872,1975,4,4,86836.0,0,0,2012-09-12,7,179,21,273,0,21,63,1,6,10,6,5,1,0,1,1,0,0,3,11,1,557,22,0,3,0.043478260869565216,0.2608695652173913,0.2608695652173913,0.43478260869565216,1.0,2012,9
9931,1963,4,4,4023.0,1,1,2014-06-23,29,5,0,1,1,1,1,15,0,0,0,19,0,0,0,0,0,0,3,11,0,9,0,2,0,15.0,0.0,0.0,0.0,0.0,2014,6
10595,1990,2,4,30093.0,0,0,2013-07-08,19,2,6,28,13,4,16,1,2,0,3,7,0,0,0,0,0,0,3,11,0,69,5,0,0,0.16666666666666666,0.3333333333333333,0.5,0.0,0.25,2013,7
4609,1966,4,4,57705.0,0,1,2014-01-11,14,383,0,53,6,4,40,3,8,1,6,6,0,0,0,0,0,0,3,11,0,486,15,1,0,0.1875,0.5,0.375,0.0625,1.1428571428571428,2014,1
5010,1988,2,0,25008.0,1,0,2014-02-02,72,2,8,8,6,1,9,2,1,0,3,8,0,0,0,0,0,0,3,11,0,34,4,1,0,0.4,0.2,0.6,0.0,0.1111111111111111,2014,2
4427,1995,1,0,83257.0,0,0,2012-09-18,56,536,27,590,38,107,67,1,5,10,12,6,1,0,1,0,0,1,3,11,1,1365,27,0,2,0.03571428571428571,0.17857142857142858,0.42857142857142855,0.35714285714285715,0.7142857142857143,2012,9
11148,1975,2,4,22280.0,1,0,2013-05-19,85,2,1,4,3,1,2,1,1,0,2,8,0,0,0,0,0,0,3,11,0,13,3,1,0,0.25,0.25,0.5,0.0,0.1111111111111111,2013,5
1168,1978,4,4,72159.0,0,0,2012-10-29,62,322,53,899,34,40,53,1,4,6,10,2,0,0,0,0,0,0,3,11,0,1401,20,0,0,0.047619047619047616,0.19047619047619047,0.47619047619047616,0.2857142857142857,1.3333333333333333,2012,10
9595,1961,2,4,64260.0,0,0,2013-01-11,1,539,169,816,20,0,30,1,4,5,4,3,0,0,0,0,0,0,3,11,1,1574,13,0,0,0.07142857142857142,0.2857142857142857,0.2857142857142857,0.35714285714285715,1.0,2013,1
10163,1984,4,0,82733.0,0,0,2013-09-10,28,712,50,420,65,38,38,1,8,4,7,4,0,0,0,0,0,0,3,11,1,1323,19,0,0,0.05,0.4,0.35,0.2,1.6,2013,9
2886,1971,3,1,74290.0,0,1,2013-08-12,70,1121,0,72,0,12,12,4,10,8,10,6,0,1,0,1,0,0,3,11,0,1217,28,1,2,0.13793103448275862,0.3448275862068966,0.3448275862068966,0.27586206896551724,1.4285714285714286,2013,8
6710,1951,3,0,58217.0,2,1,2012-11-17,84,68,1,13,3,5,13,1,2,0,4,6,0,0,0,0,0,0,3,11,0,103,6,3,0,0.14285714285714285,0.2857142857142857,0.5714285714285714,0.0,0.2857142857142857,2012,11
5316,1976,3,4,21024.0,0,0,2013-07-04,89,36,4,18,6,2,18,1,2,0,4,7,0,0,0,0,0,0,3,11,0,84,6,0,0,0.14285714285714285,0.2857142857142857,0.5714285714285714,0.0,0.25,2013,7
9029,1972,4,4,70116.0,0,0,2013-01-26,73,707,44,603,95,58,29,1,2,8,12,1,0,0,0,0,0,0,3,11,0,1536,22,0,0,0.043478260869565216,0.08695652173913043,0.5217391304347826,0.34782608695652173,1.0,2013,1
521,1985,2,4,54006.0,1,0,2012-09-18,42,174,77,203,6,24,97,2,8,1,7,7,0,0,0,0,0,0,3,11,0,581,16,1,0,0.11764705882352941,0.47058823529411764,0.4117647058823529,0.058823529411764705,1.0,2012,9
1459,1966,4,4,69063.0,0,1,2012-11-07,16,666,35,124,69,8,26,1,5,3,5,3,0,0,0,0,0,0,3,11,0,928,13,1,0,0.07142857142857142,0.35714285714285715,0.35714285714285715,0.21428571428571427,1.25,2012,11
10241,1975,1,1,11448.0,0,0,2013-12-15,16,0,0,0,6,2,6,1,1,0,2,6,0,0,0,0,0,0,3,11,0,14,3,0,0,0.25,0.25,0.5,0.0,0.14285714285714285,2013,12
1630,1979,2,0,61825.0,0,1,2013-08-07,56,162,50,100,55,30,27,1,4,2,8,4,0,0,0,0,0,0,3,11,0,424,14,1,0,0.06666666666666667,0.26666666666666666,0.5333333333333333,0.13333333333333333,0.8,2013,8
3254,1971,2,4,70886.0,1,0,2013-10-14,65,407,70,239,103,88,53,1,5,4,4,2,0,0,0,0,0,0,3,11,0,960,13,1,0,0.07142857142857142,0.35714285714285715,0.2857142857142857,0.2857142857142857,1.6666666666666667,2013,10
9064,1982,2,4,69109.0,0,0,2012-11-09,10,823,25,459,124,29,95,1,6,6,7,4,0,0,1,0,0,0,3,11,1,1555,19,0,1,0.05,0.3,0.35,0.3,1.2,2012,11
3678,1973,2,2,60208.0,1,1,2012-10-07,13,488,23,71,15,0,59,11,8,3,7,7,0,1,0,0,0,0,3,11,1,656,18,2,1,0.5789473684210527,0.42105263157894735,0.3684210526315789,0.15789473684210525,1.0,2012,10
4227,1968,3,4,32889.0,1,1,2013-09-06,78,28,0,13,4,2,8,3,2,1,3,5,0,0,0,0,0,0,3,11,0,55,6,2,0,0.42857142857142855,0.2857142857142857,0.42857142857142855,0.14285714285714285,0.3333333333333333,2013,9
9467,1984,2,0,34738.0,1,0,2014-05-11,51,3,2,10,3,0,2,1,1,0,3,6,0,0,0,0,0,0,3,11,0,20,4,1,0,0.2,0.2,0.6,0.0,0.14285714285714285,2014,5
8486,1971,3,4,30538.0,1,0,2012-10-01,27,284,0,52,8,3,20,4,9,0,4,10,0,0,0,0,0,0,3,11,0,367,13,1,0,0.2857142857142857,0.6428571428571429,0.2857142857142857,0.0,0.8181818181818182,2012,10
2186,1977,1,4,82326.0,0,0,2014-03-10,30,938,142,754,159,81,183,1,5,10,6,2,0,1,1,1,0,0,3,11,1,2257,21,0,3,0.045454545454545456,0.22727272727272727,0.2727272727272727,0.45454545454545453,1.6666666666666667,2014,3
3286,1967,4,1,26642.0,1,0,2014-03-01,71,13,2,15,2,2,8,2,2,0,3,6,0,0,0,0,0,0,3,11,0,42,5,1,0,0.3333333333333333,0.3333333333333333,0.5,0.0,0.2857142857142857,2014,3
8602,1964,2,1,69932.0,0,1,2013-06-12,97,412,172,153,150,105,57,2,7,6,11,4,0,0,0,0,0,0,3,11,0,1049,24,1,0,0.08,0.28,0.44,0.24,1.4,2013,6
3722,1972,2,0,44503.0,1,1,2014-04-16,83,31,1,8,0,0,8,2,2,0,3,6,0,0,0,0,0,0,3,11,0,48,5,2,0,0.3333333333333333,0.3333333333333333,0.5,0.0,0.2857142857142857,2014,4
6715,1948,4,0,60200.0,0,1,2013-01-02,3,502,19,132,0,6,26,6,6,2,11,6,0,0,0,0,0,0,3,11,0,685,19,1,0,0.3,0.3,0.55,0.1,0.8571428571428571,2013,1
4796,1952,2,1,49638.0,0,1,2014-04-19,71,18,10,3,3,5,0,1,1,0,3,2,0,0,0,0,0,0,3,11,0,39,4,1,0,0.2,0.2,0.6,0.0,0.3333333333333333,2014,4
9612,1987,1,0,23830.0,0,0,2014-02-07,3,1,8,6,4,8,16,1,1,0,3,7,0,0,0,0,0,0,3,11,0,43,4,0,0,0.2,0.2,0.6,0.0,0.125,2014,2
3766,1959,3,2,33051.0,0,0,2012-08-16,15,100,71,243,108,94,219,3,9,1,8,9,0,0,0,0,0,0,3,11,1,835,18,0,0,0.15789473684210525,0.47368421052631576,0.42105263157894735,0.05263157894736842,0.9,2012,8
1399,1958,2,4,72905.0,0,0,2014-01-21,52,407,114,445,181,165,203,1,3,7,9,1,0,0,0,1,0,0,3,11,0,1515,19,0,1,0.05,0.15,0.45,0.35,1.5,2014,1
1570,1951,4,4,69702.0,0,1,2013-02-19,8,664,9,240,50,19,57,2,7,7,10,4,0,0,0,0,0,0,3,11,0,1039,24,1,0,0.08,0.28,0.4,0.28,1.4,2013,2
3426,1975,2,1,70300.0,1,0,2013-07-15,89,1045,61,338,60,46,46,3,5,5,13,8,0,0,0,0,0,0,3,11,0,1596,23,1,0,0.125,0.20833333333333334,0.5416666666666666,0.20833333333333334,0.5555555555555556,2013,7
3074,1984,4,4,70643.0,0,0,2012-10-15,66,1218,107,304,23,143,33,1,5,8,4,6,0,0,0,0,0,0,3,11,1,1828,17,0,0,0.05555555555555555,0.2777777777777778,0.2222222222222222,0.4444444444444444,0.7142857142857143,2012,10
8341,1969,4,4,30396.0,1,0,2014-04-30,22,15,0,6,0,1,12,2,1,1,2,7,1,0,0,0,0,0,3,11,1,34,4,1,1,0.4,0.2,0.4,0.2,0.125,2014,4
5180,1968,4,1,50616.0,0,1,2014-04-18,56,128,0,16,0,1,4,2,4,0,4,7,0,0,0,0,0,0,3,11,0,149,8,1,0,0.2222222222222222,0.4444444444444444,0.4444444444444444,0.0,0.5,2014,4
6461,1969,3,0,62772.0,0,1,2013-05-19,74,581,49,157,43,8,108,1,5,6,11,2,0,1,0,0,0,0,3,11,0,946,22,1,1,0.043478260869565216,0.21739130434782608,0.4782608695652174,0.2608695652173913,1.6666666666666667,2013,5
7679,1985,4,0,30298.0,0,0,2014-05-19,48,6,3,12,6,1,0,1,1,1,3,3,0,0,0,0,0,0,3,11,0,28,5,0,0,0.16666666666666666,0.16666666666666666,0.5,0.16666666666666666,0.25,2014,5
10702,1984,2,0,52413.0,1,0,2012-11-03,67,185,8,133,56,56,12,2,7,1,7,7,0,0,0,0,0,0,3,11,0,450,15,1,0,0.125,0.4375,0.4375,0.0625,0.875,2012,11
7505,1957,4,4,44155.0,1,1,2014-01-19,24,22,1,9,0,0,14,1,1,1,2,4,0,0,0,0,0,0,3,11,0,46,4,2,0,0.2,0.2,0.4,0.2,0.2,2014,1
5113,1971,4,1,86979.0,0,0,2013-11-07,67,584,100,835,65,83,35,1,5,5,5,2,1,0,0,0,0,0,3,11,1,1702,15,0,1,0.0625,0.3125,0.3125,0.3125,1.6666666666666667,2013,11
10858,1975,2,4,76532.0,1,1,2013-09-09,38,355,30,177,90,138,30,4,9,5,7,5,0,0,0,0,0,0,3,11,0,820,21,2,0,0.18181818181818182,0.4090909090909091,0.3181818181818182,0.22727272727272727,1.5,2013,9
2961,1982,2,4,42081.0,1,0,2013-02-26,86,175,10,110,54,6,27,2,6,3,4,6,1,0,0,0,0,0,3,11,0,382,13,1,1,0.14285714285714285,0.42857142857142855,0.2857142857142857,0.21428571428571427,0.8571428571428571,2013,2
2747,1988,4,4,67546.0,0,0,2012-08-31,90,864,134,768,150,38,172,1,4,10,5,3,0,0,0,0,0,0,3,11,0,2126,19,0,0,0.05,0.2,0.25,0.5,1.0,2012,8
3010,1989,3,4,88420.0,0,0,2014-05-02,87,957,153,612,99,95,153,1,4,7,8,1,1,0,1,1,0,0,3,11,0,2069,19,0,3,0.05,0.2,0.4,0.35,2.0,2014,5
5790,1985,2,4,31158.0,1,0,2013-01-27,62,25,6,16,20,0,5,2,2,0,3,8,0,0,0,0,0,0,3,11,0,72,5,1,0,0.3333333333333333,0.3333333333333333,0.5,0.0,0.2222222222222222,2013,1
6892,1968,2,1,61671.0,0,1,2014-06-03,23,641,7,56,0,0,28,8,10,4,6,8,0,1,0,1,0,0,3,11,0,732,20,1,2,0.38095238095238093,0.47619047619047616,0.2857142857142857,0.19047619047619047,1.1111111111111112,2014,6
1743,1974,2,0,69719.0,0,0,2014-05-26,99,273,86,208,177,14,43,1,2,3,5,1,0,0,0,0,0,0,3,11,0,801,10,0,0,0.09090909090909091,0.18181818181818182,0.45454545454545453,0.2727272727272727,1.0,2014,5
3578,1949,2,1,49160.0,0,1,2013-10-20,29,122,21,43,25,10,15,2,3,1,6,6,0,0,0,0,0,0,3,11,0,236,10,1,0,0.18181818181818182,0.2727272727272727,0.5454545454545454,0.09090909090909091,0.42857142857142855,2013,10
8462,1978,0,4,24882.0,1,0,2012-09-09,52,1,4,10,29,0,36,1,1,1,2,6,1,0,0,0,0,0,3,11,0,80,4,1,1,0.2,0.2,0.4,0.2,0.14285714285714285,2012,9
5558,1954,4,0,90933.0,0,0,2014-03-31,90,1020,31,430,62,63,79,1,4,6,4,1,0,0,1,0,0,0,3,11,0,1685,14,0,1,0.06666666666666667,0.26666666666666666,0.26666666666666666,0.4,2.0,2014,3
4619,1945,4,0,113734.0,0,0,2014-05-28,9,6,2,3,1,262,3,0,27,0,0,1,0,0,0,0,0,0,3,11,0,277,27,0,0,0.0,0.9642857142857143,0.0,0.0,13.5,2014,5
8780,1950,4,4,59292.0,0,1,2013-06-13,71,378,14,68,19,14,14,2,3,5,8,3,0,0,0,0,0,0,3,11,0,507,16,1,0,0.11764705882352941,0.17647058823529413,0.47058823529411764,0.29411764705882354,0.75,2013,6
10789,1964,4,4,45759.0,1,1,2013-02-23,13,42,1,18,3,0,4,2,2,0,3,7,0,0,0,0,0,0,3,11,0,68,5,2,0,0.3333333333333333,0.3333333333333333,0.5,0.0,0.25,2013,2
10779,1983,2,0,22148.0,0,0,2014-04-13,16,15,5,14,0,4,11,1,1,0,3,7,0,0,0,0,0,0,3,11,0,49,4,0,0,0.2,0.2,0.6,0.0,0.125,2014,4
5896,1987,3,4,73395.0,0,0,2014-03-18,94,272,7,80,20,7,11,1,4,4,6,2,0,0,0,0,0,0,3,11,0,397,14,0,0,0.06666666666666667,0.26666666666666666,0.4,0.26666666666666666,1.3333333333333333,2014,3
2337,1971,2,1,29819.0,1,0,2013-10-24,77,9,1,24,2,1,2,3,3,0,3,6,0,0,0,0,0,0,3,11,0,39,6,1,0,0.42857142857142855,0.42857142857142855,0.42857142857142855,0.0,0.42857142857142855,2013,10
10951,1968,2,4,45688.0,0,1,2014-01-25,20,279,0,18,0,0,9,2,3,1,8,4,0,1,0,0,0,0,3,11,0,306,12,1,1,0.15384615384615385,0.23076923076923078,0.6153846153846154,0.07692307692307693,0.6,2014,1
544,1954,2,4,62820.0,0,0,2013-05-11,51,398,61,265,138,61,53,1,3,4,6,1,0,0,0,0,0,0,3,11,0,976,13,0,0,0.07142857142857142,0.21428571428571427,0.42857142857142855,0.2857142857142857,1.5,2013,5
17,1971,4,4,60491.0,0,1,2013-09-06,81,637,47,237,12,19,76,4,6,11,7,5,0,0,0,0,0,0,3,11,0,1028,24,1,0,0.16,0.24,0.28,0.44,1.0,2013,9
10680,1986,2,4,33235.0,1,0,2014-02-05,71,45,0,16,2,1,6,1,3,0,3,7,0,0,0,0,0,0,3,11,0,70,6,1,0,0.14285714285714285,0.42857142857142855,0.42857142857142855,0.0,0.375,2014,2
3265,1959,2,4,35701.0,0,0,2013-03-19,36,21,1,9,7,3,5,1,1,0,3,6,0,0,0,0,0,0,3,11,0,46,4,0,0,0.2,0.2,0.6,0.0,0.14285714285714285,2013,3
5623,1980,3,4,31535.0,1,0,2013-09-26,95,15,4,13,0,0,19,1,1,1,2,7,1,0,0,0,0,0,3,11,0,51,4,1,1,0.2,0.2,0.4,0.2,0.125,2013,9
5832,1960,1,4,92556.0,0,0,2014-04-20,32,493,183,352,184,23,28,0,3,5,13,0,0,0,0,0,0,0,3,11,0,1263,21,0,0,0.0,0.13636363636363635,0.5909090909090909,0.22727272727272727,3.0,2014,4
5544,1970,2,0,67384.0,0,1,2012-11-10,32,957,40,175,158,53,107,2,7,8,5,5,0,1,0,0,0,0,3,11,0,1490,20,1,1,0.09523809523809523,0.3333333333333333,0.23809523809523808,0.38095238095238093,1.1666666666666667,2012,11
6417,1971,3,4,80573.0,0,0,2012-10-14,85,829,138,430,60,92,15,1,4,6,13,2,0,0,0,0,0,0,3,11,0,1564,23,0,0,0.041666666666666664,0.16666666666666666,0.5416666666666666,0.25,1.3333333333333333,2012,10
5831,1967,2,4,77870.0,0,1,2012-08-22,93,1017,50,500,65,50,133,3,5,5,5,8,0,1,0,1,0,0,3,11,1,1815,15,1,2,0.1875,0.3125,0.3125,0.3125,0.5555555555555556,2012,8
7101,1963,4,2,52278.0,0,1,2013-01-25,24,953,0,71,0,0,174,6,10,5,10,8,0,0,0,0,0,0,3,11,0,1198,25,1,0,0.23076923076923078,0.38461538461538464,0.38461538461538464,0.19230769230769232,1.1111111111111112,2013,1
10176,1968,2,0,57107.0,0,1,2012-08-24,44,159,0,120,0,0,137,7,4,4,8,8,0,1,0,0,1,0,3,11,1,416,16,1,2,0.4117647058823529,0.23529411764705882,0.47058823529411764,0.23529411764705882,0.4444444444444444,2012,8
2326,1990,2,4,18929.0,0,0,2013-02-16,15,32,0,8,23,4,18,1,1,0,4,6,0,0,0,0,0,0,3,11,0,85,5,0,0,0.16666666666666666,0.16666666666666666,0.6666666666666666,0.0,0.14285714285714285,2013,2
4385,1981,4,0,36038.0,1,0,2013-05-31,82,23,0,15,0,2,7,2,3,0,3,6,0,0,0,0,0,0,3,11,0,47,6,1,0,0.2857142857142857,0.42857142857142855,0.42857142857142855,0.0,0.42857142857142855,2013,5
2929,1976,2,0,20180.0,0,0,2013-02-20,27,18,42,24,15,20,18,1,2,1,4,7,0,0,0,0,0,0,3,11,0,137,7,0,0,0.125,0.25,0.5,0.125,0.25,2013,2
10686,1965,4,4,34230.0,1,1,2012-12-26,72,15,0,4,0,0,2,1,1,0,2,7,0,0,0,0,0,0,3,11,0,21,3,2,0,0.25,0.25,0.5,0.0,0.125,2012,12
2546,1977,1,0,31878.0,0,1,2014-06-22,7,23,4,5,10,5,23,1,1,0,4,3,0,0,0,0,0,0,3,11,0,70,5,1,0,0.16666666666666666,0.16666666666666666,0.6666666666666666,0.0,0.25,2014,6
3283,1972,1,4,70932.0,0,1,2014-01-19,57,200,193,100,46,185,185,2,6,2,12,3,0,0,0,0,0,0,3,11,0,909,20,1,0,0.09523809523809523,0.2857142857142857,0.5714285714285714,0.09523809523809523,1.5,2014,1
3138,1956,2,0,91249.0,0,0,2012-10-20,84,1324,27,119,71,108,27,0,7,9,6,4,0,1,1,1,1,0,3,11,1,1676,22,0,4,0.0,0.30434782608695654,0.2608695652173913,0.391304347826087,1.4,2012,10
4994,1943,3,0,77598.0,0,0,2013-10-01,53,1193,33,281,129,66,33,1,7,5,13,3,0,0,1,0,0,0,3,11,0,1735,25,0,1,0.038461538461538464,0.2692307692307692,0.5,0.19230769230769232,1.75,2013,10
7966,1959,2,0,80982.0,1,1,2013-01-08,48,505,137,401,104,22,22,3,11,5,11,5,0,0,0,0,0,1,3,11,0,1191,27,2,0,0.10714285714285714,0.39285714285714285,0.39285714285714285,0.17857142857142858,1.8333333333333333,2013,1
3112,1977,3,4,22701.0,1,0,2013-09-05,2,2,4,9,0,4,5,1,1,0,3,5,0,0,0,0,0,0,3,11,0,24,4,1,0,0.2,0.2,0.6,0.0,0.16666666666666666,2013,9
10872,1969,4,4,55212.0,0,1,2012-11-23,65,1103,0,45,0,0,34,3,4,2,11,8,0,1,0,0,1,0,3,11,0,1182,17,1,2,0.16666666666666666,0.2222222222222222,0.6111111111111112,0.1111111111111111,0.4444444444444444,2012,11
2181,1970,2,4,70617.0,0,0,2013-06-23,45,353,61,753,40,46,27,1,3,3,7,2,0,0,0,0,0,0,3,11,0,1280,13,0,0,0.07142857142857142,0.21428571428571427,0.5,0.21428571428571427,1.0,2013,6
1867,1957,2,0,64849.0,0,0,2012-11-13,42,652,48,350,94,84,108,1,9,3,6,5,0,0,0,0,0,0,3,11,1,1336,18,0,0,0.05263157894736842,0.47368421052631576,0.3157894736842105,0.15789473684210525,1.5,2012,11
1518,1965,3,4,62694.0,1,1,2013-06-17,29,379,6,157,25,91,91,5,9,3,7,7,0,0,0,0,0,0,3,11,0,749,19,2,0,0.25,0.45,0.35,0.15,1.125,2013,6
5734,1974,4,4,61917.0,1,1,2013-11-20,83,46,4,36,2,2,1,1,2,0,4,5,0,0,0,0,0,0,3,11,0,91,6,2,0,0.14285714285714285,0.2857142857142857,0.5714285714285714,0.0,0.3333333333333333,2013,11
2878,1947,4,4,67472.0,0,1,2013-09-28,93,162,31,127,8,17,69,2,4,2,7,3,0,0,0,0,0,0,3,11,0,414,13,1,0,0.14285714285714285,0.2857142857142857,0.5,0.14285714285714285,1.0,2013,9
1458,1982,3,4,21059.0,1,0,2014-01-07,40,8,3,19,3,3,8,3,3,0,3,6,0,0,0,0,0,0,3,11,0,44,6,1,0,0.42857142857142855,0.42857142857142855,0.42857142857142855,0.0,0.42857142857142855,2014,1
7007,1968,3,4,29543.0,2,0,2014-04-01,47,17,3,18,3,4,18,2,3,1,2,7,0,0,0,0,0,0,3,11,0,63,6,2,0,0.2857142857142857,0.42857142857142855,0.2857142857142857,0.14285714285714285,0.375,2014,4
6200,1951,2,4,75903.0,0,1,2013-04-08,50,340,108,185,130,38,100,2,6,6,9,3,0,0,0,0,0,0,3,11,0,901,21,1,0,0.09090909090909091,0.2727272727272727,0.4090909090909091,0.2727272727272727,1.5,2013,4
1403,1975,1,4,34984.0,1,1,2012-09-06,40,8,4,15,3,5,3,2,1,0,3,7,0,0,0,0,0,0,3,11,0,38,4,2,0,0.4,0.2,0.6,0.0,0.125,2012,9
4827,1956,4,0,54998.0,0,1,2013-03-10,3,154,22,202,39,30,8,5,4,2,9,4,0,0,0,0,0,0,3,11,1,455,15,1,0,0.3125,0.25,0.5625,0.125,0.8,2013,3
6250,1949,4,2,54356.0,0,1,2012-11-19,62,710,15,30,20,0,0,3,11,2,8,8,0,0,0,0,0,0,3,11,1,775,21,1,0,0.13636363636363635,0.5,0.36363636363636365,0.09090909090909091,1.2222222222222223,2012,11
9291,1959,3,4,34242.0,0,1,2014-03-23,25,8,2,4,0,0,1,1,0,0,3,5,0,0,0,0,0,0,3,11,0,15,3,1,0,0.25,0.0,0.75,0.0,0.0,2014,3
2478,1973,2,4,25410.0,1,0,2013-08-31,48,2,2,4,13,13,4,1,1,0,4,4,0,0,0,0,0,0,3,11,0,38,5,1,0,0.16666666666666666,0.16666666666666666,0.6666666666666666,0.0,0.2,2013,8
1139,1984,4,4,73356.0,0,0,2014-02-06,56,1050,14,322,0,14,112,1,5,11,5,2,1,0,1,1,0,0,3,11,1,1512,21,0,3,0.045454545454545456,0.22727272727272727,0.22727272727272727,0.5,1.6666666666666667,2014,2
5138,1950,2,4,28320.0,0,1,2013-01-14,68,19,1,14,3,2,4,1,1,0,3,8,0,0,0,0,0,0,3,11,0,43,4,1,0,0.2,0.2,0.6,0.0,0.1111111111111111,2013,1
5393,1977,2,0,23763.0,1,0,2012-08-07,64,22,0,6,6,2,6,1,1,0,3,7,0,0,0,0,0,0,3,11,0,42,4,1,0,0.2,0.2,0.6,0.0,0.125,2012,8
10413,1984,2,4,72570.0,0,0,2014-04-25,67,274,83,216,151,141,224,1,4,6,12,1,0,0,0,0,0,0,3,11,0,1089,22,0,0,0.043478260869565216,0.17391304347826086,0.5217391304347826,0.2608695652173913,2.0,2014,4
5015,1976,3,4,34529.0,1,0,2012-09-14,94,68,6,38,3,6,41,2,2,2,3,7,0,0,0,0,0,0,3,11,0,162,7,1,0,0.25,0.25,0.375,0.25,0.25,2012,9
10868,1951,2,2,70792.0,0,0,2013-02-06,82,344,45,654,104,11,114,2,3,4,10,3,0,0,0,0,0,0,3,11,0,1272,17,0,0,0.1111111111111111,0.16666666666666666,0.5555555555555556,0.2222222222222222,0.75,2013,2
10676,1982,2,4,63211.0,0,0,2012-11-02,3,145,193,459,205,26,145,2,3,8,7,2,0,0,0,0,0,0,3,11,1,1173,18,0,0,0.10526315789473684,0.15789473684210525,0.3684210526315789,0.42105263157894735,1.0,2012,11
2495,1974,3,4,83891.0,0,1,2014-06-20,24,217,38,350,111,85,15,1,4,7,10,1,0,0,0,0,0,0,3,11,0,816,21,1,0,0.045454545454545456,0.18181818181818182,0.45454545454545453,0.3181818181818182,2.0,2014,6
7842,1968,2,0,36065.0,1,1,2013-03-31,54,18,7,34,10,2,3,3,3,0,3,8,0,0,0,0,0,0,3,11,0,74,6,2,0,0.42857142857142855,0.42857142857142855,0.42857142857142855,0.0,0.3333333333333333,2013,3
9955,1954,2,4,39898.0,0,1,2013-02-12,20,69,8,26,12,7,12,2,3,0,4,7,0,0,0,0,0,0,3,11,0,134,7,1,0,0.25,0.375,0.5,0.0,0.375,2013,2
6663,1940,4,0,51141.0,0,0,2013-07-08,96,144,0,7,0,0,6,1,3,1,4,5,0,0,0,0,0,0,3,11,0,157,8,0,0,0.1111111111111111,0.3333333333333333,0.4444444444444444,0.1111111111111111,0.5,2013,7
2162,1976,2,4,56939.0,0,1,2013-09-18,19,256,34,103,90,29,49,2,3,3,10,3,0,0,0,0,0,0,3,11,0,561,16,1,0,0.11764705882352941,0.17647058823529413,0.5882352941176471,0.17647058823529413,0.75,2013,9
3434,1951,2,0,80872.0,0,0,2014-05-12,60,483,72,567,94,12,108,1,4,4,10,1,0,0,0,0,0,0,3,11,0,1336,18,0,0,0.05263157894736842,0.21052631578947367,0.5263157894736842,0.21052631578947367,2.0,2014,5
7919,1976,4,4,72335.0,0,0,2012-08-13,2,1285,105,653,28,21,0,1,10,4,8,8,0,0,0,0,0,0,3,11,1,2092,22,0,0,0.043478260869565216,0.43478260869565216,0.34782608695652173,0.17391304347826086,1.1111111111111112,2012,8
5626,1964,4,0,61798.0,0,0,2013-11-23,13,338,4,89,11,8,13,1,4,2,9,4,0,0,0,0,0,0,3,11,0,463,15,0,0,0.0625,0.25,0.5625,0.125,0.8,2013,11
6428,1950,4,2,76842.0,0,0,2014-05-03,37,605,10,345,84,54,32,1,1,8,7,0,0,0,0,0,0,0,3,11,0,1130,16,0,0,0.058823529411764705,0.058823529411764705,0.4117647058823529,0.47058823529411764,1.0,2014,5
8514,1976,2,4,29478.0,1,0,2014-01-17,59,8,0,7,3,1,1,1,1,0,3,6,0,0,0,0,0,0,3,11,0,20,4,1,0,0.2,0.2,0.6,0.0,0.14285714285714285,2014,1
10448,1956,2,0,46998.0,0,1,2012-10-22,55,172,41,86,45,6,27,5,5,3,5,7,1,0,0,0,0,0,3,11,0,377,13,1,1,0.35714285714285715,0.35714285714285715,0.35714285714285715,0.21428571428571427,0.625,2012,10
2109,1990,2,0,96843.0,0,0,2013-04-23,60,448,71,951,40,17,17,1,6,11,10,2,0,0,1,0,0,0,3,11,1,1544,27,0,1,0.03571428571428571,0.21428571428571427,0.35714285714285715,0.39285714285714285,2.0,2013,4
7530,1950,4,2,56551.0,1,1,2014-05-07,48,67,4,32,17,2,16,3,2,1,4,4,0,0,0,0,0,0,3,11,0,138,7,2,0,0.375,0.25,0.5,0.125,0.4,2014,5
8925,1965,3,4,70053.0,0,1,2013-07-03,38,512,53,98,81,179,89,3,8,5,10,5,0,0,0,0,0,0,3,11,0,1012,23,1,0,0.125,0.3333333333333333,0.4166666666666667,0.20833333333333334,1.3333333333333333,2013,7
3009,1962,4,2,71670.0,0,0,2013-07-09,8,1462,16,128,0,0,160,1,5,3,6,6,0,1,1,0,1,0,3,11,1,1766,14,0,3,0.06666666666666667,0.3333333333333333,0.4,0.2,0.7142857142857143,2013,7
6355,1978,2,4,44359.0,1,1,2014-06-17,19,20,0,14,7,3,1,3,2,0,4,3,0,0,0,0,0,0,3,11,0,45,6,2,0,0.42857142857142855,0.2857142857142857,0.5714285714285714,0.0,0.5,2014,6
3517,1952,2,0,40887.0,1,1,2013-05-06,32,50,4,44,10,10,43,3,3,1,3,9,0,0,0,0,0,0,3,11,1,161,7,2,0,0.375,0.375,0.375,0.125,0.3,2013,5
1158,1966,2,1,48877.0,0,1,2014-01-05,27,102,1,15,2,0,24,1,3,0,4,7,0,0,0,0,0,0,3,11,0,144,7,1,0,0.125,0.375,0.5,0.0,0.375,2014,1
6203,1947,2,4,74485.0,0,0,2013-08-24,58,499,149,815,173,49,49,1,6,7,12,3,0,0,0,0,0,0,3,11,0,1734,25,0,0,0.038461538461538464,0.23076923076923078,0.46153846153846156,0.2692307692307692,1.5,2013,8
7165,1972,2,4,64474.0,0,1,2013-10-22,59,381,35,172,56,86,93,2,8,2,10,5,0,0,0,0,0,0,3,11,0,823,20,1,0,0.09523809523809523,0.38095238095238093,0.47619047619047616,0.09523809523809523,1.3333333333333333,2013,10
3595,1963,2,4,77226.0,0,1,2014-02-28,29,631,43,239,128,76,21,2,6,8,12,3,0,0,0,0,0,0,3,11,0,1138,26,1,0,0.07407407407407407,0.2222222222222222,0.4444444444444444,0.2962962962962963,1.5,2014,2
8537,1949,2,2,72643.0,0,0,2013-02-27,60,526,80,553,123,94,53,1,3,10,7,2,0,0,0,1,0,0,3,11,1,1429,20,0,1,0.047619047619047616,0.14285714285714285,0.3333333333333333,0.47619047619047616,1.0,2013,2
4331,1978,3,4,85738.0,0,0,2014-01-23,41,913,26,376,17,26,13,1,3,6,11,1,0,1,1,0,0,0,3,11,0,1371,20,0,2,0.047619047619047616,0.14285714285714285,0.5238095238095238,0.2857142857142857,1.5,2014,1
6281,1966,2,1,55686.0,0,1,2013-02-14,27,673,0,199,37,47,26,2,6,3,5,4,1,0,0,0,0,0,3,11,0,982,14,1,1,0.13333333333333333,0.4,0.3333333333333333,0.2,1.2,2013,2
4338,1983,2,0,39062.0,1,0,2014-03-25,28,23,0,9,0,0,12,1,1,0,3,4,1,0,0,0,0,0,3,11,0,44,4,1,1,0.2,0.2,0.6,0.0,0.2,2014,3
2452,1971,2,4,34600.0,1,1,2013-01-01,8,199,33,60,8,3,15,5,5,2,5,8,0,0,0,0,0,0,3,11,1,318,12,2,0,0.38461538461538464,0.38461538461538464,0.38461538461538464,0.15384615384615385,0.5555555555555556,2013,1
9507,1975,2,4,40794.0,0,1,2013-04-07,18,261,23,73,4,23,50,2,6,3,5,7,0,0,0,0,0,0,3,11,0,434,14,1,0,0.13333333333333333,0.4,0.3333333333333333,0.2,0.75,2013,4
8360,1971,1,4,54690.0,1,1,2013-11-07,76,111,16,37,7,9,18,3,3,1,5,3,0,0,0,0,0,0,3,11,0,198,9,2,0,0.3,0.3,0.5,0.1,0.75,2013,11
10311,1969,2,4,4428.0,0,1,2013-10-05,0,16,4,12,2,4,321,0,25,0,0,1,0,0,0,0,0,0,3,11,0,359,25,1,0,0.0,0.9615384615384616,0.0,0.0,12.5,2013,10
5117,1963,1,4,32632.0,0,0,2012-08-02,32,63,151,137,153,19,53,2,4,4,8,5,0,0,0,0,0,0,3,11,0,576,16,0,0,0.11764705882352941,0.23529411764705882,0.47058823529411764,0.23529411764705882,0.6666666666666666,2012,8
4867,1968,4,0,38236.0,1,1,2013-09-20,2,58,0,18,2,0,10,4,3,0,4,7,0,0,0,0,0,0,3,11,0,88,7,2,0,0.5,0.375,0.5,0.0,0.375,2013,9
9289,1979,2,4,36781.0,1,0,2014-04-10,16,29,1,17,0,3,13,1,2,1,2,8,0,0,0,0,0,0,3,11,1,63,5,1,0,0.16666666666666666,0.3333333333333333,0.3333333333333333,0.16666666666666666,0.2222222222222222,2014,4
10913,1984,3,0,31385.0,1,0,2012-12-05,56,3,2,12,0,1,9,1,1,0,2,8,1,0,0,0,0,0,3,11,1,27,3,1,1,0.25,0.25,0.5,0.0,0.1111111111111111,2012,12
3032,1984,2,4,24570.0,1,0,2013-02-27,97,28,34,62,11,14,44,3,4,0,4,9,0,0,0,0,0,0,3,11,0,193,8,1,0,0.3333333333333333,0.4444444444444444,0.4444444444444444,0.0,0.4,2013,2
8524,1974,4,1,25509.0,1,0,2012-09-18,15,40,3,30,10,7,11,3,3,0,3,9,0,0,0,0,0,0,3,11,1,101,6,1,0,0.42857142857142855,0.42857142857142855,0.42857142857142855,0.0,0.3,2012,9
3334,1951,2,4,94642.0,0,0,2014-02-12,35,879,143,797,106,143,143,0,5,7,9,1,0,0,1,1,0,0,3,11,0,2211,21,0,2,0.0,0.22727272727272727,0.4090909090909091,0.3181818181818182,2.5,2014,2
4470,1962,3,4,58646.0,0,1,2013-06-10,3,62,1,44,6,5,22,1,2,1,4,4,0,0,0,0,0,0,3,11,0,140,7,1,0,0.125,0.25,0.5,0.125,0.4,2013,6
1406,1975,2,0,53201.0,1,1,2013-02-12,49,280,7,81,20,0,27,8,6,3,5,7,0,0,0,0,0,0,3,11,0,415,14,2,0,0.5333333333333333,0.4,0.3333333333333333,0.2,0.75,2013,2
8619,1957,2,4,21994.0,0,1,2012-12-24,4,9,0,6,3,1,3,1,0,0,3,5,0,0,0,0,0,0,3,11,0,22,3,1,0,0.25,0.0,0.75,0.0,0.0,2012,12
10821,1978,2,4,57113.0,1,1,2013-02-06,45,182,4,33,0,2,42,6,4,1,5,7,0,0,0,0,0,0,3,11,0,263,10,2,0,0.5454545454545454,0.36363636363636365,0.45454545454545453,0.09090909090909091,0.5,2013,2
4552,1991,2,4,51373.0,0,0,2013-06-22,37,83,2,101,64,26,117,1,3,5,3,4,0,0,0,0,0,0,3,11,0,393,11,0,0,0.08333333333333333,0.25,0.25,0.4166666666666667,0.6,2013,6
898,1986,2,4,23477.0,1,0,2013-10-21,39,38,15,54,3,8,29,3,3,0,4,8,0,0,0,0,0,0,3,11,0,147,7,1,0,0.375,0.375,0.5,0.0,0.3333333333333333,2013,10
9797,1956,2,4,58116.0,0,1,2014-04-13,38,228,19,130,4,11,51,2,3,3,8,2,0,0,0,0,0,0,3,11,0,443,14,1,0,0.13333333333333333,0.2,0.5333333333333333,0.2,1.0,2014,4
10949,1963,4,1,72968.0,0,0,2013-12-16,8,1092,37,592,145,37,55,1,5,5,8,3,0,0,0,1,0,0,3,11,1,1958,18,0,1,0.05263157894736842,0.2631578947368421,0.42105263157894735,0.2631578947368421,1.25,2013,12
8212,1971,3,4,39791.0,0,1,2013-03-28,89,85,15,27,13,13,21,2,3,1,4,7,0,0,0,0,0,0,3,11,0,174,8,1,0,0.2222222222222222,0.3333333333333333,0.4444444444444444,0.1111111111111111,0.375,2013,3
6248,1947,3,0,91712.0,0,0,2013-10-17,47,1276,24,746,94,29,48,0,9,7,11,3,0,0,1,0,0,0,3,11,1,2217,27,0,1,0.0,0.32142857142857145,0.39285714285714285,0.25,2.25,2013,10
10164,1958,2,0,94472.0,0,1,2014-04-03,75,1017,33,417,108,100,16,1,5,5,5,5,0,1,1,0,0,0,3,11,0,1691,15,1,2,0.0625,0.3125,0.3125,0.3125,0.8333333333333334,2014,4
4547,1960,2,4,13672.0,1,1,2013-04-17,86,6,2,9,2,1,5,2,1,0,3,8,0,0,0,0,0,0,3,11,0,25,4,2,0,0.4,0.2,0.6,0.0,0.1111111111111111,2013,4
6815,1980,1,4,96547.0,0,0,2014-05-23,4,448,21,125,52,101,62,0,7,6,8,2,1,0,1,1,0,0,3,11,1,809,21,0,3,0.0,0.3181818181818182,0.36363636363636365,0.2727272727272727,2.3333333333333335,2014,5
4122,1975,2,4,79205.0,0,0,2012-08-29,73,504,23,117,179,28,44,1,6,5,4,4,0,0,0,1,0,0,3,11,1,895,15,0,1,0.0625,0.375,0.25,0.3125,1.2,2012,8
10841,1975,4,4,56559.0,0,1,2012-12-25,46,226,22,133,41,31,31,3,4,3,8,4,0,0,0,0,0,0,3,11,0,484,15,1,0,0.1875,0.25,0.5,0.1875,0.8,2012,12
5370,1973,4,4,32644.0,1,0,2013-01-16,38,239,3,141,0,7,23,4,7,1,6,8,1,0,0,0,0,0,3,11,0,413,14,1,1,0.26666666666666666,0.4666666666666667,0.4,0.06666666666666667,0.7777777777777778,2013,1
176,1980,1,0,67506.0,0,1,2014-01-02,73,90,38,67,33,36,67,1,4,1,6,3,0,0,0,0,0,0,3,11,0,331,11,1,0,0.08333333333333333,0.3333333333333333,0.5,0.08333333333333333,1.0,2014,1
4860,1970,2,0,24206.0,1,0,2013-03-08,66,7,2,8,3,2,3,1,1,0,3,6,0,0,0,0,0,0,3,11,0,25,4,1,0,0.2,0.2,0.6,0.0,0.14285714285714285,2013,3
10757,1967,4,1,28420.0,1,0,2013-12-24,36,4,2,5,2,0,0,1,1,0,2,6,0,0,0,0,0,0,3,11,0,13,3,1,0,0.25,0.25,0.5,0.0,0.14285714285714285,2013,12
4023,1970,2,4,22979.0,1,0,2012-09-06,29,16,17,19,20,21,22,3,3,2,2,8,0,0,0,0,0,0,3,11,1,115,7,1,0,0.375,0.375,0.25,0.25,0.3333333333333333,2012,9
6679,1966,2,0,33279.0,0,0,2014-06-12,29,10,3,3,0,0,0,1,0,0,3,3,0,0,0,0,0,0,3,11,0,16,3,0,0,0.25,0.0,0.75,0.0,0.0,2014,6
9923,1972,3,0,46423.0,1,1,2013-09-18,6,68,0,16,0,0,8,3,2,0,4,7,0,0,0,0,0,0,3,11,0,92,6,2,0,0.42857142857142855,0.2857142857142857,0.5714285714285714,0.0,0.25,2013,9
7181,1977,2,4,30368.0,0,1,2013-11-07,97,35,0,13,2,0,2,2,2,0,3,8,0,0,0,0,0,0,3,11,0,52,5,1,0,0.3333333333333333,0.3333333333333333,0.5,0.0,0.2222222222222222,2013,11
3599,1970,2,4,63684.0,0,1,2012-11-26,61,575,80,428,208,93,80,3,8,4,8,5,0,0,0,0,0,0,3,11,0,1464,20,1,0,0.14285714285714285,0.38095238095238093,0.38095238095238093,0.19047619047619047,1.3333333333333333,2012,11
405,1964,2,1,41638.0,0,1,2013-02-13,68,315,0,31,4,0,91,4,5,5,3,8,1,0,0,0,0,0,3,11,0,441,13,1,1,0.2857142857142857,0.35714285714285715,0.21428571428571427,0.35714285714285715,0.5555555555555556,2013,2
6870,1959,4,1,68805.0,0,1,2013-09-17,73,182,2,49,17,13,20,1,3,1,7,2,0,0,0,0,0,0,3,11,0,283,11,1,0,0.08333333333333333,0.25,0.5833333333333334,0.08333333333333333,1.0,2013,9
832,1966,4,4,65814.0,0,1,2014-03-02,90,561,14,113,10,14,35,3,8,2,10,5,0,0,0,0,0,0,3,11,0,747,20,1,0,0.14285714285714285,0.38095238095238093,0.47619047619047616,0.09523809523809523,1.3333333333333333,2014,3
2002,1958,2,1,71964.0,0,0,2013-05-20,81,587,51,932,180,34,86,1,5,6,5,3,0,0,0,0,0,0,3,11,0,1870,16,0,0,0.058823529411764705,0.29411764705882354,0.29411764705882354,0.35294117647058826,1.25,2013,5
3657,1986,2,0,39146.0,1,0,2013-02-14,1,94,1,33,13,12,12,3,4,0,4,8,0,0,0,0,0,0,3,11,0,165,8,1,0,0.3333333333333333,0.4444444444444444,0.4444444444444444,0.0,0.4444444444444444,2013,2
500,1977,2,4,96876.0,0,0,2013-08-06,79,908,43,735,40,194,21,1,7,7,9,2,0,1,1,1,0,0,3,11,1,1941,23,0,3,0.041666666666666664,0.2916666666666667,0.375,0.2916666666666667,2.3333333333333335,2013,8
1951,1981,0,4,34445.0,0,0,2013-01-27,92,228,122,122,208,129,30,6,11,2,8,9,0,0,0,0,0,0,3,11,0,839,21,0,0,0.2727272727272727,0.5,0.36363636363636365,0.09090909090909091,1.1,2013,1
3262,1958,2,0,68281.0,0,0,2012-08-07,31,995,112,417,42,48,41,1,2,9,13,5,0,0,0,0,0,0,3,11,1,1655,24,0,0,0.04,0.08,0.52,0.36,0.3333333333333333,2012,8
4102,1975,1,4,37284.0,1,1,2013-03-29,46,11,1,2,2,1,6,1,0,0,3,6,0,0,0,0,0,0,3,11,0,23,3,2,0,0.25,0.0,0.75,0.0,0.0,2013,3
7042,1983,2,4,36790.0,0,0,2013-03-01,14,3,3,14,15,21,10,1,2,1,2,9,0,0,0,0,0,0,3,11,1,66,5,0,0,0.16666666666666666,0.3333333333333333,0.3333333333333333,0.16666666666666666,0.2,2013,3
10598,1967,2,4,27943.0,1,1,2013-04-15,89,12,1,16,4,1,3,3,2,0,3,8,0,0,0,0,0,0,3,11,0,37,5,2,0,0.5,0.3333333333333333,0.5,0.0,0.2222222222222222,2013,4
255,1951,2,1,22263.0,1,1,2014-03-30,31,17,0,2,0,0,2,2,1,0,3,6,0,0,0,0,0,1,3,11,0,21,4,2,0,0.4,0.2,0.6,0.0,0.14285714285714285,2014,3
2375,1972,2,4,30261.0,1,2,2012-09-25,75,8,0,5,0,3,6,1,0,0,3,8,0,0,0,0,0,0,3,11,0,22,3,3,0,0.25,0.0,0.75,0.0,0.0,2012,9
9829,1978,2,4,28587.0,1,0,2014-02-12,42,22,4,17,12,10,13,3,2,0,4,6,0,0,0,0,0,0,3,11,0,78,6,1,0,0.42857142857142855,0.2857142857142857,0.5714285714285714,0.0,0.2857142857142857,2014,2
6214,1982,3,4,43815.0,1,0,2013-04-05,53,14,10,29,4,7,15,1,2,0,3,6,0,0,0,0,0,0,3,11,0,79,5,1,0,0.16666666666666666,0.3333333333333333,0.5,0.0,0.2857142857142857,2013,4
4954,1956,2,4,48195.0,1,1,2014-01-21,53,106,27,68,52,7,5,6,4,2,5,6,0,0,0,0,0,0,3,11,0,265,11,2,0,0.5,0.3333333333333333,0.4166666666666667,0.16666666666666666,0.5714285714285714,2014,1
7861,1952,3,4,77027.0,0,1,2014-02-05,23,820,57,242,45,0,11,2,8,3,6,4,0,0,0,0,0,0,3,11,0,1175,17,1,0,0.1111111111111111,0.4444444444444444,0.3333333333333333,0.16666666666666666,1.6,2014,2
4837,1965,4,4,71322.0,0,1,2013-02-16,57,753,43,226,69,10,204,2,8,5,13,4,0,0,0,0,0,0,3,11,0,1305,26,1,0,0.07407407407407407,0.2962962962962963,0.48148148148148145,0.18518518518518517,1.6,2013,2
9423,1979,3,4,32765.0,1,0,2014-02-23,49,13,3,17,7,3,3,2,2,0,4,5,0,0,0,0,0,0,3,11,0,46,6,1,0,0.2857142857142857,0.2857142857142857,0.5714285714285714,0.0,0.3333333333333333,2014,2
4198,1965,2,4,29672.0,1,1,2013-03-12,6,9,1,3,0,4,8,1,0,0,3,6,0,0,0,0,0,0,3,11,0,25,3,2,0,0.25,0.0,0.75,0.0,0.0,2013,3
153,1953,2,1,23272.0,0,0,2013-10-17,29,19,3,6,4,2,12,1,1,0,3,4,0,0,0,0,0,0,3,11,0,46,4,0,0,0.2,0.2,0.6,0.0,0.2,2013,10
9323,1949,3,4,49912.0,0,1,2012-09-07,5,520,8,223,32,49,42,4,10,5,7,8,1,0,0,0,0,0,3,11,1,874,22,1,1,0.17391304347826086,0.43478260869565216,0.30434782608695654,0.21739130434782608,1.1111111111111112,2012,9
10001,1985,1,4,7500.0,1,0,2012-08-01,98,5,17,17,13,14,34,4,2,1,3,9,0,0,0,0,0,0,3,11,0,100,6,1,0,0.5714285714285714,0.2857142857142857,0.42857142857142855,0.14285714285714285,0.2,2012,8
3945,1947,4,2,68117.0,0,1,2013-03-10,80,618,44,215,0,17,36,2,11,8,4,6,1,0,0,0,0,0,3,11,1,930,23,1,1,0.08333333333333333,0.4583333333333333,0.16666666666666666,0.3333333333333333,1.5714285714285714,2013,3
3799,1955,2,4,67225.0,0,1,2013-11-26,4,315,35,322,46,7,143,3,7,2,11,5,0,0,0,0,0,0,3,11,0,868,20,1,0,0.14285714285714285,0.3333333333333333,0.5238095238095238,0.09523809523809523,1.1666666666666667,2013,11
8625,1976,2,4,17649.0,1,0,2013-11-12,70,15,1,23,0,5,1,3,3,0,3,8,0,0,0,0,0,0,3,11,0,45,6,1,0,0.42857142857142855,0.42857142857142855,0.42857142857142855,0.0,0.3333333333333333,2013,11
3491,1975,2,4,55914.0,0,1,2013-04-29,32,384,60,364,119,101,232,4,11,6,8,7,0,0,0,0,0,0,3,11,0,1260,25,1,0,0.15384615384615385,0.4230769230769231,0.3076923076923077,0.23076923076923078,1.375,2013,4
983,1984,2,4,40059.0,1,0,2013-09-28,82,110,29,92,28,10,145,1,6,2,3,8,1,0,0,0,0,0,3,11,0,414,11,1,1,0.08333333333333333,0.5,0.25,0.16666666666666666,0.6666666666666666,2013,9
9119,1950,2,4,60905.0,0,1,2013-12-05,27,208,17,76,36,17,38,2,3,3,7,2,0,0,0,0,0,0,3,11,0,392,13,1,0,0.14285714285714285,0.21428571428571427,0.5,0.21428571428571427,1.0,2013,12
4786,1977,2,4,75330.0,1,1,2012-10-04,94,555,82,257,93,61,61,4,10,3,12,6,0,0,0,0,0,0,3,11,0,1109,25,2,0,0.15384615384615385,0.38461538461538464,0.46153846153846156,0.11538461538461539,1.4285714285714286,2012,10
5872,1951,2,0,60689.0,0,1,2013-06-01,23,240,90,216,63,6,24,4,4,4,10,3,0,0,0,0,0,0,3,11,0,639,18,1,0,0.21052631578947367,0.21052631578947367,0.5263157894736842,0.21052631578947367,1.0,2013,6
6568,1984,2,4,38680.0,1,0,2013-03-28,97,11,0,36,15,5,12,1,2,0,3,7,0,0,0,0,0,0,3,11,0,79,5,1,0,0.16666666666666666,0.3333333333333333,0.5,0.0,0.25,2013,3
5628,1982,2,4,61416.0,0,0,2013-02-08,25,848,154,323,201,61,78,1,10,3,10,6,1,0,0,0,0,0,3,11,0,1665,23,0,1,0.041666666666666664,0.4166666666666667,0.4166666666666667,0.125,1.4285714285714286,2013,2
5631,1991,2,0,49767.0,0,0,2013-05-02,92,202,47,197,55,42,149,1,5,4,8,4,0,0,0,0,0,0,3,11,0,692,17,0,0,0.05555555555555555,0.2777777777777778,0.4444444444444444,0.2222222222222222,1.0,2013,5
4974,1970,2,0,83273.0,1,2,2012-09-25,98,433,89,650,16,102,102,10,4,6,9,7,0,0,0,0,0,0,3,11,0,1392,19,3,0,0.5,0.2,0.45,0.3,0.5,2012,9
8416,1981,2,4,29009.0,1,0,2013-11-29,19,6,6,15,10,5,2,2,2,0,3,6,0,0,0,0,0,0,3,11,0,44,5,1,0,0.3333333333333333,0.3333333333333333,0.5,0.0,0.2857142857142857,2013,11
5454,1979,3,4,45057.0,1,0,2013-12-01,80,37,0,7,3,0,3,1,2,0,3,5,0,0,0,0,0,0,3,11,0,50,5,1,0,0.16666666666666666,0.3333333333333333,0.5,0.0,0.3333333333333333,2013,12
4095,1971,2,4,37150.0,1,0,2012-09-11,80,167,37,64,49,34,116,8,4,3,6,7,0,0,0,0,0,0,3,11,0,467,13,1,0,0.5714285714285714,0.2857142857142857,0.42857142857142855,0.21428571428571427,0.5,2012,9
5474,1970,2,0,43020.0,1,0,2013-11-30,79,45,7,99,4,25,43,3,4,1,4,6,0,0,0,0,0,0,3,11,0,223,9,1,0,0.3,0.4,0.4,0.1,0.5714285714285714,2013,11
4268,1959,2,4,53154.0,0,1,2014-06-09,50,129,0,21,0,1,7,1,3,1,4,4,0,0,0,0,0,0,3,11,0,158,8,1,0,0.1111111111111111,0.3333333333333333,0.4444444444444444,0.1111111111111111,0.6,2014,6
10701,1973,2,4,65308.0,0,0,2013-09-11,60,713,0,264,120,80,34,1,7,8,12,4,0,0,1,1,0,0,3,11,0,1211,27,0,2,0.03571428571428571,0.25,0.42857142857142855,0.2857142857142857,1.4,2013,9
3507,1970,2,0,76467.0,1,0,2012-08-17,44,676,161,426,210,44,58,2,2,5,5,6,0,0,0,0,0,0,3,11,1,1575,12,1,0,0.15384615384615385,0.15384615384615385,0.38461538461538464,0.38461538461538464,0.2857142857142857,2012,8
2079,1947,1,4,81044.0,0,0,2013-12-27,0,450,26,535,73,98,26,1,5,6,10,1,0,0,0,0,0,0,3,11,0,1208,21,0,0,0.045454545454545456,0.22727272727272727,0.45454545454545453,0.2727272727272727,2.5,2013,12
626,1951,2,4,32871.0,1,1,2013-03-09,28,22,2,12,0,2,5,1,1,0,3,4,0,0,0,0,0,0,3,11,0,43,4,2,0,0.2,0.2,0.6,0.0,0.2,2013,3
4426,1975,2,0,55801.0,1,1,2013-09-22,35,367,4,51,6,4,95,6,7,2,6,7,0,0,0,1,0,0,3,11,0,527,15,2,1,0.375,0.4375,0.375,0.125,0.875,2013,9
2591,1959,2,2,76320.0,0,1,2014-06-22,49,526,35,214,69,53,35,2,6,3,4,2,0,0,0,0,0,0,3,11,0,932,13,1,0,0.14285714285714285,0.42857142857142855,0.2857142857142857,0.21428571428571427,2.0,2014,6
10509,1955,3,0,36927.0,1,1,2014-06-02,46,51,0,16,0,0,4,2,3,0,3,8,0,0,0,0,0,0,3,11,0,71,6,2,0,0.2857142857142857,0.42857142857142855,0.42857142857142855,0.0,0.3333333333333333,2014,6
6382,1953,2,4,48794.0,1,1,2014-06-26,97,25,0,11,3,0,15,1,1,0,3,4,0,0,0,0,0,0,3,11,0,54,4,2,0,0.2,0.2,0.6,0.0,0.2,2014,6
6673,1965,2,0,23478.0,0,0,2013-03-19,51,28,6,27,12,17,39,1,3,0,3,8,0,0,0,0,0,0,3,11,0,129,6,0,0,0.14285714285714285,0.42857142857142855,0.42857142857142855,0.0,0.3333333333333333,2013,3
7441,1973,2,1,71128.0,1,0,2012-10-06,80,958,159,447,20,0,31,3,2,10,12,7,0,0,0,0,0,0,3,11,0,1615,24,1,0,0.12,0.08,0.48,0.4,0.25,2012,10
1071,1976,4,1,70179.0,0,1,2013-07-21,10,532,88,168,69,44,133,3,7,3,13,5,0,0,0,0,0,0,3,11,0,1034,23,1,0,0.125,0.2916666666666667,0.5416666666666666,0.125,1.1666666666666667,2013,7
10061,1950,2,4,59462.0,0,1,2013-01-05,29,724,17,143,0,8,196,2,9,2,12,7,0,0,0,0,0,0,3,11,0,1088,23,1,0,0.08333333333333333,0.375,0.5,0.08333333333333333,1.125,2013,1
8775,1969,2,4,38361.0,1,0,2013-12-27,74,39,0,56,20,8,14,3,3,1,3,7,0,0,0,0,0,0,3,11,0,137,7,1,0,0.375,0.375,0.375,0.125,0.375,2013,12
2345,1982,4,4,70038.0,0,0,2013-10-25,54,587,54,348,71,54,130,1,4,4,8,2,0,0,0,0,0,0,3,11,0,1244,16,0,0,0.058823529411764705,0.23529411764705882,0.47058823529411764,0.23529411764705882,1.3333333333333333,2013,10
322,1978,2,4,42554.0,1,1,2013-01-12,93,29,1,11,0,0,0,2,2,0,3,4,0,0,0,0,0,0,3,11,0,41,5,2,0,0.3333333333333333,0.3333333333333333,0.5,0.0,0.4,2013,1
10897,1974,2,4,67445.0,0,1,2012-08-12,63,757,80,217,29,80,11,5,9,6,12,6,0,0,0,0,0,0,3,11,0,1174,27,1,0,0.17857142857142858,0.32142857142857145,0.42857142857142855,0.21428571428571427,1.2857142857142858,2012,8
123,1951,2,2,67046.0,0,1,2013-01-06,92,544,35,133,23,151,107,2,4,5,4,2,0,0,0,0,0,0,3,11,0,993,13,1,0,0.14285714285714285,0.2857142857142857,0.2857142857142857,0.35714285714285715,1.3333333333333333,2013,1
6103,1948,2,4,42192.0,0,0,2013-09-06,40,40,15,15,17,6,7,1,2,1,3,4,0,0,0,0,0,0,3,11,0,100,6,0,0,0.14285714285714285,0.2857142857142857,0.42857142857142855,0.14285714285714285,0.4,2013,9
7899,1952,4,4,77610.0,0,1,2012-10-29,70,1245,33,332,21,33,16,2,4,7,4,7,0,0,0,0,0,0,3,11,0,1680,15,1,0,0.125,0.25,0.25,0.4375,0.5,2012,10
10500,1984,2,4,31761.0,1,0,2014-04-05,96,19,1,20,16,14,28,2,3,0,4,5,0,0,0,0,0,0,3,11,0,98,7,1,0,0.25,0.375,0.5,0.0,0.5,2014,4
1655,1979,2,4,34350.0,1,0,2013-10-19,81,16,3,15,2,1,11,1,1,0,3,7,0,0,0,0,0,0,3,11,0,48,4,1,0,0.2,0.2,0.6,0.0,0.125,2013,10
2406,1949,2,4,54591.0,0,1,2013-08-05,63,376,4,94,12,9,24,3,6,2,8,5,0,0,0,0,0,0,3,11,0,519,16,1,0,0.17647058823529413,0.35294117647058826,0.47058823529411764,0.11764705882352941,1.0,2013,8
2712,1956,2,4,71866.0,0,1,2013-12-25,85,184,178,178,103,39,33,1,6,3,10,3,0,0,0,0,0,0,3,11,0,715,19,1,0,0.05,0.3,0.5,0.15,1.5,2013,12
5517,1969,2,4,25293.0,1,0,2013-09-15,51,15,0,11,0,2,9,1,1,1,2,8,0,0,0,0,0,0,3,11,0,37,4,1,0,0.2,0.2,0.4,0.2,0.1111111111111111,2013,9
10643,1987,4,0,42000.0,0,0,2013-01-10,23,124,83,267,85,59,35,2,5,2,11,5,0,0,0,0,0,0,3,11,1,653,18,0,0,0.10526315789473684,0.2631578947368421,0.5789473684210527,0.10526315789473684,0.8333333333333334,2013,1
2254,1983,2,4,69520.0,0,0,2013-07-07,95,627,120,414,121,80,93,1,9,6,5,5,0,0,0,0,0,0,3,11,0,1455,20,0,0,0.047619047619047616,0.42857142857142855,0.23809523809523808,0.2857142857142857,1.5,2013,7
10281,1970,2,1,64713.0,1,0,2014-02-07,11,180,60,241,13,54,54,2,5,5,7,4,0,0,0,0,0,0,3,11,1,602,17,1,0,0.1111111111111111,0.2777777777777778,0.3888888888888889,0.2777777777777778,1.0,2014,2
6958,1977,3,4,27889.0,1,0,2013-07-05,42,14,0,4,0,0,8,1,1,1,2,6,0,0,0,0,0,0,3,11,0,26,4,1,0,0.2,0.2,0.4,0.2,0.14285714285714285,2013,7
954,1960,0,2,22123.0,0,0,2014-03-27,77,3,3,24,34,7,31,1,2,1,3,5,0,0,0,0,0,0,3,11,0,102,6,0,0,0.14285714285714285,0.2857142857142857,0.42857142857142855,0.14285714285714285,0.3333333333333333,2014,3
4643,1973,2,4,27803.0,1,0,2012-08-26,40,8,26,46,38,9,49,2,3,0,4,8,0,0,0,0,0,0,3,11,0,176,7,1,0,0.25,0.375,0.5,0.0,0.3333333333333333,2012,8
6497,1960,2,4,51651.0,0,1,2012-11-07,32,293,6,23,13,6,92,4,6,2,5,8,0,0,0,0,0,0,3,11,0,433,13,1,0,0.2857142857142857,0.42857142857142855,0.35714285714285715,0.14285714285714285,0.6666666666666666,2012,11
5396,1988,2,4,68487.0,0,0,2013-01-13,48,758,12,385,33,89,89,1,9,7,13,4,0,0,0,0,0,0,3,11,0,1366,29,0,0,0.03333333333333333,0.3,0.43333333333333335,0.23333333333333334,1.8,2013,1
1052,1969,2,4,56796.0,0,1,2013-02-16,24,656,38,161,62,47,37,3,8,9,7,7,0,0,0,0,0,0,3,11,0,1001,24,1,0,0.12,0.32,0.28,0.36,1.0,2013,2
2802,1992,1,4,87000.0,0,0,2012-12-15,61,196,25,607,67,17,49,1,4,6,7,2,0,0,0,0,0,0,3,11,0,961,17,0,0,0.05555555555555555,0.2222222222222222,0.3888888888888889,0.3333333333333333,1.3333333333333333,2012,12
6343,1959,2,4,79823.0,0,1,2014-03-31,6,835,73,380,114,73,43,1,6,9,7,2,0,1,0,0,0,0,3,11,0,1518,22,1,1,0.043478260869565216,0.2608695652173913,0.30434782608695654,0.391304347826087,2.0,2014,3
6507,1980,2,0,30828.0,1,0,2013-10-04,16,16,11,15,2,0,12,2,1,1,4,3,0,0,0,0,0,0,3,11,0,56,6,1,0,0.2857142857142857,0.14285714285714285,0.5714285714285714,0.14285714285714285,0.25,2013,10
7901,1971,3,4,34109.0,0,1,2013-11-06,39,9,1,5,2,1,4,1,0,0,3,4,0,0,0,0,0,0,3,11,0,22,3,1,0,0.25,0.0,0.75,0.0,0.0,2013,11
4865,1974,3,1,53367.0,1,1,2013-08-31,2,229,7,140,10,3,11,7,5,1,8,7,0,0,0,0,0,0,3,11,1,400,14,2,0,0.4666666666666667,0.3333333333333333,0.5333333333333333,0.06666666666666667,0.625,2013,8
2686,1969,0,4,22390.0,0,0,2013-10-21,49,0,1,4,15,1,5,1,1,0,2,7,0,0,0,0,0,0,3,11,0,26,3,0,0,0.25,0.25,0.5,0.0,0.125,2013,10
3107,1976,2,4,71322.0,0,1,2014-05-02,31,121,24,124,24,15,42,1,4,1,7,2,0,0,0,0,0,0,3,11,0,350,12,1,0,0.07692307692307693,0.3076923076923077,0.5384615384615384,0.07692307692307693,1.3333333333333333,2014,5
7734,1993,2,3,79244.0,0,0,2012-12-19,58,471,102,125,212,61,245,1,4,10,7,1,0,0,1,1,0,0,3,11,1,1216,21,0,2,0.045454545454545456,0.18181818181818182,0.3181818181818182,0.45454545454545453,2.0,2012,12
1146,1949,3,4,49912.0,0,1,2012-09-07,5,520,8,223,32,49,42,4,10,5,7,8,1,0,0,0,0,0,3,11,1,874,22,1,1,0.17391304347826086,0.43478260869565216,0.30434782608695654,0.21739130434782608,1.1111111111111112,2012,9
11031,1950,4,4,48699.0,1,1,2013-05-21,90,26,1,10,2,0,1,1,1,0,3,5,0,0,0,0,0,0,3,11,0,40,4,2,0,0.2,0.2,0.6,0.0,0.16666666666666666,2013,5
7428,1975,2,4,80144.0,0,0,2013-09-30,47,240,132,445,250,192,108,1,3,7,8,1,0,0,0,0,0,0,3,11,0,1367,18,0,0,0.05263157894736842,0.15789473684210525,0.42105263157894735,0.3684210526315789,1.5,2013,9
975,1956,2,0,54252.0,1,1,2013-05-28,25,178,4,26,8,4,44,5,4,1,5,6,0,0,0,0,0,0,3,11,0,264,10,2,0,0.45454545454545453,0.36363636363636365,0.45454545454545453,0.09090909090909091,0.5714285714285714,2013,5
1103,1976,3,4,81929.0,1,0,2012-09-29,60,1486,55,278,49,0,185,2,4,4,10,6,1,0,1,0,0,0,3,11,1,2053,18,1,2,0.10526315789473684,0.21052631578947367,0.5263157894736842,0.21052631578947367,0.5714285714285714,2012,9
3422,1975,2,4,76068.0,0,1,2012-11-29,67,1115,12,128,33,12,76,1,2,3,4,6,0,1,0,0,1,0,3,11,0,1376,9,1,2,0.1,0.2,0.4,0.3,0.2857142857142857,2012,11
1055,1976,3,4,53204.0,1,1,2014-03-20,40,29,0,8,2,0,6,1,1,0,3,4,0,0,0,0,0,0,3,11,0,45,4,2,0,0.2,0.2,0.6,0.0,0.2,2014,3
6544,1949,4,4,67911.0,0,1,2014-05-22,63,529,0,356,63,28,0,3,6,7,11,3,0,0,0,0,0,0,3,11,0,976,24,1,0,0.12,0.24,0.44,0.28,1.5,2014,5
1241,1984,1,4,14796.0,1,0,2012-09-17,1,13,3,8,7,4,16,2,1,0,3,9,0,0,0,0,0,0,3,11,1,51,4,1,0,0.4,0.2,0.6,0.0,0.1,2012,9
2909,1974,4,4,78128.0,0,1,2014-02-19,89,934,24,230,16,24,36,2,8,4,6,3,0,1,1,0,0,0,3,11,0,1264,18,1,2,0.10526315789473684,0.42105263157894735,0.3157894736842105,0.21052631578947367,2.0,2014,2
5802,1972,0,4,14188.0,0,0,2013-02-28,40,2,7,11,16,12,27,1,2,0,4,6,0,0,0,0,0,0,3,11,0,75,6,0,0,0.14285714285714285,0.2857142857142857,0.5714285714285714,0.0,0.2857142857142857,2013,2
1407,1986,0,4,20425.0,1,0,2012-10-29,5,4,12,5,3,16,17,2,2,0,3,7,0,0,0,0,0,0,3,11,0,57,5,1,0,0.3333333333333333,0.3333333333333333,0.5,0.0,0.25,2012,10
6183,1962,3,4,58646.0,0,1,2013-06-10,3,62,1,44,6,5,22,1,2,1,4,4,0,0,0,0,0,0,3,11,0,140,7,1,0,0.125,0.25,0.5,0.125,0.4,2013,6
340,1970,2,1,72967.0,0,1,2012-12-15,1,158,35,179,0,0,125,2,7,2,8,5,1,0,0,0,0,0,3,11,1,497,17,1,1,0.1111111111111111,0.3888888888888889,0.4444444444444444,0.1111111111111111,1.1666666666666667,2012,12
5991,1949,3,4,48150.0,0,1,2013-06-08,24,173,2,39,3,2,47,3,5,1,4,7,0,0,0,0,0,0,3,11,0,266,10,1,0,0.2727272727272727,0.45454545454545453,0.36363636363636365,0.09090909090909091,0.625,2013,6
3104,1961,2,0,82332.0,0,0,2012-09-17,89,830,59,968,51,79,19,1,5,3,12,2,0,0,1,0,0,0,3,11,1,2006,20,0,1,0.047619047619047616,0.23809523809523808,0.5714285714285714,0.14285714285714285,1.6666666666666667,2012,9
9729,1955,2,2,58275.0,1,1,2013-06-02,48,189,10,253,56,43,64,6,8,2,7,7,0,0,0,0,0,0,3,11,0,615,17,2,0,0.3333333333333333,0.4444444444444444,0.3888888888888889,0.1111111111111111,1.0,2013,6
1008,1981,4,4,44953.0,0,0,2012-12-21,31,728,17,133,11,8,124,1,7,3,13,6,1,0,0,0,0,0,3,11,0,1021,23,0,1,0.041666666666666664,0.2916666666666667,0.5416666666666666,0.125,1.0,2012,12
11091,1953,2,4,34587.0,1,1,2014-05-16,68,7,2,9,2,0,2,2,1,0,3,4,0,0,0,0,0,0,3,11,0,22,4,2,0,0.4,0.2,0.6,0.0,0.2,2014,5
3969,1974,3,4,43018.0,0,1,2013-11-01,46,35,4,17,7,6,64,1,2,2,2,5,0,0,0,0,0,0,3,11,0,133,6,1,0,0.14285714285714285,0.2857142857142857,0.2857142857142857,0.2857142857142857,0.3333333333333333,2013,11
1916,1954,3,4,45736.0,0,1,2013-07-24,92,188,3,180,20,3,43,5,7,1,6,7,0,0,0,0,0,0,3,11,0,437,14,1,0,0.3333333333333333,0.4666666666666667,0.4,0.06666666666666667,0.875,2013,7
9907,1969,3,4,66476.0,0,1,2013-12-04,80,742,28,152,25,9,57,2,6,8,10,4,0,0,0,0,0,0,3,11,0,1013,24,1,0,0.08,0.24,0.4,0.32,1.2,2013,12
87,1981,1,4,27733.0,1,0,2013-08-26,16,0,7,5,26,2,17,2,2,0,3,7,0,0,0,0,0,0,3,11,0,57,5,1,0,0.3333333333333333,0.3333333333333333,0.5,0.0,0.25,2013,8
8659,1952,4,4,69805.0,0,1,2014-01-21,50,750,71,174,13,10,20,2,6,8,11,2,0,0,0,0,0,0,3,11,0,1038,25,1,0,0.07692307692307693,0.23076923076923078,0.4230769230769231,0.3076923076923077,2.0,2014,1
6262,1962,3,0,72217.0,0,0,2013-04-10,93,816,42,450,55,56,154,1,3,10,8,2,0,0,0,0,0,0,3,11,0,1573,21,0,0,0.045454545454545456,0.13636363636363635,0.36363636363636365,0.45454545454545453,1.0,2013,4
6147,1971,2,1,25818.0,1,0,2012-10-18,51,5,2,8,2,2,9,1,0,1,2,7,0,0,0,0,0,0,3,11,0,28,3,1,0,0.25,0.0,0.5,0.25,0.0,2012,10
8832,1976,3,4,37509.0,1,0,2012-09-12,24,37,5,56,12,8,5,2,3,0,4,7,0,0,0,0,0,0,3,11,0,123,7,1,0,0.25,0.375,0.5,0.0,0.375,2012,9
10067,1976,1,4,25176.0,1,1,2013-08-10,79,4,0,4,0,0,5,1,1,0,2,7,0,0,0,0,0,0,3,11,0,13,3,2,0,0.25,0.25,0.5,0.0,0.125,2013,8
7532,1980,2,4,43586.0,0,1,2012-08-30,26,99,2,11,4,0,16,3,3,0,4,8,0,0,0,0,0,0,3,11,0,132,7,1,0,0.375,0.375,0.5,0.0,0.3333333333333333,2012,8
4915,1956,1,4,53230.0,0,1,2012-08-03,86,176,72,98,136,21,229,4,5,2,12,5,0,0,0,0,0,0,3,11,0,732,19,1,0,0.2,0.25,0.6,0.1,0.8333333333333334,2012,8
2115,1957,2,4,50116.0,1,1,2014-06-20,68,54,0,10,0,0,2,2,1,0,4,5,0,1,0,0,0,0,3,11,0,66,5,2,1,0.3333333333333333,0.16666666666666666,0.6666666666666666,0.0,0.16666666666666666,2014,6
2088,1972,2,4,84906.0,0,0,2013-10-04,98,997,15,414,99,30,76,1,5,6,12,2,0,1,1,0,1,0,3,11,0,1631,23,0,3,0.041666666666666664,0.20833333333333334,0.5,0.25,1.6666666666666667,2013,10
2493,1966,2,4,61286.0,0,1,2013-08-02,34,356,0,107,19,9,117,2,7,1,8,5,0,0,0,0,0,0,3,11,0,608,16,1,0,0.11764705882352941,0.4117647058823529,0.47058823529411764,0.058823529411764705,1.1666666666666667,2013,8
6292,1986,4,4,82333.0,0,0,2013-03-30,60,1311,0,359,46,89,17,1,4,3,10,2,0,0,1,0,0,0,3,11,1,1822,17,0,1,0.05555555555555555,0.2222222222222222,0.5555555555555556,0.16666666666666666,1.3333333333333333,2013,3
1631,1965,4,4,65220.0,0,0,2012-09-03,3,890,63,292,0,25,12,4,8,4,7,6,0,0,0,0,0,0,3,11,1,1282,19,0,0,0.2,0.4,0.35,0.2,1.1428571428571428,2012,9
10104,1974,2,4,33590.0,2,1,2013-11-03,65,4,0,2,0,0,2,1,1,0,2,7,0,0,0,0,0,0,3,11,0,8,3,3,0,0.25,0.25,0.5,0.0,0.125,2013,11
3006,1976,2,1,30992.0,1,0,2013-04-22,83,17,0,14,7,3,2,1,1,0,3,7,0,0,0,0,0,0,3,11,0,43,4,1,0,0.2,0.2,0.6,0.0,0.125,2013,4
3919,1976,3,0,72309.0,0,0,2013-03-11,64,960,0,883,50,38,0,1,5,6,8,3,0,0,0,1,0,0,3,11,1,1931,19,0,1,0.05,0.25,0.4,0.3,1.25,2013,3
11181,1949,4,4,156924.0,0,0,2013-08-29,85,2,1,2,1,1,1,0,0,0,0,0,0,0,0,0,0,0,3,11,0,8,0,0,0,0.0,0.0,0.0,0.0,0.0,2013,8
642,1980,0,4,16005.0,1,0,2012-08-14,69,1,3,2,20,30,47,3,2,1,2,8,0,0,0,0,0,0,3,11,0,103,5,1,0,0.5,0.3333333333333333,0.3333333333333333,0.16666666666666666,0.2222222222222222,2012,8
4369,1957,3,3,65487.0,0,0,2014-01-10,48,240,67,500,199,0,163,3,3,5,6,2,0,0,0,0,0,0,3,11,0,1169,14,0,0,0.2,0.2,0.4,0.3333333333333333,1.0,2014,1
10127,1965,2,4,58692.0,0,1,2014-04-06,21,301,11,61,4,7,11,1,8,2,4,7,0,0,0,0,0,0,3,11,0,395,14,1,0,0.06666666666666667,0.5333333333333333,0.26666666666666666,0.13333333333333333,1.0,2014,4
271,1969,2,2,40590.0,1,1,2013-10-02,30,154,0,50,6,11,37,5,3,4,3,6,1,0,0,0,0,0,3,11,0,258,10,2,1,0.45454545454545453,0.2727272727272727,0.2727272727272727,0.36363636363636365,0.42857142857142855,2013,10
4973,1970,2,0,20587.0,1,0,2014-05-11,39,2,3,6,4,1,9,1,1,1,2,7,0,0,0,0,0,0,3,11,0,25,4,1,0,0.2,0.2,0.4,0.2,0.125,2014,5
2948,1954,3,1,62637.0,0,1,2014-03-01,76,104,12,48,4,12,5,1,2,2,5,2,0,0,0,0,0,0,3,11,0,185,9,1,0,0.1,0.2,0.5,0.2,0.6666666666666666,2014,3
2715,1966,3,1,29435.0,1,1,2012-08-06,11,70,3,37,4,2,64,4,3,2,2,9,0,0,0,0,0,0,3,11,1,180,7,2,0,0.5,0.375,0.25,0.25,0.3,2012,8
10432,1974,2,1,19346.0,1,0,2014-01-30,26,2,0,9,3,6,2,1,1,0,3,8,0,0,0,0,0,0,3,11,0,22,4,1,0,0.2,0.2,0.6,0.0,0.1111111111111111,2014,1
9216,1971,2,4,35788.0,1,1,2014-01-23,34,23,2,11,3,1,4,2,2,0,3,6,0,0,0,0,0,0,3,11,0,44,5,2,0,0.3333333333333333,0.3333333333333333,0.5,0.0,0.2857142857142857,2014,1
7124,1968,2,1,36997.0,1,1,2013-02-01,72,43,4,12,8,0,27,5,2,1,4,5,0,0,0,0,0,0,3,11,0,94,7,2,0,0.625,0.25,0.5,0.125,0.3333333333333333,2013,2
9727,1957,2,4,23539.0,0,0,2014-02-28,13,4,24,11,16,1,25,1,2,0,4,6,0,0,0,0,0,0,3,11,0,81,6,0,0,0.14285714285714285,0.2857142857142857,0.5714285714285714,0.0,0.2857142857142857,2014,2
5136,1973,2,0,65333.0,0,1,2014-01-17,58,654,7,92,0,15,30,7,9,4,8,6,0,1,1,0,0,0,3,11,0,798,21,1,2,0.3181818181818182,0.4090909090909091,0.36363636363636365,0.18181818181818182,1.2857142857142858,2014,1
9790,1957,2,0,78499.0,0,0,2013-11-23,12,912,72,170,47,36,97,1,11,3,4,4,0,0,1,0,0,0,3,11,1,1334,18,0,1,0.05263157894736842,0.5789473684210527,0.21052631578947367,0.15789473684210525,2.2,2013,11
1818,1971,4,4,29732.0,1,0,2014-03-25,23,25,0,8,0,1,4,1,2,0,2,9,0,0,0,0,0,0,3,11,0,38,4,1,0,0.2,0.4,0.4,0.0,0.2,2014,3
1100,1960,3,4,41275.0,1,2,2014-03-24,33,24,4,22,0,2,9,4,3,1,3,5,0,0,0,0,0,0,3,11,0,61,7,3,0,0.5,0.375,0.375,0.125,0.5,2014,3
7873,1973,4,4,63516.0,1,1,2013-07-06,30,141,11,114,15,14,5,4,4,1,7,5,0,0,0,0,0,0,3,11,0,300,12,2,0,0.3076923076923077,0.3076923076923077,0.5384615384615384,0.07692307692307693,0.6666666666666666,2013,7
10609,1962,4,4,42769.0,0,1,2013-10-12,15,71,0,13,3,1,0,2,1,1,4,4,0,0,0,0,0,0,3,11,0,88,6,1,0,0.2857142857142857,0.14285714285714285,0.5714285714285714,0.14285714285714285,0.2,2013,10
6950,1958,3,4,49572.0,1,1,2013-12-15,25,35,1,16,0,1,1,2,2,0,3,7,0,0,0,0,0,0,3,11,0,54,5,2,0,0.3333333333333333,0.3333333333333333,0.5,0.0,0.25,2013,12
7233,1972,2,4,69209.0,0,0,2012-09-17,4,496,32,849,229,48,128,2,5,3,6,4,0,0,0,1,0,0,3,11,0,1782,14,0,1,0.13333333333333333,0.3333333333333333,0.4,0.2,1.0,2012,9
9481,1976,2,4,17148.0,1,0,2014-01-28,80,9,9,11,13,10,16,4,3,1,3,8,0,0,0,0,0,0,3,11,0,68,7,1,0,0.5,0.375,0.375,0.125,0.3333333333333333,2014,1
7699,1969,2,2,40590.0,1,1,2013-10-02,30,154,0,50,6,11,37,5,3,4,3,6,1,0,0,0,0,0,3,11,0,258,10,2,1,0.45454545454545453,0.2727272727272727,0.2727272727272727,0.36363636363636365,0.42857142857142855,2013,10
2711,1976,3,4,30560.0,1,0,2013-06-27,6,9,1,5,4,5,7,1,1,0,3,7,0,0,0,0,0,0,3,11,0,31,4,1,0,0.2,0.2,0.6,0.0,0.125,2013,6
8933,1983,1,4,32146.0,1,0,2014-05-12,16,26,3,23,4,7,3,2,2,0,4,6,0,0,0,0,0,0,3,11,0,66,6,1,0,0.2857142857142857,0.2857142857142857,0.5714285714285714,0.0,0.2857142857142857,2014,5
8726,1964,1,1,41713.0,1,1,2014-04-29,57,77,8,44,10,10,25,5,3,1,4,6,0,0,0,0,0,0,3,11,0,174,8,2,0,0.5555555555555556,0.3333333333333333,0.4444444444444444,0.1111111111111111,0.42857142857142855,2014,4
1515,1975,3,4,34176.0,0,1,2014-01-22,9,11,2,7,4,2,2,1,1,0,3,3,0,0,0,0,0,0,3,11,0,28,4,1,0,0.2,0.2,0.6,0.0,0.25,2014,1
5186,1955,4,4,58482.0,0,1,2014-03-12,59,576,7,115,19,7,7,2,7,4,9,6,0,1,0,0,0,0,3,11,0,731,20,1,1,0.09523809523809523,0.3333333333333333,0.42857142857142855,0.19047619047619047,1.0,2014,3
10157,1965,2,0,59686.0,0,1,2014-01-25,78,89,15,89,34,42,5,1,4,1,6,4,0,0,0,0,0,0,3,11,0,274,11,1,0,0.08333333333333333,0.3333333333333333,0.5,0.08333333333333333,0.8,2014,1
5667,1964,4,4,60896.0,0,1,2012-10-11,90,1013,30,399,60,46,153,3,9,10,4,6,0,0,0,0,0,0,3,11,1,1701,23,1,0,0.125,0.375,0.16666666666666666,0.4166666666666667,1.2857142857142858,2012,10
902,1980,2,4,62994.0,1,0,2014-03-04,74,224,12,48,4,12,12,1,6,2,4,6,0,0,0,0,0,0,3,11,0,312,12,1,0,0.07692307692307693,0.46153846153846156,0.3076923076923077,0.15384615384615385,0.8571428571428571,2014,3
977,1957,2,4,47320.0,0,1,2013-08-01,10,200,19,111,50,15,19,6,5,1,8,6,0,0,0,0,0,0,3,11,0,414,14,1,0,0.4,0.3333333333333333,0.5333333333333333,0.06666666666666667,0.7142857142857143,2013,8
7313,1949,1,2,74859.0,0,0,2013-06-03,63,570,73,614,133,102,73,1,6,5,11,3,0,0,0,1,0,0,3,11,0,1565,22,0,1,0.043478260869565216,0.2608695652173913,0.4782608695652174,0.21739130434782608,1.5,2013,6
7600,1992,0,0,15253.0,1,0,2013-10-28,13,1,3,3,8,1,13,2,1,0,3,7,0,0,0,0,0,0,3,11,0,29,4,1,0,0.4,0.2,0.6,0.0,0.125,2013,10
9706,1974,4,0,31560.0,1,0,2013-06-24,98,62,1,20,4,0,7,2,2,1,3,8,0,0,0,0,0,0,3,11,0,94,6,1,0,0.2857142857142857,0.2857142857142857,0.42857142857142855,0.14285714285714285,0.2222222222222222,2013,6
2429,1954,2,1,72071.0,0,1,2013-02-14,4,531,69,300,150,138,150,3,5,4,8,2,0,0,0,0,0,0,3,11,0,1338,17,1,0,0.16666666666666666,0.2777777777777778,0.4444444444444444,0.2222222222222222,1.6666666666666667,2013,2
3520,1990,3,0,91172.0,0,0,2013-03-27,94,162,28,818,0,28,56,0,4,3,7,3,1,0,1,1,1,0,3,11,1,1092,14,0,4,0.0,0.26666666666666666,0.4666666666666667,0.2,1.0,2013,3
10394,1984,2,4,90000.0,0,0,2013-12-23,91,675,144,133,94,192,241,1,4,8,5,1,1,0,1,1,0,0,3,11,0,1479,17,0,3,0.05555555555555555,0.2222222222222222,0.2777777777777778,0.4444444444444444,2.0,2013,12
4548,1981,2,0,41967.0,1,1,2013-11-23,66,23,4,10,0,2,15,1,1,0,3,4,0,0,0,0,0,0,3,11,0,54,4,2,0,0.2,0.2,0.6,0.0,0.2,2013,11
9362,1965,2,0,69263.0,0,1,2014-03-05,14,492,5,32,13,5,21,1,9,1,7,6,0,1,0,0,0,0,3,11,0,568,17,1,1,0.05555555555555555,0.5,0.3888888888888889,0.05555555555555555,1.2857142857142858,2014,3
3968,1970,1,1,65706.0,0,0,2013-06-28,77,918,10,129,13,0,129,1,11,3,12,7,0,1,1,0,1,0,3,11,1,1199,26,0,3,0.037037037037037035,0.4074074074074074,0.4444444444444444,0.1111111111111111,1.375,2013,6
4084,1975,2,4,60934.0,0,1,2014-01-17,41,224,155,155,192,93,54,2,6,4,11,4,0,0,0,0,0,0,3,11,0,873,21,1,0,0.09090909090909091,0.2727272727272727,0.5,0.18181818181818182,1.2,2014,1
6721,1951,2,4,71965.0,0,1,2013-07-29,21,572,19,286,50,38,248,3,6,3,5,3,0,0,0,0,0,0,3,11,0,1213,14,1,0,0.2,0.4,0.3333333333333333,0.2,1.5,2013,7
2829,1955,2,4,65210.0,0,1,2014-03-10,25,626,0,70,0,7,28,2,9,3,8,6,0,1,0,1,0,0,3,11,0,731,20,1,2,0.09523809523809523,0.42857142857142855,0.38095238095238093,0.14285714285714285,1.2857142857142858,2014,3
1772,1975,4,4,79174.0,0,0,2013-01-11,2,1074,37,518,193,92,129,1,5,6,7,2,0,0,1,1,0,0,3,11,1,2043,18,0,2,0.05263157894736842,0.2631578947368421,0.3684210526315789,0.3157894736842105,1.6666666666666667,2013,1
1544,1967,3,1,81380.0,0,0,2012-12-22,51,741,68,689,224,68,103,1,4,2,10,2,0,0,0,0,0,0,3,11,0,1893,16,0,0,0.058823529411764705,0.23529411764705882,0.5882352941176471,0.11764705882352941,1.3333333333333333,2012,12
492,1973,4,3,48432.0,0,1,2012-10-18,3,322,3,50,4,3,42,5,7,1,6,8,0,0,0,0,0,0,3,11,0,424,14,1,0,0.3333333333333333,0.4666666666666667,0.4,0.06666666666666667,0.7777777777777778,2012,10
4377,1971,2,4,52914.0,0,1,2013-01-07,32,254,10,44,30,10,227,2,7,3,3,7,1,0,0,0,0,0,3,11,0,575,13,1,1,0.14285714285714285,0.5,0.21428571428571427,0.21428571428571427,0.875,2013,1
4541,1955,2,4,38946.0,0,1,2013-10-24,84,116,6,82,6,6,41,2,3,1,6,5,0,0,0,0,0,0,3,11,0,257,10,1,0,0.18181818181818182,0.2727272727272727,0.5454545454545454,0.09090909090909091,0.5,2013,10
1321,1974,2,4,26067.0,1,0,2013-11-04,49,22,2,18,0,2,12,3,3,0,3,8,0,0,0,0,0,0,3,11,0,56,6,1,0,0.42857142857142855,0.42857142857142855,0.42857142857142855,0.0,0.3333333333333333,2013,11
8858,1972,4,4,44325.0,0,1,2013-03-07,69,516,0,21,0,0,5,4,8,2,7,8,0,1,0,0,0,0,3,11,0,542,17,1,1,0.2222222222222222,0.4444444444444444,0.3888888888888889,0.1111111111111111,0.8888888888888888,2013,3
3266,1964,2,4,42523.0,0,0,2014-04-23,96,14,36,11,3,26,35,1,1,1,4,2,0,0,0,0,0,0,3,11,0,125,6,0,0,0.14285714285714285,0.14285714285714285,0.5714285714285714,0.14285714285714285,0.3333333333333333,2014,4
11187,1978,0,0,26487.0,1,0,2013-05-20,23,2,8,10,12,14,23,3,2,1,3,5,0,0,0,0,0,0,3,11,0,69,6,1,0,0.42857142857142855,0.2857142857142857,0.42857142857142855,0.14285714285714285,0.3333333333333333,2013,5
8207,1957,1,4,53233.0,0,1,2014-03-18,18,28,0,9,3,0,0,1,1,0,3,4,0,0,0,0,0,0,3,11,0,40,4,1,0,0.2,0.2,0.6,0.0,0.2,2014,3
9723,1960,2,4,67716.0,0,1,2013-01-10,8,530,142,217,62,9,56,4,7,4,13,5,0,1,0,0,0,0,3,11,0,1016,24,1,1,0.16,0.28,0.52,0.16,1.1666666666666667,2013,1
2666,1972,3,4,76234.0,0,1,2014-02-06,21,519,50,167,130,0,41,1,8,3,11,3,0,1,0,0,0,0,3,11,0,907,22,1,1,0.043478260869565216,0.34782608695652173,0.4782608695652174,0.13043478260869565,2.0,2014,2
5721,1956,4,4,84117.0,0,0,2014-05-11,60,611,76,749,59,45,26,1,7,10,6,2,0,0,1,0,0,0,3,11,0,1566,23,0,1,0.041666666666666664,0.2916666666666667,0.25,0.4166666666666667,2.3333333333333335,2014,5
10652,1957,3,4,65487.0,0,0,2014-01-10,48,240,67,500,199,0,163,3,3,5,6,2,0,0,0,0,0,0,3,11,0,1169,14,0,0,0.2,0.2,0.4,0.3333333333333333,1.0,2014,1
1646,1972,0,4,25224.0,1,0,2014-03-16,36,4,9,12,11,2,8,2,1,1,3,3,0,0,0,0,0,0,3,11,0,46,5,1,0,0.3333333333333333,0.16666666666666666,0.5,0.16666666666666666,0.25,2014,3
4418,1983,3,0,89616.0,0,0,2013-02-25,36,671,47,655,145,111,15,1,7,5,12,2,0,0,0,0,0,0,3,11,1,1644,24,0,0,0.04,0.28,0.48,0.2,2.3333333333333335,2013,2
2656,1971,2,1,40851.0,1,1,2013-02-21,63,23,1,7,0,4,24,1,1,1,2,7,0,0,0,0,0,0,3,11,0,59,4,2,0,0.2,0.2,0.4,0.2,0.125,2013,2
7990,1947,2,4,27469.0,0,0,2012-08-02,2,9,1,2,3,2,0,1,0,0,3,6,0,0,0,0,0,0,3,11,0,17,3,0,0,0.25,0.0,0.75,0.0,0.0,2012,8
8722,1957,1,4,82347.0,0,0,2012-11-06,38,556,54,845,202,133,63,1,7,7,10,3,1,0,0,1,0,0,3,11,1,1853,24,0,2,0.04,0.28,0.4,0.28,1.75,2012,11
7118,1957,2,4,73803.0,0,1,2012-08-01,61,833,80,363,52,26,174,2,9,5,6,6,1,0,0,0,0,0,3,11,1,1528,20,1,1,0.09523809523809523,0.42857142857142855,0.2857142857142857,0.23809523809523808,1.2857142857142858,2012,8
2980,1952,3,0,8820.0,1,1,2013-03-22,52,12,0,13,4,2,4,4,3,0,3,8,0,0,0,0,0,0,3,11,0,35,6,2,0,0.5714285714285714,0.42857142857142855,0.42857142857142855,0.0,0.3333333333333333,2013,3
1839,1974,2,0,43322.0,0,0,2014-04-21,25,56,7,48,10,2,18,1,3,0,4,7,0,0,0,0,0,0,3,11,0,141,7,0,0,0.125,0.375,0.5,0.0,0.375,2014,4
10722,1973,2,4,55593.0,0,1,2013-08-21,63,293,8,124,11,4,106,2,6,6,3,6,1,0,0,0,0,0,3,11,0,546,15,1,1,0.125,0.375,0.1875,0.375,0.8571428571428571,2013,8
2632,1954,2,4,50501.0,1,1,2013-06-18,10,297,0,38,13,0,152,7,5,4,4,6,1,0,0,0,0,0,3,11,1,500,13,2,1,0.5,0.35714285714285715,0.2857142857142857,0.2857142857142857,0.7142857142857143,2013,6
9014,1975,2,4,37085.0,1,1,2014-06-26,65,39,1,16,2,0,3,4,3,0,3,8,0,0,0,0,0,0,3,11,0,61,6,2,0,0.5714285714285714,0.42857142857142855,0.42857142857142855,0.0,0.3333333333333333,2014,6
7620,1990,0,0,16185.0,1,0,2013-08-05,71,5,11,16,21,8,45,2,2,2,2,8,0,0,0,0,0,0,3,11,0,106,6,1,0,0.2857142857142857,0.2857142857142857,0.2857142857142857,0.2857142857142857,0.2222222222222222,2013,8
10968,1969,2,0,57731.0,0,1,2012-11-23,0,266,21,300,65,8,44,4,8,8,6,6,0,0,0,0,0,0,3,11,0,704,22,1,0,0.17391304347826086,0.34782608695652173,0.2608695652173913,0.34782608695652173,1.1428571428571428,2012,11
11133,1973,4,3,48432.0,0,1,2012-10-18,3,322,3,50,4,3,42,5,7,1,6,8,0,0,0,0,0,0,3,11,1,424,14,1,0,0.3333333333333333,0.4666666666666667,0.4,0.06666666666666667,0.7777777777777778,2012,10
2736,1978,2,4,73807.0,0,1,2013-01-02,88,366,124,156,71,78,54,2,5,5,11,2,0,0,0,0,0,0,3,11,0,849,21,1,0,0.09090909090909091,0.22727272727272727,0.5,0.22727272727272727,1.6666666666666667,2013,1
1876,1990,2,4,18929.0,0,0,2013-02-16,15,32,0,8,23,4,18,1,1,0,4,6,0,0,0,0,0,0,3,11,0,85,5,0,0,0.16666666666666666,0.16666666666666666,0.6666666666666666,0.0,0.14285714285714285,2013,2
5959,1968,2,0,35893.0,1,1,2012-10-15,80,158,0,23,0,0,18,6,3,1,5,8,0,0,0,0,0,0,3,11,0,199,9,2,0,0.6,0.3,0.5,0.1,0.3333333333333333,2012,10
1092,1980,2,4,61014.0,0,1,2012-08-11,17,269,129,495,182,43,29,4,9,3,4,7,0,0,0,0,0,0,3,11,0,1147,16,1,0,0.23529411764705882,0.5294117647058824,0.23529411764705882,0.17647058823529413,1.125,2012,8
4333,1954,2,4,32144.0,1,1,2014-03-23,76,41,0,10,0,0,3,4,2,1,3,7,0,1,0,0,0,0,3,11,0,54,6,2,1,0.5714285714285714,0.2857142857142857,0.42857142857142855,0.14285714285714285,0.25,2014,3
3850,1963,0,4,14918.0,0,1,2012-12-07,52,3,3,3,15,4,15,1,1,0,3,6,0,0,0,0,0,0,3,11,0,43,4,1,0,0.2,0.2,0.6,0.0,0.14285714285714285,2012,12
6168,1963,2,1,45146.0,1,1,2013-07-15,28,33,0,5,0,0,15,2,1,1,2,4,0,0,0,0,0,0,3,11,0,53,4,2,0,0.4,0.2,0.4,0.2,0.2,2013,7
607,1955,1,1,41769.0,0,1,2013-02-13,31,302,29,131,32,0,27,6,8,1,7,8,0,0,0,0,0,0,3,11,0,521,16,1,0,0.35294117647058826,0.47058823529411764,0.4117647058823529,0.058823529411764705,0.8888888888888888,2013,2
10469,1981,2,4,88325.0,0,0,2014-02-05,42,519,71,860,93,27,53,1,6,2,9,2,0,0,0,0,0,0,3,11,0,1623,17,0,0,0.05555555555555555,0.3333333333333333,0.5,0.1111111111111111,2.0,2014,2
6983,1950,3,1,38054.0,1,1,2014-05-01,24,23,2,17,2,1,0,2,2,0,3,7,0,0,0,0,0,0,3,11,0,45,5,2,0,0.3333333333333333,0.3333333333333333,0.5,0.0,0.25,2014,5
3661,1995,1,0,80617.0,0,0,2012-10-12,42,594,51,631,72,55,32,1,4,6,8,2,0,0,0,0,0,0,3,11,0,1435,18,0,0,0.05263157894736842,0.21052631578947367,0.42105263157894735,0.3157894736842105,1.3333333333333333,2012,10
9303,1976,2,4,5305.0,0,1,2013-07-30,12,12,4,7,1,3,5,0,1,0,0,13,0,0,0,0,0,0,3,11,0,32,1,1,0,0.0,0.5,0.0,0.0,0.07142857142857142,2013,7
692,1954,2,4,36807.0,1,1,2012-12-20,88,4,2,5,0,0,5,1,1,0,2,6,0,0,0,0,0,0,3,11,0,16,3,2,0,0.25,0.25,0.5,0.0,0.14285714285714285,2012,12
736,1983,2,4,28427.0,1,0,2013-03-21,67,18,3,19,3,3,6,2,2,0,3,8,0,0,0,0,0,0,3,11,0,52,5,1,0,0.3333333333333333,0.3333333333333333,0.5,0.0,0.2222222222222222,2013,3
9589,1948,4,2,82032.0,0,0,2014-04-05,54,332,194,377,149,125,57,0,4,6,7,1,0,0,0,0,0,0,3,11,0,1234,17,0,0,0.0,0.2222222222222222,0.3888888888888889,0.3333333333333333,2.0,2014,4
4838,1978,2,4,22775.0,1,0,2013-06-19,40,5,1,8,0,0,1,1,1,0,2,8,0,0,0,0,0,0,3,11,0,15,3,1,0,0.25,0.25,0.5,0.0,0.1111111111111111,2013,6
9246,1985,3,4,40101.0,1,0,2012-10-14,73,171,3,129,26,24,62,4,6,1,6,7,0,0,0,0,0,0,3,11,0,415,13,1,0,0.2857142857142857,0.42857142857142855,0.42857142857142855,0.07142857142857142,0.75,2012,10
6261,1979,2,4,58025.0,0,1,2013-11-26,81,270,31,88,11,48,22,3,3,2,10,4,0,0,0,0,0,0,3,11,0,470,15,1,0,0.1875,0.1875,0.625,0.125,0.6,2013,11
7366,1982,3,0,75777.0,0,0,2013-07-04,12,712,26,538,69,13,80,1,3,6,11,1,0,1,1,0,0,0,3,11,1,1438,20,0,2,0.047619047619047616,0.14285714285714285,0.5238095238095238,0.2857142857142857,1.5,2013,7
10659,1979,1,4,7500.0,1,0,2013-05-07,7,2,8,11,3,8,21,4,3,2,2,7,0,0,0,0,0,0,3,11,0,53,7,1,0,0.5,0.375,0.25,0.25,0.375,2013,5
1448,1963,3,4,33562.0,1,2,2014-06-25,33,21,12,12,0,3,3,3,2,0,4,4,0,0,0,0,0,0,3,11,0,51,6,3,0,0.42857142857142855,0.2857142857142857,0.5714285714285714,0.0,0.4,2014,6
4286,1970,4,0,57642.0,0,1,2014-01-09,24,580,6,58,8,0,27,3,7,6,6,4,1,0,0,0,0,0,3,11,0,679,19,1,1,0.15,0.35,0.3,0.3,1.4,2014,1
4749,1968,2,4,58554.0,1,1,2012-09-26,55,368,24,68,38,0,88,6,8,2,6,7,0,0,0,0,0,0,3,11,0,586,16,2,0,0.35294117647058826,0.47058823529411764,0.35294117647058826,0.11764705882352941,1.0,2012,9
4478,1979,2,4,63777.0,1,1,2013-03-24,87,457,5,106,15,17,53,8,11,1,6,8,0,0,0,0,0,0,3,11,0,653,18,2,0,0.42105263157894735,0.5789473684210527,0.3157894736842105,0.05263157894736842,1.2222222222222223,2013,3
4201,1962,2,0,57967.0,0,1,2013-03-03,39,229,7,137,4,0,91,5,4,2,8,5,0,0,0,0,0,0,3,11,0,468,14,1,0,0.3333333333333333,0.26666666666666666,0.5333333333333333,0.13333333333333333,0.6666666666666666,2013,3
10084,1972,2,4,24434.0,2,0,2014-05-18,9,3,2,8,20,0,17,2,2,1,2,7,0,0,0,0,0,0,3,11,0,50,5,2,0,0.3333333333333333,0.3333333333333333,0.3333333333333333,0.16666666666666666,0.25,2014,5
7004,1984,2,0,11012.0,1,0,2013-03-16,82,24,3,26,7,1,23,3,3,1,2,9,1,0,0,0,0,0,3,11,0,84,6,1,1,0.42857142857142855,0.42857142857142855,0.2857142857142857,0.14285714285714285,0.3,2013,3
9817,1970,3,0,44802.0,0,0,2012-08-21,71,853,10,143,13,10,20,2,9,4,12,8,0,0,0,0,0,0,3,11,0,1049,25,0,0,0.07692307692307693,0.34615384615384615,0.46153846153846156,0.15384615384615385,1.0,2012,8
8080,1986,2,0,26816.0,0,0,2012-08-17,50,5,1,6,3,4,3,1,0,0,3,4,0,0,0,0,0,0,3,11,0,22,3,0,0,0.25,0.0,0.75,0.0,0.0,2012,8
9432,1977,2,4,666666.0,1,0,2013-06-02,23,9,14,18,8,1,12,4,3,1,3,6,0,0,0,0,0,0,3,11,0,62,7,1,0,0.5,0.375,0.375,0.125,0.42857142857142855,2013,6
8372,1974,2,4,34421.0,1,0,2013-07-01,81,3,3,7,6,2,9,1,1,0,2,7,0,0,0,0,0,0,3,11,0,30,3,1,0,0.25,0.25,0.5,0.0,0.125,2013,7
10870,1967,2,4,61223.0,0,1,2013-06-13,46,709,43,182,42,118,247,2,9,3,4,5,0,0,0,0,0,0,3,11,0,1341,16,1,0,0.11764705882352941,0.5294117647058824,0.23529411764705882,0.17647058823529413,1.5,2013,6
4001,1946,4,4,64014.0,2,1,2014-06-10,56,406,0,30,0,0,8,7,8,2,5,7,0,0,0,1,0,0,3,11,0,444,15,3,1,0.4375,0.5,0.3125,0.125,1.0,2014,6
7270,1981,2,1,56981.0,0,0,2014-01-25,91,908,48,217,32,12,24,1,2,3,13,6,0,1,0,0,0,0,3,11,0,1241,18,0,1,0.05263157894736842,0.10526315789473684,0.6842105263157895,0.15789473684210525,0.2857142857142857,2014,1
8235,1956,3,4,69245.0,0,1,2014-01-24,8,428,30,214,80,30,61,2,6,5,10,3,0,0,0,0,0,0,3,11,0,843,21,1,0,0.09090909090909091,0.2727272727272727,0.45454545454545453,0.22727272727272727,1.5,2014,1
9405,1954,4,4,52869.0,1,1,2012-10-15,40,84,3,61,2,1,21,3,3,1,4,7,0,0,0,0,0,0,3,11,1,172,8,2,0,0.3333333333333333,0.3333333333333333,0.4444444444444444,0.1111111111111111,0.375,2012,10
