ID,Year_Birth,Education,Marital_Status,Income,Kidhome,Teenhome,Dt_Customer,Recency,MntWines,MntFruits,MntMeatProducts,MntFishProducts,MntSweetProducts,MntGoldProds,NumDealsPurchases,NumWebPurchases,NumCatalogPurchases,NumStorePurchases,NumWebVisitsMonth,AcceptedCmp3,AcceptedCmp4,AcceptedCmp5,AcceptedCmp1,AcceptedCmp2,Complain,Z_CostContact,Z_Revenue,Response,TotalSpent,TotalPurchases,TotalChildren,TotalCampaignsAccepted,DealPurchaseRatio,WebPurchaseRatio,StorePurchaseRatio,CatalogPurchaseRatio,WebConversionRatio,CustomerYear,CustomerMonth,Cluster,PCA1,PCA2
5524,1957,2,0,58138.0,0,0,2012-09-04,58,635,88,546,172,88,88,3,8,10,4,7,0,0,0,0,0,0,3,11,1,1617,22,0,0,0.13043478260869565,0.34782608695652173,0.17391304347826086,0.43478260869565216,1.0,2012,9,1,4.988358561667092,1.3604040090096208
2174,1954,2,0,46344.0,1,1,2014-03-08,38,11,1,6,2,1,6,2,1,1,2,5,0,0,0,0,0,0,3,11,0,27,4,2,0,0.4,0.2,0.4,0.2,0.16666666666666666,2014,3,0,-2.9901692861426308,-0.5948509724772375
4141,1965,2,4,71613.0,0,0,2013-08-21,26,426,49,127,111,21,42,1,8,2,10,4,0,0,0,0,0,0,3,11,0,776,20,0,0,0.047619047619047616,0.38095238095238093,0.47619047619047616,0.09523809523809523,1.6,2013,8,1,1.8883652080807636,-0.02783406350301143
6182,1984,2,4,26646.0,1,0,2014-02-10,26,11,4,20,10,3,5,2,2,0,4,6,0,0,0,0,0,0,3,11,0,53,6,1,0,0.2857142857142857,0.2857142857142857,0.5714285714285714,0.0,0.2857142857142857,2014,2,0,-3.251985839160823,-1.6728153993487687
5324,1981,4,4,58293.0,1,0,2014-01-19,94,173,43,118,46,27,15,5,5,3,6,5,0,0,0,0,0,0,3,11,0,422,14,1,0,0.3333333333333333,0.3333333333333333,0.4,0.2,0.8333333333333334,2014,1,0,-0.39748402648849307,0.23965275911997877
7446,1967,3,4,62513.0,0,1,2013-09-09,16,520,42,98,0,42,14,2,6,4,10,6,0,0,0,0,0,0,3,11,0,716,20,1,0,0.09523809523809523,0.2857142857142857,0.47619047619047616,0.19047619047619047,0.8571428571428571,2013,9,1,0.8972227933196437,0.878470904956355
965,1971,2,1,55635.0,0,1,2012-11-13,34,235,65,164,50,49,27,4,7,3,7,6,0,0,0,0,0,0,3,11,0,590,17,1,0,0.2222222222222222,0.3888888888888889,0.3888888888888889,0.16666666666666666,1.0,2012,11,1,0.6891989389015769,1.8248812396956635
6177,1985,4,4,33454.0,1,0,2013-05-08,32,76,10,56,3,1,23,2,4,0,4,8,0,0,0,0,0,0,3,11,0,169,8,1,0,0.2222222222222222,0.4444444444444444,0.4444444444444444,0.0,0.4444444444444444,2013,5,0,-2.691515681133621,0.34923074589456476
4855,1974,4,4,30351.0,1,0,2013-06-06,19,14,0,24,3,3,2,1,3,0,2,9,0,0,0,0,0,0,3,11,1,46,5,1,0,0.16666666666666666,0.5,0.3333333333333333,0.0,0.3,2013,6,0,-2.9797483260871878,0.7026253324911568
5899,1950,4,4,5648.0,1,1,2014-03-13,68,28,0,6,1,1,13,1,1,0,0,20,1,0,0,0,0,0,3,11,0,49,1,2,1,0.5,0.5,0.0,0.0,0.047619047619047616,2014,3,0,-4.5110271228314005,3.238986716978329
387,1976,0,4,7500.0,0,0,2012-11-13,59,6,16,11,11,1,16,1,2,0,3,8,0,0,0,0,0,0,3,11,0,61,5,0,0,0.16666666666666666,0.3333333333333333,0.5,0.0,0.2222222222222222,2012,11,0,-2.7958857952630933,-1.2121619176853664
2125,1959,2,1,63033.0,0,0,2013-11-15,82,194,61,480,225,112,30,1,3,4,8,2,0,0,0,0,0,0,3,11,0,1102,15,0,0,0.0625,0.1875,0.5,0.25,1.0,2013,11,1,2.9922719522862558,-2.440484092682642
8180,1952,3,1,59354.0,1,1,2013-11-15,53,233,2,53,3,5,14,3,6,1,5,6,0,0,0,0,0,0,3,11,0,310,12,2,0,0.23076923076923078,0.46153846153846156,0.38461538461538464,0.07692307692307693,0.8571428571428571,2013,11,0,-1.6754172986492555,2.3938462016259034
2569,1987,2,4,17323.0,0,0,2012-10-10,38,3,14,17,6,1,5,1,1,0,3,8,0,0,0,0,0,0,3,11,0,46,4,0,0,0.2,0.2,0.6,0.0,0.1111111111111111,2012,10,0,-2.980192545769205,-2.0651962915764877
2114,1946,4,0,82800.0,0,0,2012-11-24,23,1006,22,115,59,68,45,1,7,6,12,3,0,0,1,1,0,0,3,11,1,1315,25,0,2,0.038461538461538464,0.2692307692307692,0.46153846153846156,0.23076923076923078,1.75,2012,11,1,5.705301619289671,0.029107852384529145
9736,1980,2,4,41850.0,1,1,2012-12-24,51,53,5,19,2,13,4,3,3,0,3,8,0,0,0,0,0,0,3,11,0,96,6,2,0,0.42857142857142855,0.42857142857142855,0.42857142857142855,0.0,0.3333333333333333,2012,12,0,-3.3472839718094933,1.5737183436193107
4939,1946,2,4,37760.0,0,0,2012-08-31,20,84,5,38,150,12,28,2,4,1,6,7,0,0,0,0,0,0,3,11,0,317,11,0,0,0.16666666666666666,0.3333333333333333,0.5,0.08333333333333333,0.5,2012,8,0,-0.6258261652106546,-0.28635591117751596
6565,1949,3,4,76995.0,0,1,2013-03-28,91,1012,80,498,0,16,176,2,11,4,9,5,0,0,0,1,0,0,3,11,0,1782,24,1,1,0.08,0.44,0.36,0.16,1.8333333333333333,2013,3,1,4.6389405618654225,2.6776462146482687
2278,1985,1,0,33812.0,1,0,2012-11-03,86,4,17,19,30,24,39,2,2,1,3,6,0,0,0,0,0,0,3,11,0,133,6,1,0,0.2857142857142857,0.2857142857142857,0.42857142857142855,0.14285714285714285,0.2857142857142857,2012,11,0,-2.2688252191996665,-0.8275416048899672
9360,1982,2,4,37040.0,0,0,2012-08-08,41,86,2,73,69,38,48,1,4,2,5,8,0,0,0,0,0,0,3,11,0,316,11,0,0,0.08333333333333333,0.3333333333333333,0.4166666666666667,0.16666666666666666,0.4444444444444444,2012,8,0,-0.6518098165696405,-0.5491269221341447
5376,1979,2,4,2447.0,1,0,2013-01-06,42,1,1,1725,1,1,1,15,0,28,0,1,0,0,0,0,0,0,3,11,0,1730,28,1,0,0.5172413793103449,0.0,0.0,0.9655172413793104,0.0,2013,1,1,4.6741136460560355,0.5446789159657996
1993,1949,4,4,58607.0,0,1,2012-12-23,63,867,0,86,0,0,19,3,2,3,9,8,0,1,0,0,0,0,3,11,0,972,14,1,1,0.2,0.13333333333333333,0.6,0.2,0.2222222222222222,2012,12,0,0.4365438377061831,0.8260781196921654
4047,1954,4,4,65324.0,0,1,2014-01-11,0,384,0,102,21,32,5,3,6,2,9,4,0,0,0,0,0,0,3,11,0,544,17,1,0,0.16666666666666666,0.3333333333333333,0.5,0.1111111111111111,1.2,2014,1,0,0.19834758172252762,0.7837793954868691
1409,1951,2,4,40689.0,0,1,2013-03-18,69,270,3,27,39,6,99,7,7,1,5,8,0,0,0,0,0,0,3,11,0,444,13,1,0,0.5,0.5,0.35714285714285715,0.07142857142857142,0.7777777777777778,2013,3,0,-0.9374303543257886,3.31461689570059
7892,1969,2,0,18589.0,0,0,2013-01-02,89,6,4,25,15,12,13,2,2,1,3,7,0,0,0,0,0,0,3,11,0,75,6,0,0,0.2857142857142857,0.2857142857142857,0.42857142857142855,0.14285714285714285,0.25,2013,1,0,-2.132606020022155,-1.3443522936051853
2404,1976,2,4,53359.0,1,1,2013-05-27,4,173,4,30,3,6,41,4,5,1,4,7,0,0,0,0,0,0,3,11,0,257,10,2,0,0.36363636363636365,0.45454545454545453,0.36363636363636365,0.09090909090909091,0.625,2013,5,0,-2.2011564847641862,2.064477682483281
9422,1989,2,4,38360.0,1,0,2013-05-31,26,36,2,42,20,21,10,2,2,1,4,3,0,0,0,0,0,0,3,11,0,131,7,1,0,0.25,0.25,0.5,0.125,0.5,2013,5,0,-2.1613244064089874,-1.6810447049948978
1966,1965,4,4,84618.0,0,0,2013-11-22,96,684,100,801,21,66,0,1,6,9,10,2,0,0,1,0,0,0,3,11,0,1672,25,0,1,0.038461538461538464,0.23076923076923078,0.38461538461538464,0.34615384615384615,2.0,2013,11,1,5.843462829036387,-1.0346956567226935
6864,1989,3,1,10979.0,0,0,2014-05-22,34,8,4,10,2,2,4,2,3,0,3,5,0,0,0,0,0,0,3,11,0,30,6,0,0,0.2857142857142857,0.42857142857142855,0.42857142857142855,0.0,0.5,2014,5,0,-2.5542822821818887,-1.1079757899683076
3033,1963,3,4,38620.0,0,0,2013-05-11,56,112,17,44,34,22,89,1,2,5,3,3,0,0,0,0,0,0,3,11,0,318,10,0,0,0.09090909090909091,0.18181818181818182,0.2727272727272727,0.45454545454545453,0.5,2013,5,0,0.4696352309369953,-1.5040394749262025
5710,1970,2,4,40548.0,0,1,2012-10-10,31,110,0,5,2,0,3,2,2,1,4,5,0,1,0,0,0,0,3,11,0,120,7,1,1,0.25,0.25,0.5,0.125,0.3333333333333333,2012,10,0,-1.5750483003195532,-0.04601247214909636
7373,1952,4,1,46610.0,0,2,2012-10-29,8,96,12,96,33,22,43,6,4,1,6,6,0,0,0,0,0,0,3,11,1,302,11,2,0,0.5,0.3333333333333333,0.5,0.08333333333333333,0.5714285714285714,2012,10,0,-1.239495750554794,2.9072921798464466
8755,1946,3,4,68657.0,0,0,2013-02-20,4,482,34,471,119,68,22,1,3,5,9,7,0,0,0,0,0,0,3,11,0,1196,17,0,0,0.05555555555555555,0.16666666666666666,0.5,0.2777777777777778,0.375,2013,2,1,2.278474559700418,-1.5348281006156204
10738,1951,3,0,49389.0,1,1,2013-08-29,55,40,0,19,2,1,3,1,2,0,3,7,0,0,0,0,0,0,3,11,0,65,5,2,0,0.16666666666666666,0.3333333333333333,0.5,0.0,0.25,2013,8,0,-3.3140638616129783,0.3492502549314292
4339,1970,4,4,67353.0,0,1,2013-12-31,37,702,17,151,0,8,35,5,5,6,12,2,0,0,0,0,0,0,3,11,0,913,23,1,0,0.20833333333333334,0.20833333333333334,0.5,0.25,1.6666666666666667,2013,12,1,1.929604259206286,1.1555524421517245
10755,1976,1,4,23718.0,1,0,2013-09-02,76,6,3,14,15,7,36,3,3,1,2,7,0,0,0,0,0,0,3,11,0,81,6,1,0,0.42857142857142855,0.42857142857142855,0.2857142857142857,0.14285714285714285,0.375,2013,9,0,-2.635976615979974,0.46072144564807294
8595,1973,2,2,42429.0,0,1,2014-02-11,99,55,0,6,2,0,4,2,1,1,3,5,0,0,0,0,0,0,3,11,0,67,5,1,0,0.3333333333333333,0.16666666666666666,0.5,0.16666666666666666,0.16666666666666666,2014,2,0,-2.4569003719638016,-1.5643332449667993
2968,1943,4,1,48948.0,0,0,2013-02-01,53,437,8,206,160,49,42,2,7,10,5,6,1,0,0,0,0,0,3,11,1,902,22,0,1,0.08695652173913043,0.30434782608695654,0.21739130434782608,0.43478260869565216,1.0,2013,2,1,3.661430160615424,0.9033885143801528
8601,1980,2,4,80011.0,0,1,2013-04-29,3,421,76,536,82,178,102,2,8,6,5,4,0,0,0,0,0,0,3,11,0,1395,19,1,0,0.1,0.4,0.25,0.3,1.6,2013,4,1,3.8988574256763595,1.0889724125498976
503,1985,3,4,20559.0,1,0,2013-03-12,88,13,1,29,3,0,7,2,2,0,3,8,0,0,0,0,0,0,3,11,0,53,5,1,0,0.3333333333333333,0.3333333333333333,0.5,0.0,0.2222222222222222,2013,3,0,-3.5034957703307246,-0.7370195752633938
8430,1957,2,4,21994.0,0,1,2012-12-24,4,9,0,6,3,1,3,1,0,0,3,5,0,0,0,0,0,0,3,11,0,22,3,1,0,0.25,0.0,0.75,0.0,0.0,2012,12,0,-3.2989981096208125,-2.2439080710886605
2139,1975,3,4,7500.0,1,0,2013-10-02,19,3,1,10,3,2,12,3,2,0,3,5,0,0,0,0,0,0,3,11,0,31,5,1,0,0.5,0.3333333333333333,0.5,0.0,0.3333333333333333,2013,10,0,-3.373129304387683,-0.5077890483006375
1371,1976,2,0,79941.0,0,0,2014-06-28,72,123,164,266,227,30,174,1,2,4,9,1,0,0,0,0,0,0,3,11,0,984,15,0,0,0.0625,0.125,0.5625,0.25,1.0,2014,6,1,3.328001025664412,-3.402088856597457
9909,1996,1,4,7500.0,0,0,2012-11-09,24,3,18,14,15,22,50,3,3,1,3,9,0,0,0,0,0,0,3,11,1,122,7,0,0,0.375,0.375,0.375,0.125,0.3,2012,11,0,-1.8611489520938418,0.01979142307238099
7286,1968,2,4,41728.0,1,0,2013-05-24,92,13,6,15,3,5,13,1,2,0,2,10,0,0,0,0,0,0,3,11,0,55,4,1,0,0.2,0.4,0.4,0.0,0.18181818181818182,2013,5,0,-3.359461564103296,-0.1741394524782241
6566,1954,4,4,72550.0,1,1,2012-11-08,39,826,50,317,50,38,38,9,5,2,12,8,0,0,0,0,0,0,3,11,0,1319,19,2,0,0.45,0.25,0.6,0.1,0.5555555555555556,2012,11,1,0.672376838751172,3.0354344145612866
8614,1957,2,2,65486.0,0,1,2014-05-12,29,245,19,125,37,67,14,1,4,2,10,2,0,0,0,0,0,0,3,11,0,507,16,1,0,0.058823529411764705,0.23529411764705882,0.5882352941176471,0.11764705882352941,1.3333333333333333,2014,5,0,0.5172493765317684,-1.0572038885207504
4114,1964,3,4,79143.0,0,0,2012-08-11,2,650,37,780,27,167,32,1,6,9,13,3,0,0,0,0,0,0,3,11,0,1693,28,0,0,0.034482758620689655,0.20689655172413793,0.4482758620689655,0.3103448275862069,1.5,2012,8,1,5.24328469402463,-0.6558197137990971
1331,1977,2,0,35790.0,1,0,2013-01-02,54,12,6,20,30,1,3,2,2,0,3,7,0,0,0,0,0,0,3,11,0,72,5,1,0,0.3333333333333333,0.3333333333333333,0.5,0.0,0.25,2013,1,0,-3.1510221691077156,-1.0217252355004556
2225,1977,2,1,82582.0,0,0,2014-06-07,54,510,120,550,156,40,241,1,4,9,7,1,1,0,0,1,0,0,3,11,1,1617,20,0,2,0.047619047619047616,0.19047619047619047,0.3333333333333333,0.42857142857142855,2.0,2014,6,1,6.898127830891175,-1.7972957220865748
9381,1978,2,4,66373.0,1,1,2013-06-12,57,328,9,124,12,24,109,7,4,2,10,3,0,0,0,0,0,0,3,11,0,606,16,2,0,0.4117647058823529,0.23529411764705882,0.5882352941176471,0.11764705882352941,1.0,2013,6,0,-0.4285433308965419,1.1697642929025105
6260,1955,3,4,82384.0,0,0,2012-11-19,55,984,51,432,180,120,190,1,3,10,13,1,0,0,1,0,0,0,3,11,1,1957,26,0,1,0.037037037037037035,0.1111111111111111,0.48148148148148145,0.37037037037037035,1.5,2012,11,1,7.449923693140099,-1.457534306209455
10383,1966,2,1,70287.0,0,0,2013-04-02,30,295,35,482,121,120,40,1,5,5,10,3,0,0,0,0,0,0,3,11,1,1093,20,0,0,0.047619047619047616,0.23809523809523808,0.47619047619047616,0.23809523809523808,1.25,2013,4,1,3.4153036127915803,-1.4840684771446053
7437,1988,2,0,27938.0,1,0,2014-04-28,31,13,0,8,2,1,5,1,1,0,4,3,0,0,0,0,0,0,3,11,0,29,5,1,0,0.16666666666666666,0.16666666666666666,0.6666666666666666,0.0,0.25,2014,4,0,-3.2314803700521946,-3.101170465074489
8375,1968,4,4,55954.0,0,1,2014-03-03,63,447,0,28,0,0,43,3,8,2,6,7,0,0,0,0,0,0,3,11,0,518,16,1,0,0.17647058823529413,0.47058823529411764,0.35294117647058826,0.11764705882352941,1.0,2014,3,0,-0.3601942972440459,2.2385788000858393
6853,1982,3,0,75777.0,0,0,2013-07-04,12,712,26,538,69,13,80,1,3,6,11,1,0,1,1,0,0,0,3,11,1,1438,20,0,2,0.047619047619047616,0.14285714285714285,0.5238095238095238,0.2857142857142857,1.5,2013,7,1,5.03329416989589,-2.106118130890161
3076,1975,2,4,66653.0,1,1,2012-09-07,18,452,18,102,16,18,6,4,4,2,12,3,0,0,0,0,0,0,3,11,0,612,18,2,0,0.21052631578947367,0.21052631578947367,0.631578947368421,0.10526315789473684,1.0,2012,9,0,-0.3679904230491693,0.5888388017934321
1012,1952,2,0,61823.0,0,1,2013-02-18,26,523,7,134,37,14,169,4,8,2,10,7,0,0,0,0,0,0,3,11,0,884,20,1,0,0.19047619047619047,0.38095238095238093,0.47619047619047616,0.09523809523809523,1.0,2013,2,1,1.0540341672250908,2.267166155870324
6518,1951,4,2,67680.0,0,1,2013-06-11,8,546,0,48,0,6,6,1,7,3,8,5,0,0,0,0,0,0,3,11,0,606,18,1,0,0.05263157894736842,0.3684210526315789,0.42105263157894735,0.15789473684210525,1.1666666666666667,2013,6,0,0.4321079959162899,1.448652553962961
4137,1948,2,4,70666.0,0,0,2013-12-06,29,398,40,367,119,122,30,1,7,4,4,4,0,0,0,0,0,0,3,11,0,1076,15,0,0,0.0625,0.4375,0.25,0.25,1.4,2013,12,1,2.76437545776823,0.36287791289035126
8082,1971,2,4,25721.0,1,0,2013-05-21,75,1,3,6,3,6,15,1,1,1,2,7,0,0,0,0,0,0,3,11,1,34,4,1,0,0.2,0.2,0.4,0.2,0.125,2013,5,0,-2.635188155041902,-1.3026034561866198
1386,1967,2,4,32474.0,1,1,2014-05-11,0,10,0,1,0,0,0,1,1,0,2,7,0,0,0,0,0,0,3,11,0,11,3,2,0,0.25,0.25,0.5,0.0,0.125,2014,5,0,-3.9512875964251033,-0.7415325315916985
9369,1979,1,0,88194.0,0,1,2014-03-19,19,688,14,309,201,24,38,1,11,10,10,5,1,0,0,1,0,0,3,11,1,1274,31,1,2,0.03125,0.34375,0.3125,0.3125,1.8333333333333333,2014,3,1,5.710314453270546,1.1824255956090586
4477,1958,2,4,69096.0,0,1,2013-09-27,4,247,49,159,7,82,109,1,5,2,10,4,0,0,0,0,0,0,3,11,0,653,17,1,0,0.05555555555555555,0.2777777777777778,0.5555555555555556,0.1111111111111111,1.0,2013,9,1,1.0243881764416993,0.021274464075049543
1357,1970,2,4,74854.0,1,2,2013-04-08,90,856,59,487,58,29,73,7,2,5,5,5,0,0,0,0,0,0,3,11,0,1562,12,3,0,0.5384615384615384,0.15384615384615385,0.38461538461538464,0.38461538461538464,0.3333333333333333,2013,4,1,0.957002850663593,1.865722733159434
1402,1954,3,4,66991.0,0,0,2012-09-11,1,496,36,460,189,60,12,3,4,8,6,3,0,0,0,0,0,0,3,11,0,1253,18,0,0,0.15789473684210525,0.21052631578947367,0.3157894736842105,0.42105263157894735,1.0,2012,9,1,3.546695945776047,-0.5175641941522886
6312,1959,2,4,65031.0,0,1,2013-03-17,29,258,107,291,84,37,86,4,10,3,13,7,0,0,0,0,0,0,3,11,0,863,26,1,0,0.14814814814814814,0.37037037037037035,0.48148148148148145,0.1111111111111111,1.25,2013,3,1,2.3023169291710235,2.0829887966656444
8132,1975,4,4,60631.0,1,1,2013-04-05,88,565,6,65,0,6,19,5,9,2,8,7,0,1,0,0,0,0,3,11,0,661,19,2,1,0.25,0.45,0.4,0.1,1.125,2013,4,0,0.01809272632570606,3.5527815473971986
1050,1952,2,4,28332.0,0,0,2014-04-30,58,14,10,13,4,15,9,1,2,1,4,2,0,0,0,0,0,0,3,11,0,65,7,0,0,0.125,0.25,0.5,0.125,0.6666666666666666,2014,4,0,-1.4960515528772185,-2.2569328475640806
5846,1977,2,1,40246.0,1,0,2012-12-19,68,2,1,6,2,1,1,1,1,0,2,6,0,0,0,0,0,0,3,11,0,13,3,1,0,0.25,0.25,0.5,0.0,0.14285714285714285,2012,12,0,-3.3489965592128983,-1.2884603229570983
1859,1972,3,4,75251.0,0,0,2012-08-27,34,721,111,925,97,18,18,1,7,6,5,5,0,0,0,0,0,0,3,11,1,1890,18,0,0,0.05263157894736842,0.3684210526315789,0.2631578947368421,0.3157894736842105,1.1666666666666667,2012,8,1,4.386570919286649,0.29856427795107665
7503,1976,2,0,75825.0,0,0,2012-10-12,40,1032,105,779,137,105,51,0,5,8,9,4,1,0,0,0,0,0,3,11,1,2209,22,0,1,0.0,0.21739130434782608,0.391304347826087,0.34782608695652173,1.0,2012,10,1,6.128163722291057,-1.0733355119090617
10401,1976,1,4,26326.0,0,0,2013-09-04,12,1,0,5,0,3,9,1,0,0,3,3,0,0,0,0,0,1,3,11,0,18,3,0,0,0.25,0.0,0.75,0.0,0.0,2013,9,0,-3.01561305634195,-4.048737802083608
1618,1965,2,4,56046.0,0,0,2013-01-02,9,577,0,64,0,0,51,2,10,1,8,8,1,0,0,0,0,0,3,11,1,692,19,0,1,0.1,0.5,0.4,0.05,1.1111111111111112,2013,1,1,0.9456546011670995,1.8658799723672168
3332,1985,2,0,29760.0,1,0,2012-08-29,87,64,4,68,7,5,17,4,3,1,4,8,0,0,0,0,0,0,3,11,0,165,8,1,0,0.4444444444444444,0.3333333333333333,0.4444444444444444,0.1111111111111111,0.3333333333333333,2012,8,0,-2.5862663422024523,0.2800462410753609
2261,1969,2,4,26304.0,1,0,2013-06-23,5,4,1,5,2,0,4,1,1,0,2,7,0,0,0,0,0,0,3,11,0,16,3,1,0,0.25,0.25,0.5,0.0,0.125,2013,6,0,-3.5905906026666017,-1.4455091166265326
5346,1973,1,4,23559.0,1,0,2013-07-03,87,25,5,19,7,0,23,3,3,0,3,7,0,0,0,0,0,0,3,11,0,79,6,1,0,0.42857142857142855,0.42857142857142855,0.42857142857142855,0.0,0.375,2013,7,0,-3.1378861158870754,0.14183362502057598
4119,1963,3,4,38620.0,0,0,2013-05-11,56,112,17,44,34,22,89,1,2,5,3,3,0,0,0,0,0,0,3,11,0,318,10,0,0,0.09090909090909091,0.18181818181818182,0.2727272727272727,0.45454545454545453,0.5,2013,5,0,0.4696352309369953,-1.5040394749262025
535,1987,2,1,81361.0,0,0,2014-02-25,18,163,23,424,27,65,76,1,3,10,13,1,0,0,0,0,0,0,3,11,0,778,26,0,0,0.037037037037037035,0.1111111111111111,0.48148148148148145,0.37037037037037035,1.5,2014,2,1,3.4666067612223044,-2.6574650048211863
5268,1960,2,4,29440.0,1,1,2013-08-11,95,17,8,14,10,4,3,2,1,0,4,7,0,0,0,0,0,0,3,11,0,56,5,2,0,0.3333333333333333,0.16666666666666666,0.6666666666666666,0.0,0.125,2013,8,0,-3.7129191633104406,-0.7479286367192179
273,1970,3,4,36138.0,1,1,2013-07-16,48,130,0,16,0,0,5,5,3,1,4,7,0,1,0,0,0,0,3,11,0,151,8,2,1,0.5555555555555556,0.3333333333333333,0.4444444444444444,0.1111111111111111,0.375,2013,7,0,-2.3825643541151167,1.6976819651577504
4452,1957,2,0,50388.0,0,1,2014-05-28,3,292,6,37,0,3,34,4,6,1,6,7,0,1,0,1,0,0,3,11,1,372,13,1,2,0.2857142857142857,0.42857142857142855,0.42857142857142855,0.07142857142857142,0.75,2014,5,0,0.45148074701683544,1.6505275494471008
8504,1973,2,4,79593.0,0,0,2014-05-12,70,350,60,568,110,133,145,1,5,6,7,2,0,0,1,0,0,0,3,11,0,1366,18,0,1,0.05263157894736842,0.2631578947368421,0.3684210526315789,0.3157894736842105,1.6666666666666667,2014,5,1,5.0280277951138155,-1.911412593466905
771,1967,2,4,54178.0,0,1,2014-01-21,79,135,9,39,4,0,7,1,2,2,5,2,0,0,0,0,0,0,3,11,0,194,9,1,0,0.1,0.2,0.5,0.2,0.6666666666666666,2014,1,0,-1.1846114550831335,-1.618871517653089
11178,1972,3,0,42394.0,1,0,2014-03-23,69,15,2,10,0,1,4,1,1,0,3,7,0,0,0,0,0,0,3,11,0,32,4,1,0,0.2,0.2,0.6,0.0,0.125,2014,3,0,-3.412806849089334,-2.1543733296148324
2230,1970,4,4,23626.0,1,0,2014-05-24,84,27,2,14,0,0,0,3,3,1,3,5,0,0,0,0,0,0,3,11,0,43,7,1,0,0.375,0.375,0.375,0.125,0.5,2014,5,0,-2.619745237144282,-0.10640642073531574
7516,1983,2,4,30096.0,1,0,2014-05-22,30,5,3,11,12,5,9,1,2,0,3,6,0,0,0,0,0,0,3,11,0,45,5,1,0,0.16666666666666666,0.3333333333333333,0.5,0.0,0.2857142857142857,2014,5,0,-3.2064457450672266,-1.5140165888069275
7247,1960,2,2,47916.0,0,1,2012-11-22,72,505,0,26,0,0,75,5,7,4,6,6,0,1,0,0,0,0,3,11,0,606,17,1,1,0.2777777777777778,0.3888888888888889,0.3333333333333333,0.2222222222222222,1.0,2012,11,1,0.8034264283603031,3.043183524996853
11100,1972,2,1,51813.0,1,1,2013-04-11,37,51,2,7,0,1,2,2,2,0,3,7,0,0,0,0,0,0,3,11,0,63,5,2,0,0.3333333333333333,0.3333333333333333,0.5,0.0,0.25,2013,4,0,-3.4645939991180983,0.1639938344288161
4646,1951,1,4,78497.0,0,0,2013-12-01,44,207,26,447,75,0,223,1,5,7,12,2,0,0,0,1,0,0,3,11,0,978,24,0,1,0.04,0.2,0.48,0.28,1.6666666666666667,2013,12,1,4.443165886423511,-1.040780673786664
3037,1983,4,4,50150.0,0,0,2013-06-20,32,135,46,92,65,61,11,2,5,2,7,5,0,0,0,0,0,0,3,11,0,410,14,0,0,0.13333333333333333,0.3333333333333333,0.4666666666666667,0.13333333333333333,0.8333333333333334,2013,6,0,0.2841102396951542,-0.7519802018619385
1473,1960,1,0,47823.0,0,1,2013-07-23,0,53,1,5,2,1,10,2,2,0,3,8,0,0,0,0,0,0,3,11,0,72,5,1,0,0.3333333333333333,0.3333333333333333,0.5,0.0,0.2222222222222222,2013,7,0,-2.888811487016314,-0.06240267311863504
1016,1959,4,0,34554.0,0,1,2014-03-30,43,41,1,6,2,0,5,2,2,0,3,6,0,0,0,0,0,0,3,11,0,55,5,1,0,0.3333333333333333,0.3333333333333333,0.5,0.0,0.2857142857142857,2014,3,0,-2.8415321190185767,-0.30186001702272447
4518,1979,2,4,85693.0,0,1,2013-04-20,59,386,172,183,185,132,111,2,9,5,11,5,0,0,0,0,0,0,3,11,0,1169,25,1,0,0.07692307692307693,0.34615384615384615,0.4230769230769231,0.19230769230769232,1.5,2013,4,1,4.272872380068095,0.8165208993990085
9370,1945,4,4,65846.0,0,0,2013-05-17,68,562,81,276,80,40,81,1,6,3,6,4,0,0,0,0,0,0,3,11,0,1120,15,0,0,0.0625,0.375,0.375,0.1875,1.2,2013,5,1,2.335863108409041,0.0904227221754753
8908,1959,2,4,87195.0,0,0,2014-05-08,35,217,76,690,50,26,38,1,3,11,5,1,0,0,0,0,0,0,3,11,1,1097,19,0,0,0.05,0.15,0.25,0.55,1.5,2014,5,1,4.240042913680109,-1.8968257920929756
8373,1979,0,4,24594.0,1,0,2013-12-10,94,1,3,6,10,0,9,1,1,0,3,5,0,0,0,0,0,0,3,11,0,29,4,1,0,0.2,0.2,0.6,0.0,0.16666666666666666,2013,12,0,-3.415903300062423,-2.2453938763606565
7533,1964,2,4,49096.0,1,1,2013-09-24,15,144,1,32,2,1,7,4,4,1,4,7,0,0,0,0,0,0,3,11,0,187,9,2,0,0.4,0.4,0.4,0.1,0.5,2013,9,0,-2.554564986511856,1.7820038674510996
2683,1969,2,4,52413.0,0,2,2013-02-02,56,295,106,271,75,98,65,4,6,4,12,6,0,0,0,0,0,0,3,11,0,910,22,2,0,0.17391304347826086,0.2608695652173913,0.5217391304347826,0.17391304347826086,0.8571428571428571,2013,2,1,1.7040484744758762,1.4760810811410454
3629,1978,2,0,38557.0,1,0,2012-12-19,17,76,3,31,4,4,27,2,3,1,3,7,0,0,0,0,0,0,3,11,0,145,7,1,0,0.25,0.375,0.375,0.125,0.375,2012,12,0,-2.3619458896362486,0.21381065266147706
10991,1960,3,4,89058.0,0,0,2012-12-07,18,454,194,106,31,22,43,1,5,4,4,2,0,0,0,0,0,0,3,11,0,850,13,0,0,0.07142857142857142,0.35714285714285715,0.2857142857142857,0.2857142857142857,1.6666666666666667,2012,12,1,2.6328801663803754,-0.16444012670032815
5077,1979,2,4,77298.0,0,1,2013-11-02,46,425,115,292,23,35,79,1,6,6,11,3,0,0,0,0,0,0,3,11,0,969,23,1,0,0.041666666666666664,0.25,0.4583333333333333,0.25,1.5,2013,11,1,2.8234561538617142,0.06739684829923086
7431,1991,4,0,68126.0,0,0,2012-11-10,40,1332,17,311,23,51,86,1,7,4,5,9,0,1,0,0,0,0,3,11,1,1820,16,0,1,0.058823529411764705,0.4117647058823529,0.29411764705882354,0.23529411764705882,0.7,2012,11,1,3.3292246252720346,1.6481921726615087
3267,1963,3,4,57288.0,0,1,2014-06-25,27,527,0,21,0,0,60,3,8,1,8,6,0,1,0,0,0,0,3,11,0,608,17,1,1,0.16666666666666666,0.4444444444444444,0.4444444444444444,0.05555555555555555,1.1428571428571428,2014,6,0,0.3593160129012226,2.1898756299006603
999,1991,2,0,86037.0,0,0,2013-01-02,95,490,44,125,29,20,22,1,6,7,11,3,0,1,1,0,0,0,3,11,1,730,24,0,2,0.04,0.24,0.44,0.28,1.5,2013,1,1,4.1854853273621,-1.192521561747887
9215,1980,4,4,43974.0,1,0,2012-12-12,19,378,0,101,0,0,72,5,6,4,6,7,0,0,0,0,0,0,3,11,0,551,16,1,0,0.29411764705882354,0.35294117647058826,0.35294117647058826,0.23529411764705882,0.75,2012,12,0,-0.3895947625694722,1.9775587468260858
2286,1962,2,0,50785.0,1,1,2013-09-10,27,64,1,21,0,1,27,2,2,1,3,6,0,0,0,0,0,0,3,11,0,114,6,2,0,0.2857142857142857,0.2857142857142857,0.42857142857142855,0.14285714285714285,0.2857142857142857,2013,9,0,-2.724797185474369,0.3217208146876082
1592,1970,2,4,90765.0,0,0,2014-01-24,25,547,99,812,151,82,33,0,4,6,5,1,0,0,1,1,0,0,3,11,0,1724,15,0,2,0.0,0.25,0.3125,0.375,2.0,2014,1,1,6.290860134065786,-2.966969451763238
367,1978,1,4,36550.0,1,0,2013-02-19,74,47,90,94,123,103,120,5,9,1,5,9,0,0,0,0,0,0,3,11,0,577,15,1,0,0.3125,0.5625,0.3125,0.0625,0.9,2013,2,0,0.17653594864157943,2.1374210007343866
5234,1967,1,4,30753.0,1,1,2013-07-11,85,12,5,25,0,9,30,2,1,1,3,5,0,0,0,0,0,0,3,11,0,81,5,2,0,0.3333333333333333,0.16666666666666666,0.5,0.16666666666666666,0.16666666666666666,2013,7,0,-3.00912719180452,-0.7516823975959823
9862,1969,2,4,21918.0,1,0,2013-11-14,37,1,6,7,11,5,3,2,2,0,3,6,0,0,0,0,0,0,3,11,0,33,5,1,0,0.3333333333333333,0.3333333333333333,0.5,0.0,0.2857142857142857,2013,11,0,-3.246286684780773,-0.7077546286339588
9805,1953,3,4,56129.0,0,1,2013-06-20,65,320,48,133,39,72,48,4,6,2,10,4,0,0,0,0,0,0,3,11,0,660,18,1,0,0.21052631578947367,0.3157894736842105,0.5263157894736842,0.10526315789473684,1.2,2013,6,1,0.9087490294469338,1.0663120832912512
6205,1967,3,0,32557.0,1,0,2014-02-24,13,34,3,29,0,4,10,3,2,1,3,5,0,0,0,0,0,0,3,11,1,80,6,1,0,0.42857142857142855,0.2857142857142857,0.42857142857142855,0.14285714285714285,0.3333333333333333,2014,2,0,-2.350401664248663,-0.8018988254609498
8442,1985,3,4,19510.0,2,0,2013-09-04,63,9,0,7,3,4,7,2,1,0,3,7,0,0,0,0,0,0,3,11,0,30,4,2,0,0.4,0.2,0.6,0.0,0.125,2013,9,0,-4.3002129491610575,-1.1578476231087262
7386,1976,2,1,30992.0,1,0,2013-04-22,83,17,0,14,7,3,2,1,1,0,3,7,0,0,0,0,0,0,3,11,0,43,4,1,0,0.2,0.2,0.6,0.0,0.125,2013,4,0,-3.481472622410782,-2.0251354036372935
7215,1983,2,0,101970.0,0,0,2013-03-12,69,722,27,102,44,72,168,0,6,8,13,2,0,1,1,1,0,0,3,11,1,1135,27,0,3,0.0,0.21428571428571427,0.4642857142857143,0.2857142857142857,2.0,2013,3,1,6.822484107715459,-1.3015082292135791
1491,1965,1,4,71488.0,0,0,2013-02-18,87,162,33,124,40,28,172,2,3,4,7,1,0,0,0,0,0,0,3,11,0,559,14,0,0,0.13333333333333333,0.2,0.4666666666666667,0.26666666666666666,1.5,2013,2,1,1.6141511848769872,-1.6418002678133028
11071,1984,2,0,79607.0,0,0,2013-04-21,37,450,133,951,173,0,216,1,3,6,6,1,0,0,0,0,0,0,3,11,1,1923,15,0,0,0.0625,0.1875,0.375,0.375,1.5,2013,4,1,5.275384974742988,-2.175958916363044
3381,1953,3,4,54348.0,1,1,2014-06-08,51,70,0,16,0,0,4,2,2,0,4,6,0,0,0,0,0,0,3,11,0,90,6,2,0,0.2857142857142857,0.2857142857142857,0.5714285714285714,0.0,0.2857142857142857,2014,6,0,-3.220133737641984,-0.07423071157822665
11051,1956,4,4,77376.0,1,1,2014-05-10,72,492,19,110,16,12,12,4,6,3,10,4,0,0,0,0,0,0,3,11,0,661,19,2,0,0.2,0.3,0.5,0.15,1.2,2014,5,0,0.1107272649563198,1.4991956616069033
8026,1952,2,4,62998.0,0,1,2013-09-30,10,120,58,73,65,89,58,5,5,4,5,5,0,0,0,0,0,0,3,11,0,463,14,1,0,0.3333333333333333,0.3333333333333333,0.3333333333333333,0.26666666666666666,0.8333333333333334,2013,9,1,0.8001983078742725,1.4105005029261437
433,1958,3,0,61331.0,1,1,2013-03-10,42,534,5,47,0,5,41,5,11,1,6,8,0,0,0,0,0,0,3,11,0,632,18,2,0,0.2631578947368421,0.5789473684210527,0.3157894736842105,0.05263157894736842,1.2222222222222223,2013,3,0,-0.7008706352888673,4.422463037180237
9597,1969,2,4,73448.0,0,0,2014-02-10,10,236,106,189,23,41,130,1,7,2,9,4,0,0,0,0,0,0,3,11,0,725,18,0,0,0.05263157894736842,0.3684210526315789,0.47368421052631576,0.10526315789473684,1.4,2014,2,1,1.8514595150509632,-0.6765975967341203
5290,1964,4,4,41551.0,1,1,2013-08-14,51,220,0,33,3,0,23,5,5,1,5,8,0,0,0,0,0,0,3,11,0,279,11,2,0,0.4166666666666667,0.4166666666666667,0.4166666666666667,0.08333333333333333,0.5555555555555556,2013,8,0,-2.3455284832888665,2.5874151449091296
1685,1967,4,4,62981.0,0,0,2013-03-17,21,796,14,590,38,44,0,1,4,5,13,3,0,1,0,0,0,0,3,11,0,1482,22,0,1,0.043478260869565216,0.17391304347826086,0.5652173913043478,0.21739130434782608,1.0,2013,3,1,3.4582314945631256,-1.3604870647193557
5342,1976,0,1,9548.0,1,0,2012-08-08,31,0,1,3,10,6,9,2,1,0,3,8,0,0,0,0,0,0,3,11,0,29,4,1,0,0.4,0.2,0.6,0.0,0.1111111111111111,2012,8,0,-3.794526498307434,-1.5292358956876797
9579,1959,4,4,33762.0,2,1,2013-07-07,61,53,1,34,2,0,16,3,2,2,2,8,0,0,0,0,0,0,3,11,0,106,6,3,0,0.42857142857142855,0.2857142857142857,0.2857142857142857,0.2857142857142857,0.2222222222222222,2013,7,0,-3.296185004751949,1.7485536554486234
7660,1973,4,0,35860.0,1,1,2014-05-19,37,15,0,8,4,2,20,2,1,1,2,5,1,0,0,0,0,0,3,11,1,49,4,2,1,0.4,0.2,0.4,0.2,0.16666666666666666,2014,5,0,-2.418709391654959,-0.30871038622923597
1461,1965,4,1,36921.0,1,1,2013-07-28,74,17,1,12,3,1,4,2,2,0,3,7,0,0,0,0,0,0,3,11,0,38,5,2,0,0.3333333333333333,0.3333333333333333,0.5,0.0,0.25,2013,7,0,-3.5324362230960804,0.5220273569969283
821,1992,3,0,92859.0,0,0,2012-10-19,46,962,61,921,52,61,20,1,5,4,12,2,0,0,0,0,0,0,3,11,0,2077,21,0,0,0.045454545454545456,0.22727272727272727,0.5454545454545454,0.18181818181818182,1.6666666666666667,2012,10,1,4.430803716676106,-1.4296159391636192
11084,1976,3,4,65104.0,0,1,2013-11-14,4,738,0,232,13,20,50,2,3,5,7,7,0,0,0,0,0,0,3,11,1,1053,15,1,0,0.125,0.1875,0.4375,0.3125,0.375,2013,11,1,1.0560249197411526,0.3341536220898967
8690,1962,2,4,86111.0,0,0,2013-04-19,73,399,28,756,36,40,126,1,5,7,10,2,0,0,0,0,0,0,3,11,0,1385,22,0,0,0.043478260869565216,0.21739130434782608,0.43478260869565216,0.30434782608695654,1.6666666666666667,2013,4,1,3.972243635836506,-1.1323431217170072
2937,1974,4,0,68352.0,0,1,2013-08-28,47,614,16,132,43,33,33,3,8,5,9,6,0,0,0,0,0,0,3,11,0,871,22,1,0,0.13043478260869565,0.34782608695652173,0.391304347826087,0.21739130434782608,1.1428571428571428,2013,8,1,1.5986378305434878,1.8710001320479044
9701,1988,2,4,41883.0,1,0,2013-03-19,13,32,34,41,73,16,116,3,4,2,3,7,0,0,0,0,0,0,3,11,0,312,9,1,0,0.3,0.4,0.3,0.2,0.5,2013,3,0,-1.1391228413121732,0.3287577803852229
9949,1976,2,4,59809.0,0,2,2012-10-18,36,598,16,141,32,41,49,3,3,3,6,8,0,0,0,0,0,0,3,11,0,877,12,2,0,0.23076923076923078,0.23076923076923078,0.46153846153846156,0.23076923076923078,0.3333333333333333,2012,10,0,-0.3002380999442688,1.5388257107203804
10837,1975,2,4,23957.0,1,0,2012-10-28,47,2,1,18,20,11,16,1,2,0,3,6,0,0,0,0,0,0,3,11,1,68,5,1,0,0.16666666666666666,0.3333333333333333,0.5,0.0,0.2857142857142857,2012,10,0,-2.780334835777497,-0.6445517313846478
3120,1981,2,4,38547.0,1,0,2013-08-28,49,6,1,10,0,1,4,1,1,0,2,8,0,0,0,0,0,1,3,11,0,22,3,1,0,0.25,0.25,0.5,0.0,0.1111111111111111,2013,8,0,-3.7201312120950965,-1.3976012842447205
5885,1973,1,4,35688.0,2,1,2012-08-22,94,73,3,90,12,1,32,7,4,1,4,8,0,0,0,0,0,0,3,11,0,211,9,3,0,0.7,0.4,0.4,0.1,0.4444444444444444,2012,8,0,-3.378326254791948,3.019536492278918
4050,1966,3,4,49605.0,0,0,2014-06-21,65,42,16,29,12,20,8,1,2,1,4,3,0,0,0,0,0,0,3,11,0,127,7,0,0,0.125,0.25,0.5,0.125,0.5,2014,6,0,-1.2886171132862987,-2.20999304034248
3830,1953,3,4,59354.0,0,2,2014-04-24,59,295,21,78,39,13,13,1,4,4,7,3,0,0,0,0,0,0,3,11,0,459,15,2,0,0.0625,0.25,0.4375,0.25,1.0,2014,4,0,0.015207589171922758,0.5724597449581763
7987,1969,2,4,65747.0,0,1,2014-03-07,96,346,17,48,23,13,13,4,8,1,6,6,0,1,0,0,0,0,3,11,0,460,15,1,1,0.25,0.5,0.375,0.0625,1.1428571428571428,2014,3,0,0.10819811573810441,2.210558068228334
7798,1972,1,4,46344.0,0,1,2012-12-14,28,233,20,57,8,20,91,4,7,1,5,7,0,0,0,0,0,0,3,11,0,429,13,1,0,0.2857142857142857,0.5,0.35714285714285715,0.07142857142857142,0.875,2012,12,0,-0.7153545124057011,2.613693812572821
92,1988,2,0,34176.0,1,0,2014-05-12,12,5,7,24,19,14,20,4,3,0,4,6,0,0,0,0,0,0,3,11,0,89,7,1,0,0.5,0.375,0.5,0.0,0.42857142857142855,2014,5,0,-2.892801956233264,-0.5726551729416449
7055,1952,4,4,61010.0,0,1,2012-10-09,57,888,0,57,0,0,76,2,8,5,11,5,0,0,0,0,0,0,3,11,0,1021,24,1,0,0.08,0.32,0.44,0.2,1.3333333333333333,2012,10,1,1.8718855778017245,2.4304538007259473
10240,1949,2,4,69372.0,0,0,2013-02-19,10,997,26,269,34,13,42,1,10,4,6,4,0,1,1,0,0,0,3,11,1,1381,20,0,2,0.047619047619047616,0.47619047619047616,0.2857142857142857,0.19047619047619047,2.0,2013,2,1,4.4841276614877605,1.4213394641693737
3025,1958,2,0,49967.0,0,1,2013-07-08,4,212,6,69,4,12,3,3,6,1,5,7,0,0,0,0,0,0,3,11,0,306,12,1,0,0.23076923076923078,0.46153846153846156,0.38461538461538464,0.07692307692307693,0.75,2013,7,0,-1.261033990992092,1.6999918932372937
9283,1978,2,0,60199.0,1,2,2013-09-12,49,8,1,7,2,0,0,1,0,0,3,4,0,0,0,0,0,0,3,11,0,18,3,3,0,0.25,0.0,0.75,0.0,0.0,2013,9,0,-3.9903809931617973,-1.5954834031488057
9970,1977,2,4,55375.0,0,1,2013-10-17,3,42,11,57,10,28,14,1,1,1,6,2,0,0,0,0,0,0,3,11,0,162,8,1,0,0.1111111111111111,0.1111111111111111,0.6666666666666666,0.1111111111111111,0.3333333333333333,2013,10,0,-1.539177623433516,-2.262137338255621
2730,1955,2,0,80317.0,0,0,2013-08-20,64,536,11,387,149,91,57,1,3,4,10,1,0,0,0,0,0,0,3,11,0,1231,17,0,0,0.05555555555555555,0.16666666666666666,0.5555555555555556,0.2222222222222222,1.5,2013,8,1,3.121705908224836,-2.180092614403626
2795,1958,3,0,30523.0,2,1,2013-07-01,0,5,0,3,0,0,5,1,1,0,2,7,0,0,0,0,0,0,3,11,0,13,3,3,0,0.25,0.25,0.5,0.0,0.125,2013,7,0,-4.475165833057753,0.16136871940844266
9260,1945,4,4,70356.0,0,0,2012-11-05,20,1349,16,249,43,16,33,2,10,6,9,6,0,0,0,0,0,0,3,11,0,1706,25,0,0,0.07692307692307693,0.38461538461538464,0.34615384615384615,0.23076923076923078,1.4285714285714286,2012,11,1,3.6282937528106682,2.321673499718628
8182,1984,2,4,23228.0,1,0,2014-01-05,91,53,3,49,7,4,5,4,3,0,4,8,0,0,0,0,0,0,3,11,0,121,7,1,0,0.5,0.375,0.5,0.0,0.3333333333333333,2014,1,0,-3.2631221269473603,-0.32708725004349787
10095,1975,4,1,74165.0,0,0,2013-05-01,9,1001,12,240,16,12,12,1,5,4,10,2,0,0,0,0,0,0,3,11,0,1293,19,0,0,0.05,0.25,0.5,0.2,1.6666666666666667,2013,5,1,2.3462845747386747,-0.897890829218116
8475,1973,4,4,157243.0,0,1,2014-03-01,98,20,2,1582,1,2,1,15,0,22,0,0,0,0,0,0,0,0,3,11,0,1608,22,1,0,0.6521739130434783,0.0,0.0,0.9565217391304348,0.0,2014,3,1,5.469753260408213,1.029917683012491
4370,1966,2,4,43482.0,2,1,2013-11-13,83,18,1,32,6,3,28,3,2,0,4,6,0,0,0,0,0,0,3,11,0,88,6,3,0,0.42857142857142855,0.2857142857142857,0.5714285714285714,0.0,0.2857142857142857,2013,11,0,-3.9175030704443707,0.7249509520382229
10573,1953,2,1,62551.0,0,0,2013-11-18,27,125,16,98,134,21,27,1,6,7,4,3,1,0,0,0,0,0,3,11,0,421,17,0,1,0.05555555555555555,0.3333333333333333,0.2222222222222222,0.3888888888888889,1.5,2013,11,1,2.2905587340375346,-0.0342263655712267
3712,1959,2,1,52332.0,0,0,2013-08-28,63,212,5,33,7,0,2,1,3,2,6,4,0,1,0,0,0,0,3,11,0,259,11,0,1,0.08333333333333333,0.25,0.5,0.16666666666666666,0.6,2013,8,0,-0.1764245435146392,-1.280484226061107
6637,1988,2,0,66951.0,0,0,2013-11-02,46,277,162,305,173,76,124,1,3,4,7,1,0,0,0,0,0,0,3,11,0,1117,14,0,0,0.06666666666666667,0.2,0.4666666666666667,0.26666666666666666,1.5,2013,11,1,3.4072491386270882,-2.542184703827621
3152,1957,2,4,26091.0,1,1,2014-02-25,84,15,10,19,8,17,20,3,2,1,3,5,0,0,0,0,0,0,3,11,0,89,6,2,0,0.42857142857142855,0.2857142857142857,0.42857142857142855,0.14285714285714285,0.3333333333333333,2014,2,0,-2.8684550665555593,0.0740853287308537
5610,1965,2,4,33456.0,1,1,2014-04-21,58,7,3,10,8,1,7,2,1,0,3,7,0,0,0,0,0,0,3,11,0,36,4,2,0,0.4,0.2,0.6,0.0,0.125,2014,4,0,-3.865658126599031,-0.8838448008555547
6460,1982,2,4,28718.0,1,0,2013-07-13,78,12,4,6,11,8,16,2,2,0,3,8,0,0,0,0,0,0,3,11,0,57,5,1,0,0.3333333333333333,0.3333333333333333,0.5,0.0,0.2222222222222222,2013,7,0,-3.34294293236082,-0.7181168691420599
1349,1970,2,4,50447.0,2,0,2014-04-21,4,85,7,24,2,3,27,1,3,1,3,6,0,0,0,0,0,0,3,11,0,148,7,2,0,0.125,0.375,0.375,0.125,0.42857142857142855,2014,4,0,-2.8355850471663904,-0.242245759184936
1880,1959,4,4,53537.0,1,1,2014-01-30,17,81,0,6,0,0,6,2,2,1,3,5,0,0,0,0,0,0,3,11,0,93,6,2,0,0.2857142857142857,0.2857142857142857,0.42857142857142855,0.14285714285714285,0.3333333333333333,2014,1,0,-2.7145364755733343,0.05773308114272604
641,1967,2,0,52074.0,0,1,2014-04-04,77,59,0,12,0,0,48,1,2,2,2,4,1,0,0,0,0,0,3,11,0,119,6,1,1,0.14285714285714285,0.2857142857142857,0.2857142857142857,0.2857142857142857,0.4,2014,4,0,-1.0881956337652345,-0.5454846591346623
8717,1975,4,4,80427.0,0,1,2012-09-12,56,1149,71,449,69,71,26,1,11,8,8,5,0,0,0,0,0,0,3,11,0,1835,27,1,0,0.03571428571428571,0.39285714285714285,0.2857142857142857,0.2857142857142857,1.8333333333333333,2012,9,1,4.6639810954026375,2.562542513719703
10314,1948,4,4,83837.0,0,0,2012-12-16,79,847,66,119,86,89,111,1,9,10,5,4,0,1,0,1,0,0,3,11,1,1318,24,0,2,0.04,0.36,0.2,0.4,1.8,2012,12,1,6.437578841541205,1.78518284561579
10854,1970,4,4,38853.0,1,1,2014-05-23,90,29,0,14,0,0,2,2,2,0,3,7,0,0,0,0,0,0,3,11,0,45,5,2,0,0.3333333333333333,0.3333333333333333,0.5,0.0,0.25,2014,5,0,-3.601485498881137,0.2097681226159429
10492,1959,2,4,38285.0,2,1,2014-06-24,96,2,0,5,2,0,1,1,0,0,3,2,0,0,0,0,0,0,3,11,0,10,3,3,0,0.25,0.0,0.75,0.0,0.0,2014,6,0,-4.322054153868264,-2.3800548090342737
6935,1951,1,4,78497.0,0,0,2013-12-01,44,207,26,447,75,0,223,1,5,7,12,2,0,0,0,1,0,0,3,11,0,978,24,0,1,0.04,0.2,0.48,0.28,1.6666666666666667,2013,12,1,4.443165886423511,-1.040780673786664
7698,1976,4,4,51650.0,0,1,2014-05-11,81,152,3,22,2,5,7,1,4,1,4,5,0,0,0,0,0,0,3,11,0,191,9,1,0,0.1,0.4,0.4,0.1,0.6666666666666666,2014,5,0,-1.588072470994079,0.17822092296657432
3559,1988,1,4,16248.0,1,0,2014-05-10,77,12,11,10,3,12,9,3,2,1,3,6,0,0,0,0,0,0,3,11,0,57,6,1,0,0.42857142857142855,0.2857142857142857,0.42857142857142855,0.14285714285714285,0.2857142857142857,2014,5,0,-2.9391319765647004,-1.2067447991034472
10562,1946,3,4,66835.0,0,0,2013-09-28,21,620,26,195,34,17,141,1,6,4,13,2,0,0,0,0,0,0,3,11,0,1033,23,0,0,0.041666666666666664,0.25,0.5416666666666666,0.16666666666666666,2.0,2013,9,1,2.9142203746957396,-0.22863813923649595
10796,1984,3,4,30477.0,1,0,2014-01-22,16,47,1,6,0,0,12,1,1,1,3,6,0,0,0,0,0,0,3,11,0,66,5,1,0,0.16666666666666666,0.16666666666666666,0.5,0.16666666666666666,0.14285714285714285,2014,1,0,-2.8986007765869783,-2.2550369636929886
2563,1961,0,4,28249.0,0,0,2014-06-15,80,1,9,7,2,14,10,1,2,0,3,6,0,0,0,0,0,0,3,11,0,43,5,0,0,0.16666666666666666,0.3333333333333333,0.5,0.0,0.2857142857142857,2014,6,0,-2.5180876779532304,-1.8768633315213534
3518,1983,2,4,25271.0,1,0,2012-12-05,45,10,1,18,10,4,7,1,1,1,2,9,0,0,0,0,0,0,3,11,0,50,4,1,0,0.2,0.2,0.4,0.2,0.1,2012,12,0,-3.0449794762536078,-0.9696375596444848
5823,1970,4,0,32303.0,0,1,2014-03-08,63,35,0,2,0,0,2,2,1,0,4,5,0,0,0,0,0,0,3,11,0,39,5,1,0,0.3333333333333333,0.16666666666666666,0.6666666666666666,0.0,0.16666666666666666,2014,3,0,-3.021280059055652,-1.6949241547427558
3934,1966,2,4,61286.0,0,1,2013-08-02,34,356,0,107,19,9,117,2,7,1,8,5,0,0,0,0,0,0,3,11,0,608,16,1,0,0.11764705882352941,0.4117647058823529,0.47058823529411764,0.058823529411764705,1.1666666666666667,2013,8,0,0.13437339298513268,1.447258178355498
6982,1976,2,4,74068.0,0,0,2013-03-19,14,783,30,537,140,76,15,1,4,10,9,2,0,0,0,0,0,0,3,11,0,1581,23,0,0,0.041666666666666664,0.16666666666666666,0.375,0.4166666666666667,1.3333333333333333,2013,3,1,4.531997352985903,-1.7828638496850067
6431,1964,4,4,45759.0,1,1,2013-02-23,13,42,1,18,3,0,4,2,2,0,3,7,0,0,0,0,0,0,3,11,0,68,5,2,0,0.3333333333333333,0.3333333333333333,0.5,0.0,0.25,2013,2,0,-3.4349860837151502,0.46665967412836135
9733,1978,0,4,24882.0,1,0,2012-09-09,52,1,4,10,29,0,36,1,1,1,2,6,1,0,0,0,0,0,3,11,0,80,4,1,1,0.2,0.2,0.4,0.2,0.14285714285714285,2012,9,0,-2.3258145731059865,-1.3964121084112895
5602,1989,4,4,66973.0,0,0,2013-05-17,98,466,22,432,147,113,102,1,8,7,12,3,0,0,0,0,0,0,3,11,0,1282,27,0,0,0.03571428571428571,0.2857142857142857,0.42857142857142855,0.25,2.0,2013,5,1,4.505101014637177,-0.4055829686913824
7829,1900,1,1,36640.0,1,0,2013-09-26,99,15,6,8,7,4,25,1,2,1,2,5,0,0,0,0,0,1,3,11,0,65,5,1,0,0.16666666666666666,0.3333333333333333,0.3333333333333333,0.16666666666666666,0.3333333333333333,2013,9,0,-2.292303209519141,0.02820736539042412
1324,1988,2,4,38872.0,1,0,2013-05-30,93,23,3,21,3,19,22,2,3,0,3,8,0,0,0,0,0,0,3,11,0,91,6,1,0,0.2857142857142857,0.42857142857142855,0.42857142857142855,0.0,0.3333333333333333,2013,5,0,-3.0005342239398276,-0.13826413218368144
326,1973,2,4,51148.0,1,1,2013-02-18,38,235,6,45,8,9,12,4,5,1,6,6,0,0,0,0,0,0,3,11,0,315,12,2,0,0.3076923076923077,0.38461538461538464,0.46153846153846156,0.07692307692307693,0.7142857142857143,2013,2,0,-1.9610908430388359,1.4546766994213167
7224,1977,2,4,31353.0,1,1,2013-12-29,24,10,0,10,3,1,7,2,1,1,2,8,0,0,0,0,0,0,3,11,0,31,4,2,0,0.4,0.2,0.4,0.2,0.1111111111111111,2013,12,0,-3.401934973420317,-0.02281314730549089
6999,1980,3,4,69661.0,0,0,2014-05-13,80,656,16,106,32,16,8,1,7,3,12,3,0,0,0,0,0,0,3,11,0,834,22,0,0,0.043478260869565216,0.30434782608695654,0.5217391304347826,0.13043478260869565,1.75,2014,5,1,1.741154430165583,-0.7479166081805747
9938,1954,2,4,80067.0,0,0,2013-09-19,82,519,17,813,27,173,51,1,4,6,6,2,0,0,1,0,0,0,3,11,0,1600,16,0,1,0.058823529411764705,0.23529411764705882,0.35294117647058826,0.35294117647058826,1.3333333333333333,2013,9,1,4.801635541210166,-1.693342121298247
6422,1954,2,4,86718.0,0,0,2013-01-17,20,344,189,482,50,33,172,1,5,6,5,2,0,0,0,0,0,0,3,11,0,1270,16,0,0,0.058823529411764705,0.29411764705882354,0.29411764705882354,0.35294117647058826,1.6666666666666667,2013,1,1,4.140433155613562,-0.8688317428649324
3182,1973,4,0,46854.0,1,1,2014-03-31,81,96,1,79,7,1,79,6,5,1,3,8,1,0,0,0,0,0,3,11,1,263,9,2,1,0.6,0.5,0.3,0.1,0.5555555555555556,2014,3,0,-1.7327615213634429,3.0656115608890975
7300,1952,2,1,69142.0,0,1,2014-06-29,50,448,4,34,6,4,39,3,8,1,7,5,0,1,0,0,0,0,3,11,0,535,16,1,1,0.17647058823529413,0.47058823529411764,0.4117647058823529,0.058823529411764705,1.3333333333333333,2014,6,0,0.45096793437235966,2.1319811387413603
10424,1968,2,0,75922.0,0,0,2013-12-09,60,265,138,553,224,23,92,1,4,4,9,1,0,0,0,0,0,0,3,11,0,1295,17,0,0,0.05555555555555555,0.2222222222222222,0.5,0.2222222222222222,2.0,2013,12,1,3.946561576639482,-2.070872562611832
8727,1978,2,1,63693.0,0,1,2013-10-14,63,587,43,337,42,87,54,3,11,6,9,6,0,0,0,0,0,0,3,11,0,1150,26,1,0,0.1111111111111111,0.4074074074074074,0.3333333333333333,0.2222222222222222,1.5714285714285714,2013,10,1,2.9338554358603597,2.420303534740703
2798,1977,4,4,102160.0,0,0,2012-11-02,54,763,29,138,76,176,58,0,7,9,10,4,0,1,1,1,0,0,3,11,1,1240,26,0,3,0.0,0.25925925925925924,0.37037037037037035,0.3333333333333333,1.4,2012,11,1,7.135920038566624,-0.3349384576733809
1030,1965,4,0,40637.0,1,1,2013-07-17,72,22,0,13,0,0,3,2,1,0,3,7,0,0,0,0,0,0,3,11,0,38,4,2,0,0.4,0.2,0.6,0.0,0.125,2013,7,0,-3.7373759294915523,-0.3778415670847818
624,1984,3,0,18890.0,0,0,2012-11-10,5,6,4,1,7,2,15,1,0,1,2,6,1,0,0,0,0,0,3,11,1,35,3,0,1,0.25,0.0,0.5,0.25,0.0,2012,11,0,-1.7064720193905323,-2.616770617655399
5176,1988,2,4,29604.0,1,0,2013-12-08,88,7,6,13,7,6,14,1,1,0,3,9,1,0,0,0,0,0,3,11,0,53,4,1,1,0.2,0.2,0.6,0.0,0.1,2013,12,0,-3.2630347654828022,-1.6260506533936097
5552,1963,3,1,48721.0,1,1,2013-05-13,50,81,18,113,47,13,21,6,4,2,5,6,0,0,0,0,0,0,3,11,0,293,11,2,0,0.5,0.3333333333333333,0.4166666666666667,0.16666666666666666,0.5714285714285714,2013,5,0,-1.6649465413576316,1.7221966556343047
868,1966,2,4,44794.0,0,1,2014-06-08,99,54,0,7,0,0,4,1,2,0,3,6,0,0,0,0,0,0,3,11,0,65,5,1,0,0.16666666666666666,0.3333333333333333,0.5,0.0,0.2857142857142857,2014,6,0,-2.7766755194911505,-0.7021894436372591
380,1954,2,1,64497.0,0,1,2012-09-10,17,1170,48,320,42,32,192,5,11,4,9,8,1,0,0,0,0,0,3,11,1,1804,24,1,1,0.2,0.44,0.36,0.16,1.2222222222222223,2012,9,1,3.9340458958483113,4.352935190565899
2677,1956,2,4,46097.0,0,1,2013-03-31,11,72,24,68,65,4,8,5,3,1,6,4,0,0,0,0,0,0,3,11,0,241,10,1,0,0.45454545454545453,0.2727272727272727,0.5454545454545454,0.09090909090909091,0.6,2013,3,0,-1.3245883342637976,0.12224381423123763
6521,1954,2,4,77972.0,0,0,2014-03-18,18,613,22,319,33,102,12,1,4,6,9,1,0,0,0,0,0,0,3,11,0,1101,19,0,0,0.05,0.2,0.45,0.3,2.0,2014,3,1,3.0778179954793474,-1.7691569485658416
6927,1968,4,4,44377.0,1,1,2012-10-05,70,224,0,30,0,0,10,8,5,1,5,8,0,0,0,0,0,0,3,11,0,264,11,2,0,0.6666666666666666,0.4166666666666667,0.4166666666666667,0.08333333333333333,0.5555555555555556,2012,10,0,-2.4582739378035274,3.5167631120830873
2877,1974,3,4,46014.0,1,1,2013-01-21,21,410,0,59,19,9,44,10,7,1,8,7,0,0,0,0,0,0,3,11,0,541,16,2,0,0.5882352941176471,0.4117647058823529,0.47058823529411764,0.058823529411764705,0.875,2013,1,0,-1.4463713678348673,3.561397367082954
0,1985,2,4,70951.0,0,0,2013-05-04,66,239,10,554,254,87,54,1,3,4,9,1,0,0,0,0,0,0,3,11,0,1198,16,0,0,0.058823529411764705,0.17647058823529413,0.5294117647058824,0.23529411764705882,1.5,2013,5,1,3.1755676612619217,-2.830892519131479
1584,1977,2,4,41443.0,1,0,2014-04-01,79,171,7,171,25,19,89,6,8,1,5,8,0,0,0,0,0,0,3,11,0,482,14,1,0,0.4,0.5333333333333333,0.3333333333333333,0.06666666666666667,0.8888888888888888,2014,4,0,-1.0719055828522528,2.2472388166189647
7264,1978,1,0,52195.0,2,1,2014-05-12,2,12,0,4,0,0,1,1,1,0,2,8,0,0,0,0,0,0,3,11,0,17,3,3,0,0.25,0.25,0.5,0.0,0.1111111111111111,2014,5,0,-4.538872780120508,-0.4989888080959204
6274,1948,3,4,83790.0,0,0,2013-11-15,81,1076,16,417,42,48,16,1,8,10,6,3,0,1,1,0,0,0,3,11,0,1615,24,0,2,0.04,0.32,0.24,0.4,2.0,2013,11,1,5.927905997062323,0.7218973375697559
1377,1954,3,2,44551.0,0,1,2013-08-31,24,182,4,33,0,0,66,2,4,1,5,7,0,0,0,0,0,0,3,11,0,285,10,1,0,0.18181818181818182,0.36363636363636365,0.45454545454545453,0.09090909090909091,0.5,2013,8,0,-1.480445084018143,0.9540513428389557
454,1980,2,4,69508.0,1,0,2012-11-14,48,824,32,162,42,32,43,2,11,4,11,6,0,0,0,0,0,0,3,11,0,1135,26,1,0,0.07407407407407407,0.4074074074074074,0.4074074074074074,0.14814814814814814,1.5714285714285714,2012,11,1,2.0971061519585033,2.080210677550244
1755,1988,1,4,45204.0,1,0,2014-04-11,93,30,11,25,29,1,18,1,1,1,4,3,0,0,0,0,0,0,3,11,0,114,6,1,0,0.14285714285714285,0.14285714285714285,0.5714285714285714,0.14285714285714285,0.25,2014,4,0,-2.3310058312574053,-3.036344834000117
2075,1969,2,4,72460.0,0,0,2013-11-14,56,377,10,540,80,30,10,1,3,5,7,1,0,0,0,0,0,0,3,11,0,1047,15,0,0,0.0625,0.1875,0.4375,0.3125,1.5,2013,11,1,2.2958278217351245,-1.9609672791355275
4785,1970,4,4,77622.0,0,2,2014-04-14,3,520,7,154,19,0,14,2,6,3,11,3,0,0,0,0,0,0,3,11,0,714,20,2,0,0.09523809523809523,0.2857142857142857,0.5238095238095238,0.14285714285714285,1.5,2014,4,1,0.6265154105465608,1.2899416020911285
9076,1980,4,4,30732.0,1,0,2013-01-05,44,155,1,25,0,1,3,4,4,1,4,8,0,0,0,0,0,0,3,11,0,185,9,1,0,0.4,0.4,0.4,0.1,0.4444444444444444,2013,1,0,-2.5090810067453884,0.7522843525155293
7079,1962,2,1,63887.0,0,1,2012-09-08,38,897,23,207,15,11,92,5,9,6,12,6,0,0,0,0,0,0,3,11,0,1245,27,1,0,0.17857142857142858,0.32142857142857145,0.42857142857142855,0.21428571428571427,1.2857142857142858,2012,9,1,2.5972396072549313,2.915427662678033
4653,1978,2,4,42011.0,1,0,2013-03-26,46,131,0,16,2,1,39,4,3,1,4,8,0,0,0,0,0,0,3,11,0,189,8,1,0,0.4444444444444444,0.3333333333333333,0.4444444444444444,0.1111111111111111,0.3333333333333333,2013,3,0,-2.4971083320169187,0.15355631399654496
7375,1976,2,4,51369.0,0,1,2012-10-25,84,297,7,79,0,11,182,2,8,2,4,8,0,0,0,0,0,0,3,11,0,576,14,1,0,0.13333333333333333,0.5333333333333333,0.26666666666666666,0.13333333333333333,0.8888888888888888,2012,10,0,-0.023602133595673376,3.014193051222601
709,1952,2,1,51537.0,0,1,2012-12-09,27,787,20,204,0,0,92,3,2,2,11,8,0,0,0,0,0,0,3,11,0,1103,15,1,0,0.1875,0.125,0.6875,0.125,0.2222222222222222,2012,12,0,0.11829907872712679,0.15848450089107644
460,1972,4,4,79930.0,0,0,2012-08-08,72,792,86,740,67,51,17,1,3,5,8,2,0,0,0,0,0,0,3,11,0,1753,16,0,0,0.058823529411764705,0.17647058823529413,0.47058823529411764,0.29411764705882354,1.0,2012,8,1,3.6471549651411874,-1.6948853347292312
3726,1986,4,4,34320.0,1,0,2014-02-16,66,4,1,9,3,0,0,1,1,0,2,8,0,0,0,0,0,0,3,11,0,17,3,1,0,0.25,0.25,0.5,0.0,0.1111111111111111,2014,2,0,-3.6632343175071513,-1.6884057920968814
6798,1966,2,0,37070.0,1,1,2013-03-20,30,231,7,137,4,15,39,9,5,1,8,7,0,0,0,0,0,0,3,11,1,433,14,2,0,0.6,0.3333333333333333,0.5333333333333333,0.06666666666666667,0.625,2013,3,0,-1.6420950348793064,2.564324797014425
5341,1962,1,1,81975.0,0,1,2013-01-05,2,983,76,184,180,138,27,1,6,3,4,7,0,0,1,0,0,0,3,11,0,1588,13,1,1,0.07142857142857142,0.42857142857142855,0.2857142857142857,0.21428571428571427,0.75,2013,1,1,3.512841577268053,0.3999475252997715
1606,1971,2,4,38590.0,1,0,2013-05-15,65,3,1,8,4,3,3,1,1,0,2,8,0,0,0,0,0,0,3,11,0,22,3,1,0,0.25,0.25,0.5,0.0,0.1111111111111111,2013,5,0,-3.5421323898562114,-1.3896554940847672
9617,1951,2,0,15033.0,0,0,2014-04-16,37,0,4,5,6,0,4,1,1,0,3,3,0,0,0,0,0,0,3,11,0,19,4,0,0,0.2,0.2,0.6,0.0,0.25,2014,4,0,-2.6184783461779166,-2.857482982180543
3233,1965,4,4,62745.0,0,1,2013-03-23,89,562,21,464,28,10,32,3,7,8,11,5,0,0,0,0,0,0,3,11,0,1117,26,1,0,0.1111111111111111,0.25925925925925924,0.4074074074074074,0.2962962962962963,1.1666666666666667,2013,3,1,2.601876725985676,1.3327462471059708
89,1975,1,4,22212.0,1,0,2013-12-09,49,5,9,20,6,8,21,2,2,0,4,6,0,0,0,0,0,0,3,11,0,69,6,1,0,0.2857142857142857,0.2857142857142857,0.5714285714285714,0.0,0.2857142857142857,2013,12,0,-3.125217991427165,-1.153774772474918
2936,1982,3,4,23661.0,1,0,2013-12-04,46,18,0,4,0,0,1,1,1,0,3,7,0,0,0,0,0,0,3,11,0,23,4,1,0,0.2,0.2,0.6,0.0,0.125,2013,12,0,-3.6032461733027144,-1.7403166527643947
9449,1958,4,0,79761.0,0,1,2013-10-04,32,415,5,124,15,35,11,1,5,2,11,3,0,0,0,0,0,0,3,11,0,605,18,1,0,0.05263157894736842,0.2631578947368421,0.5789473684210527,0.10526315789473684,1.25,2013,10,1,0.6944251924591629,0.09022223702277088
7297,1973,2,0,7500.0,1,0,2013-12-26,54,5,3,10,12,7,20,4,3,1,3,7,0,0,0,0,0,0,3,11,0,57,7,1,0,0.5,0.375,0.375,0.125,0.375,2013,12,0,-2.8522888296096127,0.43735435913113546
11004,1893,1,0,60182.0,0,1,2014-05-17,23,8,0,5,7,0,2,1,1,0,2,4,0,0,0,0,0,0,3,11,0,22,3,1,0,0.25,0.25,0.5,0.0,0.2,2014,5,0,-2.5058183772076656,-0.7673503814269539
313,1968,2,2,73455.0,0,0,2013-10-28,98,901,61,757,186,163,20,1,6,5,10,3,0,1,0,0,0,0,3,11,0,2088,21,0,1,0.045454545454545456,0.2727272727272727,0.45454545454545453,0.22727272727272727,1.5,2013,10,1,5.706489942528906,-1.0237609972375092
9940,1958,2,4,64961.0,0,1,2012-12-23,97,382,114,276,75,124,38,2,6,4,4,3,0,0,0,0,0,0,3,11,0,1009,14,1,0,0.13333333333333333,0.4,0.26666666666666666,0.26666666666666666,1.5,2012,12,1,2.45823678840654,1.2263083826303602
10735,1971,2,0,22804.0,1,0,2013-07-31,75,14,1,7,2,1,1,1,2,0,2,9,0,0,0,0,0,0,3,11,0,26,4,1,0,0.2,0.4,0.4,0.0,0.2,2013,7,0,-3.5594966483328383,-0.33913264625628353
9529,1990,2,4,73687.0,0,0,2013-11-28,8,559,153,503,218,13,181,1,3,9,9,2,0,0,0,1,0,0,3,11,1,1627,21,0,1,0.045454545454545456,0.13636363636363635,0.4090909090909091,0.4090909090909091,1.0,2013,11,1,6.210270253547356,-2.326456779915351
6439,1958,2,4,61074.0,0,1,2012-08-17,37,789,0,133,0,28,152,7,11,5,8,7,0,0,0,0,0,0,3,11,0,1102,24,1,0,0.28,0.44,0.32,0.2,1.375,2012,8,1,2.049454882131989,4.5383017082307555
7411,1964,4,4,31686.0,1,1,2014-06-05,31,11,0,5,0,0,1,2,1,0,3,6,0,0,0,0,0,0,3,11,0,17,4,2,0,0.4,0.2,0.6,0.0,0.14285714285714285,2014,6,0,-3.824347632473548,-0.705231246333189
2176,1972,2,4,80134.0,1,0,2013-05-20,40,1218,16,272,104,0,80,2,5,3,6,6,0,1,1,1,0,0,3,11,1,1690,14,1,3,0.13333333333333333,0.3333333333333333,0.4,0.2,0.7142857142857143,2013,5,1,4.049901899296077,0.1020211841852575
9265,1953,2,4,75027.0,0,1,2013-01-09,74,925,64,179,133,12,77,2,9,4,6,5,0,0,0,0,0,0,3,11,0,1390,19,1,0,0.1,0.45,0.3,0.2,1.5,2013,1,1,2.7369216462742703,2.13787723790313
8867,1988,4,4,67546.0,0,0,2012-08-31,90,864,134,768,150,38,172,1,4,10,5,3,0,0,0,0,0,0,3,11,0,2126,19,0,0,0.05,0.2,0.25,0.5,1.0,2012,8,1,5.738411164333299,-0.9178856643958507
8932,1969,3,4,65176.0,0,1,2012-10-29,57,960,28,183,220,70,70,4,9,6,6,6,0,0,0,0,0,0,3,11,0,1531,21,1,0,0.18181818181818182,0.4090909090909091,0.2727272727272727,0.2727272727272727,1.2857142857142858,2012,10,1,3.4424446403133624,2.8298897161823158
10236,1975,3,0,31160.0,1,0,2013-09-16,59,16,3,25,6,1,13,2,2,0,3,8,0,0,0,0,0,0,3,11,0,64,5,1,0,0.3333333333333333,0.3333333333333333,0.5,0.0,0.2222222222222222,2013,9,0,-3.298396372750368,-0.5333792750460494
6340,1985,2,0,29938.0,1,0,2013-10-27,52,3,3,7,0,2,11,2,1,0,3,6,0,0,0,0,0,0,3,11,0,26,4,1,0,0.4,0.2,0.6,0.0,0.14285714285714285,2013,10,0,-3.4957813262626076,-1.834597382359158
10089,1974,2,1,102692.0,0,0,2013-04-05,5,168,148,444,32,172,148,1,6,9,13,2,0,1,1,1,1,0,3,11,1,1112,28,0,4,0.034482758620689655,0.20689655172413793,0.4482758620689655,0.3103448275862069,2.0,2013,4,1,8.673458075483143,-1.7288929004304898
2227,1958,1,4,26490.0,0,0,2012-09-22,92,45,47,52,21,20,25,2,3,1,5,6,0,0,0,0,0,0,3,11,0,210,9,0,0,0.2,0.3,0.5,0.1,0.42857142857142855,2012,9,0,-1.236142397644652,-0.8587295043297603
10992,1967,2,4,75702.0,1,1,2012-08-29,77,650,28,353,45,42,30,5,4,6,11,8,0,0,0,0,0,0,3,11,0,1148,21,2,0,0.22727272727272727,0.18181818181818182,0.5,0.2727272727272727,0.4444444444444444,2012,8,1,1.114497433426864,1.5108776767824765
5304,1974,4,0,30899.0,1,0,2012-10-13,35,24,0,8,0,0,1,2,1,0,3,6,0,0,0,0,0,0,3,11,0,33,4,1,0,0.4,0.2,0.6,0.0,0.14285714285714285,2012,10,0,-3.3921708681604477,-1.2291631605898918
309,1961,4,4,63342.0,0,1,2012-10-16,48,918,21,118,13,10,21,3,8,3,5,6,0,1,0,0,0,0,3,11,0,1101,16,1,1,0.17647058823529413,0.47058823529411764,0.29411764705882354,0.17647058823529413,1.1428571428571428,2012,10,1,1.5712366480245246,3.278828600799659
3406,1964,2,0,45989.0,0,1,2012-10-22,97,138,33,87,28,24,12,4,3,2,7,3,0,0,0,0,0,0,3,11,0,322,12,1,0,0.3076923076923077,0.23076923076923078,0.5384615384615384,0.15384615384615385,0.75,2012,10,0,-0.6223509776729494,0.022062295248167187
2661,1964,2,0,18701.0,1,1,2013-06-04,95,12,4,2,10,6,10,4,2,0,4,5,0,0,0,0,0,0,3,11,0,44,6,2,0,0.5714285714285714,0.2857142857142857,0.5714285714285714,0.0,0.3333333333333333,2013,6,0,-3.527403134459772,0.229865623352539
3153,1957,4,0,40737.0,2,1,2013-12-08,24,11,0,4,0,0,2,1,1,0,2,8,0,0,0,0,0,0,3,11,0,17,3,3,0,0.25,0.25,0.5,0.0,0.1111111111111111,2013,12,0,-4.425808535974869,0.5066416616011332
10264,1979,2,1,15287.0,1,0,2012-10-10,60,1,2,8,4,3,13,2,1,1,2,7,1,0,0,0,0,0,3,11,1,31,4,1,1,0.4,0.2,0.4,0.2,0.125,2012,10,0,-2.4315235979873617,-0.7187962533065739
1184,1968,4,1,69674.0,0,2,2013-05-22,46,554,41,215,11,0,24,3,10,2,10,5,0,0,0,0,0,0,3,11,0,845,22,2,0,0.13043478260869565,0.43478260869565216,0.43478260869565216,0.08695652173913043,1.6666666666666667,2013,5,1,0.9512627105325433,3.3247856985513256
4200,1970,3,4,44159.0,1,0,2014-06-17,85,167,2,62,24,13,7,4,4,1,6,5,0,0,0,0,0,0,3,11,0,275,11,1,0,0.3333333333333333,0.3333333333333333,0.5,0.08333333333333333,0.6666666666666666,2014,6,0,-1.7358813703298104,-0.1458150672061418
9396,1978,4,4,37717.0,1,0,2012-11-23,31,9,0,6,4,1,5,1,1,0,2,9,0,0,0,0,0,0,3,11,0,25,3,1,0,0.25,0.25,0.5,0.0,0.1,2012,11,0,-3.5558445336862023,-0.7398981424290328
2387,1952,3,4,43776.0,1,1,2013-02-03,9,177,2,71,3,2,20,6,5,2,4,8,0,0,0,0,0,0,3,11,1,275,11,2,0,0.5,0.4166666666666667,0.3333333333333333,0.16666666666666666,0.5555555555555556,2013,2,0,-1.8208642206027594,2.975415233838856
6690,1966,3,4,38179.0,1,1,2013-03-14,30,38,4,22,4,2,20,4,3,1,3,7,0,0,0,0,0,0,3,11,0,90,7,2,0,0.5,0.375,0.375,0.125,0.375,2013,3,0,-2.898322754283821,1.4726223493992803
1225,1963,2,4,80124.0,0,0,2014-06-26,47,483,84,398,205,84,241,1,3,7,8,1,1,0,0,0,0,0,3,11,0,1495,18,0,1,0.05263157894736842,0.15789473684210525,0.42105263157894735,0.3684210526315789,1.5,2014,6,1,5.256302877471556,-2.0592126299047213
9703,1970,4,4,38097.0,1,1,2012-10-15,70,77,2,35,0,1,69,4,3,2,2,7,1,0,0,0,0,0,3,11,1,184,7,2,1,0.5,0.375,0.25,0.25,0.375,2012,10,0,-1.615283162082664,2.5781122672183843
291,1970,2,4,72940.0,0,0,2013-06-19,13,182,74,298,162,149,116,1,3,3,6,1,0,0,0,0,0,0,3,11,0,981,12,0,0,0.07692307692307693,0.23076923076923078,0.46153846153846156,0.23076923076923078,1.5,2013,6,1,2.8984278943695125,-2.2817182336682165
4557,1970,2,4,22070.0,1,0,2013-10-04,11,10,7,19,8,2,21,2,2,2,2,6,0,0,0,0,0,0,3,11,0,67,6,1,0,0.2857142857142857,0.2857142857142857,0.2857142857142857,0.2857142857142857,0.2857142857142857,2013,10,0,-2.2694718051202276,-0.4086639837590429
2379,1953,2,0,69267.0,0,0,2012-09-22,31,778,44,499,95,73,146,2,3,4,5,7,0,0,0,0,0,0,3,11,1,1635,12,0,0,0.15384615384615385,0.23076923076923078,0.38461538461538464,0.3076923076923077,0.375,2012,9,1,3.008276533651958,-0.30634720542096855
5726,1983,3,0,31788.0,1,0,2014-03-20,15,16,7,23,0,8,6,3,3,0,4,5,0,0,0,0,0,1,3,11,0,60,7,1,0,0.375,0.375,0.5,0.0,0.5,2014,3,0,-3.0236761655321738,-0.7408573558544925
3066,1975,4,4,61905.0,0,1,2014-02-04,2,167,0,43,6,2,13,2,4,2,4,5,0,0,0,0,0,0,3,11,0,231,10,1,0,0.18181818181818182,0.36363636363636365,0.36363636363636365,0.18181818181818182,0.6666666666666666,2014,2,0,-1.1545369712385791,0.3205511910081744
6336,1960,2,4,29315.0,1,1,2014-04-06,55,13,2,14,8,7,4,4,2,0,4,6,0,0,0,0,0,0,3,11,0,48,6,2,0,0.5714285714285714,0.2857142857142857,0.5714285714285714,0.0,0.2857142857142857,2014,4,0,-3.584859697267036,0.12066554450932276
10967,1963,2,1,33378.0,1,1,2013-02-06,38,33,6,40,3,7,10,3,2,0,4,7,0,0,0,0,0,0,3,11,0,99,6,2,0,0.42857142857142855,0.2857142857142857,0.5714285714285714,0.0,0.25,2013,2,0,-3.4631175283849247,0.11947554047497345
2304,1963,4,4,66313.0,0,1,2013-09-16,86,625,7,99,10,22,7,2,6,3,12,4,0,0,0,0,0,0,3,11,0,770,21,1,0,0.09090909090909091,0.2727272727272727,0.5454545454545454,0.13636363636363635,1.2,2013,9,1,0.9785536714635384,0.8283041129750143
3445,1956,2,0,60714.0,0,0,2013-01-17,56,216,162,224,101,92,162,2,7,4,10,5,0,0,0,0,0,0,3,11,1,957,21,0,0,0.09090909090909091,0.3181818181818182,0.45454545454545453,0.18181818181818182,1.1666666666666667,2013,1,1,3.57353247893538,-0.24655626791956678
7828,1981,3,4,77882.0,0,0,2014-04-30,29,68,129,396,188,22,15,1,3,3,5,1,0,0,0,0,0,0,3,11,0,818,11,0,0,0.08333333333333333,0.25,0.4166666666666667,0.25,1.5,2014,4,1,2.1856175354983702,-2.7051981866190173
3762,1986,4,0,69867.0,0,0,2013-04-02,30,196,0,512,33,130,54,1,3,5,8,1,0,0,0,1,0,0,3,11,1,925,16,0,1,0.058823529411764705,0.17647058823529413,0.47058823529411764,0.29411764705882354,1.5,2013,4,1,3.561866470190314,-2.408276772172093
4391,1968,3,1,63841.0,0,1,2013-04-21,64,635,15,100,20,7,131,1,9,3,9,6,0,0,0,0,0,0,3,11,0,908,21,1,0,0.045454545454545456,0.4090909090909091,0.4090909090909091,0.13636363636363635,1.2857142857142858,2013,4,1,1.4131455220988116,1.9388754915256958
4669,1981,0,4,24480.0,1,0,2013-02-11,46,4,19,9,28,25,17,3,3,0,4,7,0,0,0,0,0,0,3,11,0,102,7,1,0,0.375,0.375,0.5,0.0,0.375,2013,2,0,-2.8967052326251683,-0.6432666919208252
10144,1976,2,4,51369.0,0,1,2012-10-25,84,297,7,79,0,11,182,2,8,2,4,8,0,0,0,0,0,0,3,11,0,576,14,1,0,0.13333333333333333,0.5333333333333333,0.26666666666666666,0.13333333333333333,0.8888888888888888,2012,10,0,-0.023602133595673376,3.014193051222601
8652,1946,2,4,37760.0,0,0,2012-08-31,20,84,5,38,150,12,28,2,4,1,6,7,0,0,0,0,0,0,3,11,0,317,11,0,0,0.16666666666666666,0.3333333333333333,0.5,0.08333333333333333,0.5,2012,8,0,-0.6258261652106546,-0.28635591117751596
1672,1974,4,4,65640.0,0,1,2014-03-01,74,204,7,149,20,15,66,1,5,1,8,2,0,0,0,0,0,0,3,11,0,461,14,1,0,0.06666666666666667,0.3333333333333333,0.5333333333333333,0.06666666666666667,1.6666666666666667,2014,3,0,0.046405391597482214,-0.241806115705619
8962,1975,3,4,44319.0,1,1,2014-04-17,18,26,0,8,0,0,3,2,2,0,3,5,0,0,0,0,0,0,3,11,0,37,5,2,0,0.3333333333333333,0.3333333333333333,0.5,0.0,0.3333333333333333,2014,4,0,-3.433409101518073,-0.18892414077531527
9974,1974,2,4,30631.0,1,0,2013-07-12,75,15,6,20,4,5,20,1,3,1,2,7,0,0,0,0,0,0,3,11,0,70,6,1,0,0.14285714285714285,0.42857142857142855,0.2857142857142857,0.14285714285714285,0.375,2013,7,0,-2.536440474823327,0.04391965782206755
10983,1952,2,4,75278.0,0,0,2013-01-29,17,304,98,230,150,74,74,1,6,3,13,3,0,0,0,0,0,0,3,11,0,930,22,0,0,0.043478260869565216,0.2608695652173913,0.5652173913043478,0.13043478260869565,1.5,2013,1,1,3.1352173972326,-1.2683114829764701
8148,1956,3,4,50898.0,1,1,2013-01-08,88,285,28,242,55,114,135,13,6,2,12,5,0,0,0,0,0,0,3,11,0,859,20,2,0,0.6190476190476191,0.2857142857142857,0.5714285714285714,0.09523809523809523,1.0,2013,1,1,0.634795685040163,3.306734166205554
10102,1966,2,2,79946.0,0,0,2014-05-12,19,395,183,565,166,141,28,1,5,11,5,3,0,0,0,0,0,0,3,11,0,1478,21,0,0,0.045454545454545456,0.22727272727272727,0.22727272727272727,0.5,1.25,2014,5,1,5.535200940374817,-1.7782953667118244
4697,1949,3,1,35416.0,0,0,2013-06-13,62,248,3,81,4,3,51,3,7,1,5,8,0,0,0,0,0,0,3,11,0,390,13,0,0,0.21428571428571427,0.5,0.35714285714285715,0.07142857142857142,0.7777777777777778,2013,6,0,-0.7538160755177044,1.5470555966627897
9262,1984,1,4,32414.0,0,0,2013-07-04,11,20,6,5,0,9,12,1,1,0,3,7,1,0,0,0,0,0,3,11,0,52,4,0,1,0.2,0.2,0.6,0.0,0.125,2013,7,0,-2.479006407059411,-2.44655695890699
7254,1969,2,4,38361.0,1,0,2013-12-27,74,39,0,56,20,8,14,3,3,1,3,7,0,0,0,0,0,0,3,11,0,137,7,1,0,0.375,0.375,0.375,0.125,0.375,2013,12,0,-2.4051867519159296,0.29414181316796073
4543,1980,2,4,82497.0,0,0,2012-10-31,32,777,129,573,216,21,203,1,2,7,9,4,0,0,1,0,0,0,3,11,0,1919,18,0,1,0.05263157894736842,0.10526315789473684,0.47368421052631576,0.3684210526315789,0.4,2012,10,1,5.71202656808348,-2.4151843570710625
4927,1971,2,4,16626.0,2,0,2014-01-15,76,8,3,22,21,1,13,3,3,0,3,9,0,0,0,0,0,0,3,11,0,68,6,2,0,0.42857142857142855,0.42857142857142855,0.42857142857142855,0.0,0.3,2014,1,0,-4.04064291295023,0.4582468492933822
10451,1965,2,4,29672.0,1,1,2013-03-12,6,9,1,3,0,4,8,1,0,0,3,6,0,0,0,0,0,0,3,11,0,25,3,2,0,0.25,0.0,0.75,0.0,0.0,2013,3,0,-4.01571917813708,-2.2636128152121353
2926,1952,3,4,55951.0,0,1,2012-08-23,62,1241,0,80,0,13,40,3,3,6,11,8,0,1,0,0,1,0,3,11,0,1374,20,1,2,0.14285714285714285,0.14285714285714285,0.5238095238095238,0.2857142857142857,0.3333333333333333,2012,8,1,2.634022539320172,1.192795562441565
2874,1988,1,1,35388.0,1,0,2013-03-07,20,6,4,7,4,3,8,1,1,0,3,7,0,0,0,0,0,0,3,11,0,32,4,1,0,0.2,0.2,0.6,0.0,0.125,2013,3,0,-3.509396782501443,-2.2998053870426847
9738,1986,3,4,42386.0,1,0,2013-01-13,43,65,4,16,0,4,11,1,3,0,3,8,0,0,0,0,0,0,3,11,0,100,6,1,0,0.14285714285714285,0.42857142857142855,0.42857142857142855,0.0,0.3333333333333333,2013,1,0,-2.9908013309172343,-0.32782221487772417
7119,1982,2,0,68627.0,0,0,2013-01-12,45,395,15,263,60,54,38,1,2,3,6,1,0,0,0,0,0,0,3,11,0,825,11,0,0,0.08333333333333333,0.16666666666666666,0.5,0.25,1.0,2013,1,1,1.1863284962651597,-2.803910838241317
3924,1965,4,1,57912.0,0,1,2014-03-17,34,801,0,80,0,0,35,5,8,3,12,5,0,1,0,0,0,0,3,11,0,916,23,1,1,0.20833333333333334,0.3333333333333333,0.5,0.125,1.3333333333333333,2014,3,1,1.582465523236792,2.1797753187909064
5827,1958,2,1,35246.0,1,1,2014-04-16,53,36,0,12,2,2,10,4,3,1,3,5,0,0,0,0,0,0,3,11,0,62,7,2,0,0.5,0.375,0.375,0.125,0.5,2014,4,0,-2.854940927842175,0.9747764210283286
5596,1956,1,4,58821.0,0,1,2013-10-12,44,513,14,154,19,0,28,1,9,2,9,6,0,0,0,0,0,0,3,11,0,728,20,1,0,0.047619047619047616,0.42857142857142855,0.42857142857142855,0.09523809523809523,1.2857142857142858,2013,10,1,0.6133880413160624,1.810952018611453
10812,1978,4,4,46377.0,1,0,2014-03-01,89,37,0,46,4,3,0,1,2,1,3,4,0,0,0,0,0,0,3,11,0,90,6,1,0,0.14285714285714285,0.2857142857142857,0.42857142857142855,0.14285714285714285,0.4,2014,3,0,-2.3285884566671586,-1.4770455661188175
1717,1988,2,0,39747.0,1,0,2014-04-13,43,80,15,93,20,13,52,3,5,1,4,8,0,0,0,0,0,0,3,11,0,273,10,1,0,0.2727272727272727,0.45454545454545453,0.36363636363636365,0.09090909090909091,0.5555555555555556,2014,4,0,-1.905308215314981,0.3812416527422901
9491,1984,2,4,23976.0,1,0,2013-12-27,68,14,1,21,2,3,25,3,3,1,3,7,0,0,0,0,0,0,3,11,0,66,7,1,0,0.375,0.375,0.375,0.125,0.375,2013,12,0,-2.7374568353540036,0.16861993061687824
9274,1961,3,4,80950.0,0,0,2013-03-28,44,525,147,112,219,147,63,1,6,7,9,2,0,0,0,1,0,0,3,11,0,1213,22,0,1,0.043478260869565216,0.2608695652173913,0.391304347826087,0.30434782608695654,2.0,2013,3,1,5.803360774205381,-1.3836607294862875
6609,1966,2,2,27038.0,0,0,2012-09-18,64,1,26,25,17,23,15,1,3,0,3,9,0,0,0,0,0,0,3,11,1,107,6,0,0,0.14285714285714285,0.42857142857142855,0.42857142857142855,0.0,0.3,2012,9,0,-1.947294465464656,-0.08593647033383811
6963,1947,2,0,77457.0,0,0,2014-03-05,85,675,11,400,15,45,11,1,2,5,10,1,0,0,1,0,0,0,3,11,0,1157,17,0,1,0.05555555555555555,0.1111111111111111,0.5555555555555556,0.2777777777777778,1.0,2014,3,1,3.0921309170600333,-3.004519260797348
4440,1964,3,4,64100.0,0,1,2013-09-10,93,509,0,27,0,0,10,1,8,3,6,7,0,1,0,0,0,0,3,11,0,546,17,1,1,0.05555555555555555,0.4444444444444444,0.3333333333333333,0.16666666666666666,1.0,2013,9,0,0.5686280674725318,2.2840724859190904
1379,1992,3,4,42670.0,0,0,2013-04-27,12,154,2,46,20,4,15,1,4,2,4,4,0,0,0,0,0,0,3,11,0,241,10,0,0,0.09090909090909091,0.36363636363636365,0.36363636363636365,0.18181818181818182,0.8,2013,4,0,-0.7904031912755384,-0.9995824822928935
10032,1976,2,1,12571.0,1,0,2014-01-18,86,3,5,14,2,12,17,4,3,1,3,6,0,0,0,0,0,0,3,11,0,53,7,1,0,0.5,0.375,0.375,0.125,0.42857142857142855,2014,1,0,-2.805103671004751,-0.205302248624309
2826,1967,2,4,22574.0,2,1,2013-10-28,28,25,0,8,2,0,2,2,2,0,3,7,0,0,0,0,0,0,3,11,0,37,5,3,0,0.3333333333333333,0.3333333333333333,0.5,0.0,0.25,2013,10,0,-4.386012378874023,0.8317247864914555
6320,1976,3,0,70893.0,0,0,2013-02-06,42,768,44,561,77,44,14,1,6,6,10,3,0,0,0,0,0,0,3,11,0,1508,22,0,0,0.043478260869565216,0.2608695652173913,0.43478260869565216,0.2608695652173913,1.5,2013,2,1,3.574075952472731,-1.0299893418881805
3050,1966,2,4,54198.0,1,1,2013-12-17,13,185,0,28,3,2,17,6,3,1,6,4,0,0,0,0,0,0,3,11,0,235,10,2,0,0.5454545454545454,0.2727272727272727,0.5454545454545454,0.09090909090909091,0.6,2013,12,0,-2.2535345595517295,1.1044188735084082
231,1956,3,4,28839.0,1,1,2014-03-11,86,24,0,7,0,0,1,2,2,0,3,5,0,0,0,0,0,0,3,11,0,32,5,2,0,0.3333333333333333,0.3333333333333333,0.5,0.0,0.3333333333333333,2014,3,0,-3.5149188811488337,0.015558707967614204
2392,1972,2,4,40321.0,1,1,2013-07-29,59,44,4,21,6,0,27,2,3,0,3,7,0,0,0,0,0,0,3,11,0,102,6,2,0,0.2857142857142857,0.42857142857142855,0.42857142857142855,0.0,0.375,2013,7,0,-3.2273529845970756,0.9997610155321061
9478,1985,2,0,66503.0,1,0,2012-08-14,30,91,64,128,65,3,50,2,4,3,6,3,0,0,0,0,0,0,3,11,0,401,13,1,0,0.14285714285714285,0.2857142857142857,0.42857142857142855,0.21428571428571427,1.0,2012,8,0,0.03783400473186897,-0.6716816321311545
113,1951,2,4,30833.0,1,1,2013-07-16,33,11,0,7,3,1,6,2,1,0,3,5,0,0,0,0,0,0,3,11,0,28,4,2,0,0.4,0.2,0.6,0.0,0.16666666666666666,2013,7,0,-3.6644134194701867,-0.5803520450198434
1802,1971,2,4,64795.0,0,1,2013-01-17,23,412,5,119,38,29,77,3,3,3,12,2,0,0,0,0,0,0,3,11,0,680,18,1,0,0.15789473684210525,0.15789473684210525,0.631578947368421,0.15789473684210525,1.0,2013,1,1,0.7938933776056948,-0.8257665669780185
520,1974,2,4,34421.0,1,0,2013-07-01,81,3,3,7,6,2,9,1,1,0,2,7,0,0,0,0,0,0,3,11,0,30,3,1,0,0.25,0.25,0.5,0.0,0.125,2013,7,0,-3.4664480716524237,-1.4770120071204111
8275,1965,4,1,47025.0,1,1,2014-02-09,6,16,0,3,0,0,1,1,1,0,2,7,0,0,0,0,0,0,3,11,0,20,3,2,0,0.25,0.25,0.5,0.0,0.125,2014,2,0,-3.7432540864390598,-0.6127591693486553
9750,1961,4,1,64325.0,0,1,2013-02-07,41,731,60,353,78,12,73,5,10,3,5,7,0,0,0,0,0,0,3,11,0,1307,18,1,0,0.2631578947368421,0.5263157894736842,0.2631578947368421,0.15789473684210525,1.25,2013,2,1,1.9311626432190467,3.494564348827684
2607,1953,2,0,40464.0,0,1,2013-01-11,78,424,17,118,7,23,41,6,8,2,8,8,0,0,0,0,0,0,3,11,0,630,18,1,0,0.3157894736842105,0.42105263157894735,0.42105263157894735,0.10526315789473684,0.8888888888888888,2013,1,0,-0.1447143345183807,2.706871271983294
7214,1957,2,4,62187.0,0,0,2013-07-05,49,792,0,275,45,45,126,1,4,8,5,3,0,0,0,0,0,0,3,11,0,1283,17,0,0,0.05555555555555555,0.2222222222222222,0.2777777777777778,0.4444444444444444,1.0,2013,7,1,3.0503617610516387,-0.5900741003997337
5835,1976,4,1,14849.0,1,0,2013-07-02,39,21,2,28,3,2,9,3,2,0,4,8,0,0,0,0,0,0,3,11,0,65,6,1,0,0.42857142857142855,0.2857142857142857,0.5714285714285714,0.0,0.2222222222222222,2013,7,0,-3.4420078966880685,-0.5532013622008369
3896,1984,2,4,27255.0,1,0,2013-11-07,3,22,1,11,0,1,2,1,1,0,3,7,0,0,0,0,0,0,3,11,0,37,4,1,0,0.2,0.2,0.6,0.0,0.125,2013,11,0,-3.577103121129263,-1.9022175398047019
10350,1950,4,4,54432.0,2,1,2013-05-09,37,33,0,5,0,0,0,1,1,0,3,4,0,0,0,0,0,0,3,11,0,38,4,3,0,0.2,0.2,0.6,0.0,0.2,2013,5,0,-3.9125140283882276,-0.3195652804402937
7786,1986,4,0,29999.0,1,0,2013-02-13,22,68,7,59,10,5,11,4,3,1,4,8,0,0,0,0,0,0,3,11,0,160,8,1,0,0.4444444444444444,0.3333333333333333,0.4444444444444444,0.1111111111111111,0.3333333333333333,2013,2,0,-2.5988900641768113,0.05508696352688037
2861,1983,2,0,24072.0,1,0,2013-04-16,79,9,1,6,3,0,4,1,1,0,2,8,0,0,0,0,0,0,3,11,0,23,3,1,0,0.25,0.25,0.5,0.0,0.1111111111111111,2013,4,0,-3.7218751794841944,-1.6114795691224675
663,1989,4,0,33996.0,0,0,2013-09-11,46,40,2,15,8,0,6,1,1,1,3,4,0,0,0,0,0,0,3,11,0,71,5,0,0,0.16666666666666666,0.16666666666666666,0.5,0.16666666666666666,0.2,2013,9,0,-1.9511141876091862,-2.48756164990418
10675,1956,4,4,66334.0,0,1,2013-04-03,82,909,11,218,0,0,23,2,9,3,5,5,0,0,0,0,0,0,3,11,1,1161,17,1,0,0.1111111111111111,0.5,0.2777777777777778,0.16666666666666666,1.5,2013,4,1,1.5570752780579982,2.9179563613452237
2521,1971,3,4,35178.0,1,0,2013-01-10,10,23,1,13,2,2,18,1,1,1,2,7,1,0,0,0,0,0,3,11,1,59,4,1,1,0.2,0.2,0.4,0.2,0.125,2013,1,0,-2.177146962791404,-1.1804437720990484
9592,1983,2,4,22010.0,1,0,2013-06-30,51,11,2,9,3,0,8,2,2,0,3,8,0,0,0,0,0,0,3,11,0,33,5,1,0,0.3333333333333333,0.3333333333333333,0.5,0.0,0.2222222222222222,2013,6,0,-3.5304808754541837,-0.7463949757291878
10151,1960,2,1,62204.0,0,2,2012-09-12,38,317,46,247,151,46,139,1,4,5,12,3,0,0,0,0,0,0,3,11,0,946,21,2,0,0.045454545454545456,0.18181818181818182,0.5454545454545454,0.22727272727272727,1.0,2012,9,1,2.246887197698506,0.5894434782126442
7381,1968,2,1,75693.0,0,0,2012-12-06,10,797,153,293,72,97,30,1,11,4,6,4,0,1,1,1,0,0,3,11,1,1442,21,0,3,0.045454545454545456,0.5,0.2727272727272727,0.18181818181818182,2.2,2012,12,1,6.591330245120956,1.1588688756402907
4099,1972,2,4,30675.0,1,0,2012-11-12,14,10,2,16,11,2,21,1,1,0,3,8,0,0,0,0,0,0,3,11,0,62,4,1,0,0.2,0.2,0.6,0.0,0.1111111111111111,2012,11,0,-3.412850576436429,-1.378888251297492
9560,1965,2,4,83003.0,0,0,2013-03-03,18,856,61,570,40,25,122,1,7,6,8,3,0,0,1,0,0,0,3,11,1,1674,21,0,1,0.045454545454545456,0.3181818181818182,0.36363636363636365,0.2727272727272727,1.75,2013,3,1,5.201048680326616,-0.3474307723223527
1150,1899,4,4,83532.0,0,0,2013-09-26,36,755,144,562,104,64,224,1,4,6,4,1,0,0,1,0,0,0,3,11,0,1853,14,0,1,0.06666666666666667,0.26666666666666666,0.26666666666666666,0.4,2.0,2013,9,1,6.293582929333449,-0.2840277987145051
10172,1988,2,0,68655.0,0,0,2012-08-10,95,456,19,832,75,118,38,1,4,5,11,3,0,0,0,0,0,0,3,11,0,1538,20,0,0,0.047619047619047616,0.19047619047619047,0.5238095238095238,0.23809523809523808,1.0,2012,8,1,3.4802457749250313,-1.9541884307157584
11191,1986,2,1,41411.0,0,0,2013-12-07,11,37,32,38,11,3,18,1,2,1,4,6,0,0,0,0,0,0,3,11,0,139,7,0,0,0.125,0.25,0.5,0.125,0.2857142857142857,2013,12,0,-1.6523241194423548,-1.9060093476774438
9707,1969,4,4,55212.0,0,1,2012-11-23,65,1103,0,45,0,0,34,3,4,2,11,8,0,1,0,0,1,0,3,11,0,1182,17,1,2,0.16666666666666666,0.2222222222222222,0.6111111111111112,0.1111111111111111,0.4444444444444444,2012,11,1,1.458928918971178,1.3315609624677143
6245,1950,4,4,59292.0,0,1,2013-06-13,71,378,14,68,19,14,14,2,3,5,8,3,0,0,0,0,0,0,3,11,0,507,16,1,0,0.11764705882352941,0.17647058823529413,0.47058823529411764,0.29411764705882354,0.75,2013,6,0,0.5201834232286613,-0.12728600693712933
8234,1973,0,4,27190.0,1,0,2013-08-15,13,1,6,7,0,1,3,1,1,0,2,8,1,0,0,0,0,0,3,11,1,18,3,1,1,0.25,0.25,0.5,0.0,0.1111111111111111,2013,8,0,-3.0994478890202175,-1.337344370915723
1411,1952,2,1,82623.0,0,0,2013-11-10,58,204,34,204,172,153,173,1,2,9,4,1,0,0,0,0,0,0,3,11,0,940,15,0,0,0.0625,0.125,0.25,0.5625,1.0,2013,11,1,4.191647142907266,-1.873559787994526
8553,1965,2,4,44300.0,1,1,2013-06-23,65,30,0,9,0,0,3,2,1,0,3,6,0,0,0,0,0,0,3,11,0,42,4,2,0,0.4,0.2,0.6,0.0,0.14285714285714285,2013,6,0,-3.6819490505345773,-0.6550919716563773
1826,1970,2,1,84835.0,0,0,2014-06-16,0,189,104,379,111,189,218,1,4,4,6,1,0,0,0,0,0,0,3,11,1,1190,14,0,0,0.06666666666666667,0.26666666666666666,0.4,0.26666666666666666,2.0,2014,6,1,4.422100365497444,-1.788623682512413
8842,1971,2,2,30372.0,1,1,2012-12-25,33,15,0,12,7,3,7,3,2,0,3,7,0,0,0,0,0,0,3,11,0,44,5,2,0,0.5,0.3333333333333333,0.5,0.0,0.25,2012,12,0,-3.634911782969229,0.8725074769224908
11030,1976,3,4,33181.0,1,0,2014-01-03,90,9,0,3,0,0,4,1,1,0,2,6,1,0,0,0,0,0,3,11,0,16,3,1,1,0.25,0.25,0.5,0.0,0.14285714285714285,2014,1,0,-3.158642149984639,-1.7986262702921896
2579,1957,2,4,71113.0,0,1,2013-12-17,95,495,33,255,11,33,8,4,6,7,9,4,0,0,0,0,0,0,3,11,0,835,22,1,0,0.17391304347826086,0.2608695652173913,0.391304347826087,0.30434782608695654,1.2,2013,12,1,1.9114557864417911,1.3032902813999097
175,1986,2,4,71952.0,1,0,2013-01-10,93,656,80,455,52,107,93,2,8,4,8,4,1,0,1,0,0,0,3,11,0,1443,20,1,2,0.09523809523809523,0.38095238095238093,0.38095238095238093,0.19047619047619047,1.6,2013,1,1,4.052783324610943,0.09531924241525362
9185,1966,4,0,69759.0,0,0,2013-10-28,38,452,20,514,13,30,0,3,4,6,5,3,0,0,0,0,0,0,3,11,1,1029,15,0,0,0.1875,0.25,0.3125,0.375,1.0,2013,10,1,2.277617276798117,-0.3330029907341194
11056,1974,2,4,72099.0,0,0,2012-10-27,18,546,91,410,119,0,22,1,3,4,10,1,0,0,0,0,0,0,3,11,0,1188,17,0,0,0.05555555555555555,0.16666666666666666,0.5555555555555556,0.2222222222222222,1.5,2012,10,1,2.7363130095633936,-2.087127704240623
9365,1976,4,0,60000.0,0,1,2012-12-22,57,1048,0,217,0,0,12,5,11,3,5,6,0,0,0,0,0,0,3,11,0,1277,19,1,0,0.25,0.55,0.25,0.15,1.5714285714285714,2012,12,1,1.348149423622456,4.3268446027100795
6201,1978,2,0,38643.0,1,1,2013-11-29,45,22,2,14,0,1,10,2,2,0,3,7,0,0,0,0,0,1,3,11,0,49,5,2,0,0.3333333333333333,0.3333333333333333,0.5,0.0,0.25,2013,11,0,-3.710151783136266,0.2733313253439886
2061,1955,2,4,50737.0,0,1,2013-05-11,61,78,0,11,0,0,10,1,2,0,4,6,0,1,0,0,0,0,3,11,0,99,6,1,1,0.14285714285714285,0.2857142857142857,0.5714285714285714,0.0,0.2857142857142857,2013,5,0,-1.978516556931993,-0.41822495794740083
6184,1969,4,4,68462.0,0,0,2012-12-12,6,561,64,785,84,128,48,1,3,3,8,1,0,0,0,0,0,0,3,11,0,1670,14,0,0,0.06666666666666667,0.2,0.5333333333333333,0.2,1.5,2012,12,1,3.5463085503113243,-1.8510908791011167
6142,1943,3,4,65073.0,0,0,2013-08-20,65,629,17,177,69,0,8,1,5,3,5,2,0,0,0,0,0,1,3,11,0,900,13,0,0,0.07142857142857142,0.35714285714285715,0.35714285714285715,0.21428571428571427,1.6666666666666667,2013,8,1,1.3164698682380265,-0.1425510122761227
4107,1948,4,4,46681.0,0,2,2013-10-08,52,269,15,69,15,19,38,2,4,6,4,5,0,0,0,0,0,0,3,11,0,425,14,2,0,0.13333333333333333,0.26666666666666666,0.26666666666666666,0.4,0.6666666666666666,2013,10,0,0.05104845764820619,2.00049267382503
7274,1957,2,4,78618.0,0,0,2012-09-28,87,736,163,818,212,163,61,1,4,7,10,2,0,1,0,0,0,0,3,11,0,2153,21,0,1,0.045454545454545456,0.18181818181818182,0.45454545454545453,0.3181818181818182,1.3333333333333333,2012,9,1,6.847096986186707,-1.6242380144328696
9336,1969,4,2,62187.0,0,1,2014-03-22,38,512,0,83,0,0,41,3,6,2,10,4,0,0,0,0,0,0,3,11,0,636,18,1,0,0.15789473684210525,0.3157894736842105,0.5263157894736842,0.10526315789473684,1.2,2014,3,0,0.20246809504951416,0.7377551051305951
2958,1978,2,4,28442.0,2,0,2014-02-24,53,19,3,10,11,8,6,3,2,1,4,4,0,0,0,0,0,0,3,11,0,57,7,2,0,0.375,0.25,0.5,0.125,0.4,2014,2,0,-3.2418043857167596,-1.0852000510316888
933,1978,4,4,37717.0,1,0,2012-11-23,31,9,0,6,4,1,5,1,1,0,2,9,0,0,0,0,0,0,3,11,0,25,3,1,0,0.25,0.25,0.5,0.0,0.1,2012,11,0,-3.5558445336862023,-0.7398981424290328
5837,1967,2,4,51479.0,1,1,2012-12-28,67,247,8,160,6,8,65,7,6,3,6,7,0,0,0,0,0,0,3,11,0,494,15,2,0,0.4375,0.375,0.375,0.1875,0.75,2012,12,0,-0.9629561475344437,3.2268509050415783
10704,1969,2,0,54803.0,0,1,2012-08-21,65,404,0,92,28,27,142,2,6,2,9,4,0,0,0,0,0,0,3,11,0,693,17,1,0,0.1111111111111111,0.3333333333333333,0.5,0.1111111111111111,1.2,2012,8,1,0.6964064459496337,1.0705767561012778
5125,1960,2,4,79530.0,0,0,2013-05-17,64,333,0,815,129,42,29,1,4,10,11,2,0,0,0,0,0,0,3,11,0,1348,25,0,0,0.038461538461538464,0.15384615384615385,0.4230769230769231,0.38461538461538464,1.3333333333333333,2013,5,1,4.2969578684552285,-1.7351795096640699
4432,1976,2,1,31615.0,1,0,2013-03-16,82,2,3,20,6,11,9,2,2,0,3,7,0,0,0,0,0,0,3,11,0,51,5,1,0,0.3333333333333333,0.3333333333333333,0.5,0.0,0.25,2013,3,0,-3.237735000891143,-0.9075392183132317
5955,1962,2,4,72025.0,0,0,2012-11-17,27,833,33,549,151,133,233,1,4,3,8,3,0,0,0,0,0,0,3,11,0,1932,15,0,0,0.0625,0.25,0.5,0.1875,1.0,2012,11,1,4.212163643003261,-0.9393546051793008
2928,1975,4,0,52614.0,0,1,2012-12-01,63,789,0,142,12,9,38,2,2,4,8,8,0,0,0,0,0,0,3,11,0,990,14,1,0,0.13333333333333333,0.13333333333333333,0.5333333333333333,0.26666666666666666,0.2222222222222222,2012,12,0,0.15918889284742757,0.10564246139500881
5680,1984,1,4,35684.0,1,0,2014-04-22,66,10,4,7,0,6,3,1,1,0,3,6,0,0,0,0,0,0,3,11,0,30,4,1,0,0.2,0.2,0.6,0.0,0.14285714285714285,2014,4,0,-3.4702955009777745,-2.5492712921690512
10313,1975,2,4,48178.0,1,1,2012-10-28,69,159,4,45,6,2,38,6,5,1,4,8,0,0,0,0,0,0,3,11,0,254,10,2,0,0.5454545454545454,0.45454545454545453,0.36363636363636365,0.09090909090909091,0.5555555555555556,2012,10,0,-2.3714256537498377,3.00488477692228
2557,1970,3,0,29548.0,1,0,2013-08-29,52,7,1,6,3,1,11,1,1,1,2,4,1,0,0,0,0,0,3,11,0,29,4,1,1,0.2,0.2,0.4,0.2,0.2,2013,8,0,-2.2628035820285204,-1.5298067219528304
1245,1966,2,0,63810.0,0,1,2012-11-11,45,977,12,253,16,12,101,4,4,3,12,8,0,1,0,0,0,0,3,11,0,1371,19,1,1,0.2,0.2,0.6,0.15,0.4444444444444444,2012,11,1,1.775963700360294,1.3186854534340706
1519,1972,4,0,38578.0,1,1,2013-06-22,2,38,4,22,3,3,3,3,3,0,3,8,0,0,0,0,0,0,3,11,1,73,6,2,0,0.42857142857142855,0.42857142857142855,0.42857142857142855,0.0,0.3333333333333333,2013,6,0,-3.1578828241514407,1.5580643805237981
10703,1975,3,0,46098.0,1,1,2012-08-18,86,57,0,27,0,0,36,4,3,2,2,8,0,0,0,0,0,0,3,11,0,120,7,2,0,0.5,0.375,0.25,0.25,0.3333333333333333,2012,8,0,-2.4620822145941945,2.11298425056916
1726,1970,2,0,22585.0,0,0,2013-03-18,23,3,9,15,13,2,39,1,1,1,2,9,1,0,0,0,0,0,3,11,1,81,4,0,1,0.2,0.2,0.4,0.2,0.1,2013,3,0,-1.6687491411893183,-1.515394079676517
4459,1989,2,0,30279.0,1,0,2012-12-30,13,10,4,14,4,4,1,1,1,0,3,8,0,0,0,0,0,0,3,11,0,37,4,1,0,0.2,0.2,0.6,0.0,0.1111111111111111,2012,12,0,-3.5569679512213006,-1.6564016049906114
1729,1961,4,4,66426.0,0,1,2013-10-02,14,1043,24,97,32,24,157,2,3,5,10,6,0,0,0,0,0,0,3,11,0,1377,18,1,0,0.10526315789473684,0.15789473684210525,0.5263157894736842,0.2631578947368421,0.42857142857142855,2013,10,1,1.9560034173864393,0.4428341903493628
1517,1969,2,0,30822.0,1,0,2013-06-14,92,3,9,13,2,12,12,1,1,0,3,7,0,0,0,0,0,0,3,11,0,51,4,1,0,0.2,0.2,0.6,0.0,0.125,2013,6,0,-3.3508002496089584,-1.9168431358898221
2098,1969,4,4,33581.0,2,0,2013-01-08,38,11,0,5,0,0,1,1,1,0,2,8,0,0,0,0,0,0,3,11,0,17,3,2,0,0.25,0.25,0.5,0.0,0.1111111111111111,2013,1,0,-4.220800052052264,-0.8023637625512853
9543,1985,2,4,19986.0,1,0,2013-11-14,74,3,6,5,0,2,6,1,0,0,3,7,0,0,0,0,0,0,3,11,0,22,3,1,0,0.25,0.0,0.75,0.0,0.0,2013,11,0,-3.8807843869275778,-3.178950040767063
6878,1954,2,2,27421.0,0,0,2012-12-12,14,43,12,96,78,40,55,3,4,1,6,7,0,0,0,0,0,0,3,11,0,324,11,0,0,0.25,0.3333333333333333,0.5,0.08333333333333333,0.5,2012,12,0,-0.7435003501916491,-0.019698645757729477
3310,1973,1,4,35688.0,2,1,2012-08-22,94,73,3,90,12,1,32,7,4,1,4,8,0,0,0,0,0,0,3,11,0,211,9,3,0,0.7,0.4,0.4,0.1,0.4444444444444444,2012,8,0,-3.378326254791948,3.019536492278918
2724,1981,3,0,36143.0,1,0,2014-03-30,33,12,0,1,0,0,6,1,0,1,2,3,0,0,0,0,0,0,3,11,0,19,3,1,0,0.25,0.0,0.5,0.25,0.0,2014,3,0,-2.742674062536379,-3.3996638163598005
948,1971,2,0,10245.0,1,0,2013-05-15,32,4,7,7,6,4,13,3,1,2,2,5,0,0,0,0,0,0,3,11,0,41,5,1,0,0.5,0.16666666666666666,0.3333333333333333,0.3333333333333333,0.16666666666666666,2013,5,0,-2.487222620318621,-1.1987804510842357
6720,1968,3,4,43795.0,0,1,2013-10-16,11,314,11,53,4,3,107,3,7,3,4,7,0,1,0,0,0,0,3,11,1,492,14,1,1,0.2,0.4666666666666667,0.26666666666666666,0.2,0.875,2013,10,1,0.6112807123698624,2.8856613826696016
6202,1960,2,4,63381.0,0,1,2012-10-05,78,571,50,142,33,50,159,4,4,5,13,2,0,0,0,0,0,0,3,11,0,1005,22,1,0,0.17391304347826086,0.17391304347826086,0.5652173913043478,0.21739130434782608,1.3333333333333333,2012,10,1,2.4975119501972944,0.6014082306025715
2066,1949,2,4,38823.0,0,1,2012-08-30,56,70,0,11,2,8,23,1,2,1,3,6,0,0,0,0,0,0,3,11,0,114,6,1,0,0.14285714285714285,0.2857142857142857,0.42857142857142855,0.14285714285714285,0.2857142857142857,2012,8,0,-2.049839742010776,0.08846539385965296
9799,1968,4,1,83664.0,1,1,2013-05-08,57,866,21,151,28,21,86,3,2,2,12,5,0,0,0,0,0,0,3,11,0,1173,16,2,0,0.17647058823529413,0.11764705882352941,0.7058823529411765,0.11764705882352941,0.3333333333333333,2013,5,0,0.286213212758738,-0.18617202811933442
8318,1979,2,4,90300.0,0,0,2014-01-03,7,594,134,786,33,134,57,0,5,6,8,1,0,0,1,0,0,0,3,11,0,1738,19,0,1,0.0,0.25,0.4,0.3,2.5,2014,1,1,5.850438473301642,-2.5573992555153477
5642,1979,3,4,62499.0,1,0,2013-12-09,0,140,4,61,0,13,4,2,3,1,6,4,0,0,0,0,0,0,3,11,0,222,10,1,0,0.18181818181818182,0.2727272727272727,0.5454545454545454,0.09090909090909091,0.6,2013,12,0,-1.6850331634229099,-0.9002056949367587
2669,1993,2,0,74293.0,0,0,2014-05-04,66,375,152,335,93,91,81,1,5,4,6,2,0,0,0,0,0,0,3,11,0,1127,15,0,0,0.0625,0.3125,0.375,0.25,1.6666666666666667,2014,5,1,3.1806243544262167,-1.8813614460953014
455,1946,4,4,51012.0,0,0,2013-04-18,86,102,9,63,2,9,24,1,4,1,4,6,0,0,0,0,0,0,3,11,0,209,9,0,0,0.1,0.4,0.4,0.1,0.5714285714285714,2013,4,0,-1.0687050618585652,-0.10984944467109335
7683,1968,3,4,70777.0,0,1,2014-02-25,80,554,35,113,0,7,78,3,5,3,12,3,0,0,0,0,0,0,3,11,0,787,20,1,0,0.14285714285714285,0.23809523809523808,0.5714285714285714,0.14285714285714285,1.25,2014,2,1,1.1098092036169196,0.08657092093468725
3428,1991,4,4,68682.0,0,0,2013-10-06,56,919,0,505,99,30,45,1,4,9,10,2,0,0,0,0,0,0,3,11,0,1598,23,0,0,0.041666666666666664,0.16666666666666666,0.4166666666666667,0.375,1.3333333333333333,2013,10,1,3.9873392680442703,-1.3446328215492276
7414,1971,2,4,43824.0,1,1,2012-09-15,18,96,1,42,12,3,32,4,3,1,4,8,0,0,0,0,0,0,3,11,0,186,8,2,0,0.4444444444444444,0.3333333333333333,0.4444444444444444,0.1111111111111111,0.3333333333333333,2012,9,0,-2.7176974726666803,1.545932923199153
6354,1984,2,4,15345.0,1,0,2012-08-31,51,5,2,16,3,2,19,2,1,1,2,8,0,0,0,0,0,0,3,11,1,47,4,1,0,0.4,0.2,0.4,0.2,0.1111111111111111,2012,8,0,-2.858151412687872,-0.7524522924493163
798,1987,2,0,23442.0,1,0,2012-12-24,71,2,0,6,8,6,5,1,1,0,3,7,0,0,0,0,0,0,3,11,0,27,4,1,0,0.2,0.2,0.6,0.0,0.125,2012,12,0,-3.5267281096410708,-1.727514295956704
8213,1980,1,4,14515.0,1,0,2012-11-09,71,6,4,9,6,36,35,4,2,2,3,7,0,0,0,0,0,0,3,11,1,96,7,1,0,0.5,0.25,0.375,0.25,0.25,2012,11,0,-2.09956978961112,0.04827425934587562
2488,1956,1,1,31395.0,1,1,2013-03-23,80,23,1,25,0,8,7,4,2,1,3,6,0,0,0,0,0,0,3,11,0,64,6,2,0,0.5714285714285714,0.2857142857142857,0.42857142857142855,0.14285714285714285,0.2857142857142857,2013,3,0,-3.094871354307179,0.5822324318161038
9999,1965,2,4,75276.0,0,0,2012-09-27,2,610,105,125,137,42,21,1,9,4,9,5,0,0,0,0,0,0,3,11,0,1040,22,0,0,0.043478260869565216,0.391304347826087,0.391304347826087,0.17391304347826086,1.5,2012,9,1,3.0390346012744605,0.599246267848464
7617,1974,2,0,42373.0,1,1,2013-08-15,83,67,5,61,3,8,19,5,2,1,5,5,0,0,0,0,0,0,3,11,0,163,8,2,0,0.5555555555555556,0.2222222222222222,0.5555555555555556,0.1111111111111111,0.3333333333333333,2013,8,0,-2.7086134487918447,0.2368752867773914
615,1960,2,4,30507.0,0,0,2013-03-11,29,65,36,74,38,20,110,1,5,1,4,7,0,0,0,0,0,0,3,11,0,343,10,0,0,0.09090909090909091,0.45454545454545453,0.36363636363636365,0.09090909090909091,0.625,2013,3,0,-0.6299260838462322,0.05756884932936173
2552,1955,4,0,55521.0,1,2,2013-10-22,11,416,0,26,0,0,4,9,6,3,6,7,0,1,0,0,0,0,3,11,1,446,15,3,1,0.5625,0.375,0.375,0.1875,0.75,2013,10,0,-0.8337790308718462,4.999011602794181
194,1965,2,4,48006.0,1,1,2014-06-09,55,23,0,11,3,2,2,1,1,0,3,6,0,0,0,0,0,0,3,11,0,41,4,2,0,0.2,0.2,0.6,0.0,0.14285714285714285,2014,6,0,-3.621113916224986,-1.1894967111293453
3645,1972,4,0,27213.0,1,0,2012-08-30,19,19,3,26,10,9,3,3,2,0,4,8,0,0,0,0,0,0,3,11,1,70,6,1,0,0.42857142857142855,0.2857142857142857,0.5714285714285714,0.0,0.2222222222222222,2012,8,0,-2.960664959587343,-0.1312091514564955
8890,1971,4,1,65808.0,1,1,2014-05-30,1,155,7,80,13,7,10,3,5,1,5,6,0,0,0,0,0,0,3,11,0,272,11,2,0,0.25,0.4166666666666667,0.4166666666666667,0.08333333333333333,0.7142857142857143,2014,5,0,-1.8598480605635956,1.367831133639387
5049,1974,4,4,30351.0,1,0,2013-06-06,19,14,0,24,3,3,2,1,3,0,2,9,0,0,0,0,0,0,3,11,0,46,5,1,0,0.16666666666666666,0.5,0.3333333333333333,0.0,0.3,2013,6,0,-3.24127926993699,0.5641502685280232
9973,1963,2,4,50437.0,0,2,2012-10-17,28,370,9,92,6,9,4,3,7,1,8,7,0,0,0,0,0,0,3,11,0,490,16,2,0,0.17647058823529413,0.4117647058823529,0.47058823529411764,0.058823529411764705,0.875,2012,10,0,-0.9768012795249771,2.9443387773500023
7301,1982,1,0,23616.0,1,0,2012-11-17,76,4,22,11,3,7,32,2,3,0,3,8,0,0,0,0,0,0,3,11,1,79,6,1,0,0.2857142857142857,0.42857142857142855,0.42857142857142855,0.0,0.3333333333333333,2012,11,0,-2.7766789858056478,0.29787807253180953
10882,1976,2,4,53858.0,0,1,2012-11-09,50,407,53,221,58,150,26,4,4,3,6,4,0,0,0,0,0,0,3,11,0,915,13,1,0,0.2857142857142857,0.2857142857142857,0.42857142857142855,0.21428571428571427,0.8,2012,11,1,1.226241652437202,0.47718786696420706
7030,1955,4,4,66465.0,0,1,2013-03-30,1,1200,0,204,38,29,14,3,11,9,12,6,0,0,0,1,0,0,3,11,0,1485,32,1,1,0.09090909090909091,0.3333333333333333,0.36363636363636365,0.2727272727272727,1.5714285714285714,2013,3,1,4.473037953622736,2.741618908063627
7422,1987,2,0,46923.0,1,0,2012-08-22,90,85,44,54,102,78,6,3,5,1,7,7,0,0,0,0,0,0,3,11,0,369,13,1,0,0.21428571428571427,0.35714285714285715,0.5,0.07142857142857142,0.625,2012,8,0,-0.8138630212203367,-0.020630416264359797
3523,1962,2,4,75072.0,0,1,2013-01-23,83,583,34,309,0,22,125,2,5,4,8,3,0,0,0,0,0,0,3,11,0,1073,17,1,0,0.1111111111111111,0.2777777777777778,0.4444444444444444,0.2222222222222222,1.25,2013,1,1,1.7984716642441565,0.3963159112088812
7106,1943,4,4,75865.0,0,0,2014-03-31,73,483,0,591,156,0,12,1,3,5,10,1,0,0,0,0,0,0,3,11,0,1242,18,0,0,0.05263157894736842,0.15789473684210525,0.5263157894736842,0.2631578947368421,1.5,2014,3,1,2.8999245675028686,-2.1164683778976054
6504,1975,1,4,19789.0,1,0,2013-11-20,24,2,5,9,28,6,28,3,2,1,3,5,1,0,0,0,0,0,3,11,0,78,6,1,1,0.42857142857142855,0.2857142857142857,0.42857142857142855,0.14285714285714285,0.3333333333333333,2013,11,0,-2.266112169967244,-0.6464579286676669
5067,1994,2,4,80134.0,0,0,2014-02-14,11,966,26,282,52,26,26,1,2,7,11,5,0,1,1,1,1,0,3,11,0,1378,20,0,4,0.047619047619047616,0.09523809523809523,0.5238095238095238,0.3333333333333333,0.3333333333333333,2014,2,1,5.362856081643437,-3.1062670272862563
4216,1981,2,0,91065.0,0,0,2013-02-22,33,822,114,108,179,137,114,1,7,9,9,3,0,0,1,1,0,0,3,11,1,1474,25,0,2,0.038461538461538464,0.2692307692307692,0.34615384615384615,0.34615384615384615,1.75,2013,2,1,7.398188224017225,-1.2709203295850409
8581,1971,3,4,49505.0,1,1,2013-03-05,4,604,0,100,19,0,28,9,10,2,8,8,0,0,0,0,0,0,3,11,0,751,20,2,0,0.42857142857142855,0.47619047619047616,0.38095238095238093,0.09523809523809523,1.1111111111111112,2013,3,0,-0.5878518155479712,4.537991340545984
5929,1973,4,4,37401.0,1,0,2014-05-06,14,19,3,19,3,1,3,2,2,0,3,7,0,0,0,0,0,0,3,11,0,48,5,1,0,0.3333333333333333,0.3333333333333333,0.5,0.0,0.25,2014,5,0,-3.2458914644474093,-0.8138617964720583
3129,1983,2,4,30096.0,1,0,2014-05-22,30,5,3,11,12,5,9,1,2,0,3,6,0,0,0,0,0,0,3,11,0,45,5,1,0,0.16666666666666666,0.3333333333333333,0.5,0.0,0.2857142857142857,2014,5,0,-3.2064457450672266,-1.5140165888069275
6528,1982,3,4,18492.0,1,0,2014-06-05,75,2,2,2,2,1,1,1,1,0,2,8,0,0,0,0,0,0,3,11,0,10,3,1,0,0.25,0.25,0.5,0.0,0.1111111111111111,2014,6,0,-3.81267015886939,-1.653772650436825
1361,1974,3,4,82584.0,0,0,2013-06-04,26,1076,68,103,29,91,68,1,3,4,8,1,0,1,1,0,0,0,3,11,1,1435,15,0,2,0.0625,0.1875,0.5,0.25,1.5,2013,6,1,4.671857500505628,-1.7629242827356582
6932,1941,4,4,93027.0,0,0,2013-04-13,77,1285,42,716,55,0,21,0,7,10,5,2,0,0,1,0,0,0,3,11,0,2119,22,0,1,0.0,0.30434782608695654,0.21739130434782608,0.43478260869565216,2.3333333333333335,2013,4,1,6.265295133947469,0.03137482212255996
7284,1953,2,4,48686.0,1,2,2013-12-04,8,10,0,7,2,0,1,1,1,0,2,8,0,0,0,0,0,0,3,11,0,20,3,3,0,0.25,0.25,0.5,0.0,0.1111111111111111,2013,12,0,-4.103126251485641,0.9254156438192658
1340,1986,2,4,92910.0,0,0,2014-04-24,42,551,137,792,179,103,33,1,6,7,13,1,0,1,1,1,0,0,3,11,0,1795,26,0,3,0.037037037037037035,0.2222222222222222,0.48148148148148145,0.25925925925925924,3.0,2014,4,1,8.280456966272652,-2.4962029311528893
8746,1989,2,4,75433.0,1,0,2014-04-05,28,800,0,297,0,34,57,2,2,5,10,6,0,1,0,1,0,0,3,11,0,1188,17,1,2,0.1111111111111111,0.1111111111111111,0.5555555555555556,0.2777777777777778,0.2857142857142857,2014,4,1,2.169131527140763,-1.7860433844332821
5987,1989,1,4,10404.0,1,0,2014-05-04,52,2,2,11,10,6,12,2,1,0,4,5,0,0,0,0,0,0,3,11,0,43,5,1,0,0.3333333333333333,0.16666666666666666,0.6666666666666666,0.0,0.16666666666666666,2014,5,0,-3.5632908421520444,-2.698388686203457
3767,1968,2,4,61314.0,0,1,2013-04-25,1,378,0,189,97,172,172,2,5,5,12,3,0,0,0,0,0,0,3,11,0,1008,22,1,0,0.08695652173913043,0.21739130434782608,0.5217391304347826,0.21739130434782608,1.25,2013,4,1,2.947099963003844,-0.10975319854762065
3725,1961,4,0,84865.0,0,0,2013-05-09,1,1248,16,349,43,16,16,1,2,4,9,4,0,1,1,1,1,0,3,11,1,1688,15,0,4,0.0625,0.125,0.5625,0.25,0.4,2013,5,1,5.461981726659856,-2.18832455930222
4324,1989,2,4,42387.0,1,0,2012-10-29,42,235,0,235,19,4,191,5,8,1,7,8,0,0,0,0,0,0,3,11,0,684,16,1,0,0.29411764705882354,0.47058823529411764,0.4117647058823529,0.058823529411764705,0.8888888888888888,2012,10,0,-0.3971105910399827,2.433441126745868
238,1967,1,4,67309.0,1,1,2013-01-23,76,515,47,181,149,95,95,15,9,6,9,7,0,0,0,0,0,0,3,11,0,1082,24,2,0,0.6,0.36,0.36,0.24,1.125,2013,1,1,1.9440316011829997,4.704607279015821
6694,1964,2,4,75236.0,0,1,2013-11-25,27,438,66,400,12,38,114,1,8,3,13,4,0,0,0,0,0,0,3,11,0,1068,24,1,0,0.04,0.32,0.52,0.12,1.6,2013,11,1,2.5479573686912675,0.9661558945130242
498,1970,2,0,30015.0,1,0,2014-02-02,28,25,0,22,2,3,5,2,1,0,4,5,0,0,0,0,0,0,3,11,0,57,5,1,0,0.3333333333333333,0.16666666666666666,0.6666666666666666,0.0,0.16666666666666666,2014,2,0,-3.331663364577146,-2.4813596245929834
9347,1956,3,4,50943.0,0,1,2013-06-21,49,31,0,7,2,0,6,1,1,0,3,5,0,0,0,0,0,0,3,11,0,46,4,1,0,0.2,0.2,0.6,0.0,0.16666666666666666,2013,6,0,-2.764102476637231,-1.2324781021757476
9699,1966,2,1,67272.0,0,1,2013-12-21,12,357,35,271,28,28,14,3,6,2,12,5,0,0,0,0,0,0,3,11,0,733,20,1,0,0.14285714285714285,0.2857142857142857,0.5714285714285714,0.09523809523809523,1.0,2013,12,1,0.7857822492538252,0.616161633349206
10664,1949,3,2,51529.0,0,1,2013-09-07,14,400,4,35,6,0,22,2,9,1,5,8,0,0,0,0,0,0,3,11,0,467,15,1,0,0.125,0.5625,0.3125,0.0625,1.0,2013,9,0,-0.6395836204873377,3.080101223008166
5455,1971,4,4,32011.0,1,0,2013-08-22,89,99,0,15,2,1,5,3,2,1,4,7,0,0,0,0,0,0,3,11,0,122,7,1,0,0.375,0.25,0.5,0.125,0.25,2013,8,0,-2.6993508830473063,-0.4509024422788121
456,1986,1,4,7500.0,1,0,2013-02-07,96,1,11,5,4,6,9,2,2,0,3,8,0,0,0,0,0,0,3,11,0,36,5,1,0,0.3333333333333333,0.3333333333333333,0.5,0.0,0.2222222222222222,2013,2,0,-3.631632484919591,-1.012533662614275
5012,1989,2,4,28691.0,1,0,2013-07-04,56,5,4,13,8,0,4,1,1,0,3,8,0,0,0,0,0,0,3,11,0,34,4,1,0,0.2,0.2,0.6,0.0,0.1111111111111111,2013,7,0,-3.6336900940132972,-1.9662383119092122
7495,1948,4,4,56223.0,0,1,2013-12-20,72,77,28,31,16,0,4,2,2,1,5,4,0,0,0,0,0,0,3,11,0,156,8,1,0,0.2222222222222222,0.2222222222222222,0.5555555555555556,0.1111111111111111,0.4,2013,12,0,-1.5336050535679546,-0.38006450608346604
5029,1946,2,4,18100.0,0,0,2013-08-06,14,3,1,2,4,3,1,1,0,0,3,5,0,0,0,0,0,0,3,11,0,14,3,0,0,0.25,0.0,0.75,0.0,0.0,2013,8,0,-2.9973772496582,-3.442634388595955
10642,1989,2,0,30279.0,1,0,2012-12-30,13,10,4,14,4,4,1,1,1,0,3,8,0,0,0,0,0,0,3,11,0,37,4,1,0,0.2,0.2,0.6,0.0,0.1111111111111111,2012,12,0,-3.5569679512213006,-1.6564016049906114
2106,1974,1,4,20130.0,0,0,2014-03-17,99,0,6,3,7,6,12,1,1,0,3,8,0,0,0,0,0,0,3,11,0,34,4,0,0,0.2,0.2,0.6,0.0,0.1111111111111111,2014,3,0,-3.0432007874396523,-2.675179399457905
10364,1959,2,1,23295.0,0,0,2013-07-13,72,0,0,1,2,12,5,1,1,0,2,8,0,0,0,0,0,0,3,11,0,20,3,0,0,0.25,0.25,0.5,0.0,0.1111111111111111,2013,7,0,-2.957005550403025,-1.6839439780662686
5954,1972,3,1,42618.0,1,0,2013-10-09,92,76,14,74,13,5,10,2,5,0,4,8,0,0,0,0,0,0,3,11,0,192,9,1,0,0.2,0.5,0.4,0.0,0.5555555555555556,2013,10,0,-2.3285289320104043,0.9003568591345731
1137,1964,2,0,81246.0,0,0,2013-12-29,87,398,190,537,61,156,37,1,4,5,7,1,1,0,0,1,0,0,3,11,0,1379,16,0,2,0.058823529411764705,0.23529411764705882,0.4117647058823529,0.29411764705882354,2.0,2013,12,1,5.5324425681835185,-2.0766078253135096
2541,1976,2,4,24027.0,1,0,2013-06-09,7,14,7,11,11,0,5,2,2,0,3,8,0,0,0,0,0,0,3,11,0,48,5,1,0,0.3333333333333333,0.3333333333333333,0.5,0.0,0.2222222222222222,2013,6,0,-3.4306200968207925,-0.6941636452533985
1142,1953,4,4,55707.0,0,1,2013-12-22,91,208,7,82,30,66,35,2,3,2,9,3,0,0,0,0,0,0,3,11,0,428,14,1,0,0.13333333333333333,0.2,0.6,0.13333333333333333,0.75,2013,12,0,-0.029849963783783566,-0.3620613452812941
2276,1955,2,0,57959.0,0,1,2013-05-02,71,430,16,322,43,24,33,5,4,7,11,3,0,0,0,0,0,0,3,11,0,868,22,1,0,0.21739130434782608,0.17391304347826086,0.4782608695652174,0.30434782608695654,1.0,2013,5,1,1.8502708693784675,0.39029473289496674
2807,1969,2,4,56796.0,0,1,2013-02-16,24,656,38,161,62,47,37,3,8,9,7,7,0,0,0,0,0,0,3,11,0,1001,24,1,0,0.12,0.32,0.28,0.36,1.0,2013,2,1,2.4077619689332006,1.7993953509177525
6471,1971,3,0,36230.0,1,0,2013-10-17,17,14,2,30,8,2,3,1,2,0,4,5,0,0,0,0,0,0,3,11,0,59,6,1,0,0.14285714285714285,0.2857142857142857,0.5714285714285714,0.0,0.3333333333333333,2013,10,0,-2.8976785179103697,-1.360677817914296
6131,1980,1,4,70829.0,1,1,2013-12-01,87,141,70,106,72,19,23,2,4,2,8,3,0,0,0,0,0,0,3,11,0,431,14,2,0,0.13333333333333333,0.26666666666666666,0.5333333333333333,0.13333333333333333,1.0,2013,12,0,-0.4097940530121716,-0.18557526858417378
6233,1976,2,4,65991.0,0,1,2012-09-07,21,507,19,364,25,47,9,3,9,5,10,7,0,0,0,0,0,0,3,11,0,971,24,1,0,0.12,0.36,0.4,0.2,1.125,2012,9,1,1.8047081076570095,2.136512388901875
4148,1972,2,4,38988.0,1,2,2012-08-20,90,164,24,103,12,3,42,7,5,1,6,8,0,0,0,0,0,0,3,11,0,348,12,3,0,0.5384615384615384,0.38461538461538464,0.46153846153846156,0.07692307692307693,0.5555555555555556,2012,8,0,-2.449156626407051,3.685512930854856
4947,1966,1,0,89572.0,0,0,2012-09-15,44,606,24,974,197,194,64,1,7,7,9,4,0,1,0,1,0,0,3,11,1,2059,23,0,2,0.041666666666666664,0.2916666666666667,0.375,0.2916666666666667,1.4,2012,9,1,7.4641150270656365,-0.5995175440629152
3225,1984,3,4,42207.0,1,0,2013-04-01,71,116,11,72,3,17,46,4,4,1,5,6,1,0,0,0,0,0,3,11,1,265,10,1,1,0.36363636363636365,0.36363636363636365,0.45454545454545453,0.09090909090909091,0.5714285714285714,2013,4,0,-1.2338829915310052,0.4730843288768084
7540,1952,2,4,50300.0,0,1,2014-05-25,52,143,15,60,24,23,5,2,2,1,8,2,0,0,0,0,0,0,3,11,0,270,11,1,0,0.16666666666666666,0.16666666666666666,0.6666666666666666,0.08333333333333333,0.6666666666666666,2014,5,0,-1.0851701719102729,-1.6256817912517358
10648,1982,1,4,66664.0,0,0,2012-09-25,78,398,96,447,220,96,32,1,5,7,6,3,0,0,0,0,0,0,3,11,0,1289,18,0,0,0.05263157894736842,0.2631578947368421,0.3157894736842105,0.3684210526315789,1.25,2012,9,1,3.99676080661449,-1.3409072793139798
1992,1964,2,4,60597.0,0,1,2014-01-01,2,522,0,257,32,16,66,4,2,2,8,7,0,0,0,1,0,0,3,11,1,893,12,1,1,0.3076923076923077,0.15384615384615385,0.6153846153846154,0.15384615384615385,0.25,2014,1,1,0.7150324453522023,-0.7522373456150449
7851,1949,2,2,70165.0,0,0,2013-09-22,60,161,0,253,199,191,122,1,3,7,11,1,0,0,0,0,0,0,3,11,0,926,21,0,0,0.045454545454545456,0.13636363636363635,0.5,0.3181818181818182,1.5,2013,9,1,4.068655252412443,-2.1141457085475874
8594,1958,4,2,50520.0,0,1,2014-01-28,25,112,0,6,2,1,14,2,3,1,3,6,0,0,0,0,0,0,3,11,0,135,7,1,0,0.25,0.375,0.375,0.125,0.42857142857142855,2014,1,0,-1.9496478443120548,0.3613299953398927
7059,1963,2,4,80124.0,0,0,2014-06-26,47,483,84,398,205,84,241,1,3,7,8,1,1,0,0,0,0,0,3,11,0,1495,18,0,1,0.05263157894736842,0.15789473684210525,0.42105263157894735,0.3684210526315789,1.5,2014,6,1,5.256302877471556,-2.0592126299047213
2815,1975,2,4,33183.0,1,0,2014-02-24,46,7,5,39,17,15,37,2,4,0,3,7,0,0,0,0,0,0,3,11,0,120,7,1,0,0.25,0.5,0.375,0.0,0.5,2014,2,0,-2.667325756250424,0.13563412752349183
2416,1969,4,0,66582.0,0,0,2014-03-03,83,789,25,420,16,38,0,1,2,8,9,1,0,0,0,0,0,0,3,11,0,1288,19,0,0,0.05,0.1,0.45,0.4,1.0,2014,3,1,2.9167240036508777,-2.470283072666549
7999,1955,4,4,75261.0,0,0,2013-04-23,17,1239,17,413,23,34,17,1,5,6,5,2,0,1,1,0,0,0,3,11,1,1743,16,0,2,0.058823529411764705,0.29411764705882354,0.29411764705882354,0.35294117647058826,1.6666666666666667,2013,4,1,5.054985126143401,-0.17052494731532417
9213,1970,2,2,31880.0,1,0,2012-10-31,13,4,1,5,2,0,3,1,1,0,2,8,0,0,0,0,0,0,3,11,0,15,3,1,0,0.25,0.25,0.5,0.0,0.1111111111111111,2012,10,0,-3.5726666059160084,-1.0261425765641106
9697,1951,2,4,53790.0,0,2,2014-03-06,86,335,42,127,28,5,5,3,7,2,8,6,0,0,0,0,0,0,3,11,0,542,17,2,0,0.16666666666666666,0.3888888888888889,0.4444444444444444,0.1111111111111111,1.0,2014,3,0,-0.3548768108641226,2.1910301687827562
3916,1971,4,4,49269.0,1,0,2012-08-15,92,639,8,166,11,8,58,3,7,3,12,7,0,0,0,0,0,0,3,11,0,890,22,1,0,0.13043478260869565,0.30434782608695654,0.5217391304347826,0.13043478260869565,0.875,2012,8,0,0.5723782924821692,1.3636048255112372
2021,1975,2,4,61456.0,0,1,2013-03-27,47,563,76,384,84,192,89,4,6,10,13,4,0,0,0,0,0,0,3,11,0,1388,29,1,0,0.13333333333333333,0.2,0.43333333333333335,0.3333333333333333,1.2,2013,3,1,4.651241374458019,0.4444618124560536
1581,1980,2,4,37406.0,1,0,2013-10-10,18,2,0,8,2,2,3,1,1,0,2,8,0,0,0,0,0,0,3,11,1,17,3,1,0,0.25,0.25,0.5,0.0,0.1111111111111111,2013,10,0,-3.3376043727248046,-1.2397454726828088
564,1981,4,4,56937.0,1,0,2012-08-04,81,746,8,125,11,8,8,7,8,6,9,6,0,1,0,0,0,0,3,11,1,906,23,1,1,0.2916666666666667,0.3333333333333333,0.375,0.25,1.1428571428571428,2012,8,1,1.8534124700792634,2.9096230964185272
6619,1978,2,4,38415.0,1,1,2013-01-02,91,22,1,13,4,0,4,2,1,0,3,7,0,0,0,0,0,0,3,11,0,44,4,2,0,0.4,0.2,0.6,0.0,0.125,2013,1,0,-3.851765832810249,-0.8347857508528614
9081,1988,2,0,20518.0,1,0,2014-05-18,58,4,1,6,4,1,9,1,1,1,2,5,0,0,0,0,0,0,3,11,0,25,4,1,0,0.2,0.2,0.4,0.2,0.16666666666666666,2014,5,0,-2.9262677368278367,-2.1835119135053085
178,1956,2,4,62503.0,0,1,2013-02-18,40,478,0,193,110,75,117,4,8,3,11,5,0,0,0,0,0,0,3,11,0,973,22,1,0,0.17391304347826086,0.34782608695652173,0.4782608695652174,0.13043478260869565,1.3333333333333333,2013,2,1,2.041540655993931,1.7073165989528438
916,1972,4,0,41644.0,1,1,2014-05-09,67,20,3,4,2,0,2,2,1,0,3,3,0,0,0,0,0,0,3,11,0,31,4,2,0,0.4,0.2,0.6,0.0,0.25,2014,5,0,-3.449617114150929,-1.1934572822499538
5512,1977,3,4,55842.0,0,1,2014-05-23,19,451,0,39,0,4,24,1,7,1,8,5,0,0,0,0,0,0,3,11,0,518,16,1,0,0.058823529411764705,0.4117647058823529,0.47058823529411764,0.058823529411764705,1.1666666666666667,2014,5,0,-0.4196671377309931,0.7846967472590684
8970,1972,4,4,62010.0,0,1,2012-10-23,93,371,22,39,6,0,92,4,6,2,7,5,0,0,0,0,0,0,3,11,0,530,15,1,0,0.25,0.375,0.4375,0.125,1.0,2012,10,0,0.019982858685135496,2.0603803295681535
10581,1977,2,4,41124.0,1,0,2012-10-31,41,281,7,84,15,0,119,7,7,3,4,8,0,0,0,0,0,0,3,11,0,506,14,1,0,0.4666666666666667,0.4666666666666667,0.26666666666666666,0.2,0.7777777777777778,2012,10,0,-0.7029759061603673,3.0359873104985886
5300,1973,3,4,38961.0,1,0,2013-12-30,60,19,7,19,0,1,24,1,2,1,2,7,0,0,0,0,0,0,3,11,0,70,5,1,0,0.16666666666666666,0.3333333333333333,0.3333333333333333,0.16666666666666666,0.25,2013,12,0,-2.561618829881714,-0.33928156629340694
5154,1972,3,1,37760.0,1,0,2013-08-11,54,26,3,13,2,10,0,1,2,0,3,6,0,0,0,0,0,0,3,11,0,54,5,1,0,0.16666666666666666,0.3333333333333333,0.5,0.0,0.2857142857142857,2013,8,0,-3.03406395609139,-0.9851844146079197
8346,1974,2,0,32233.0,1,0,2012-08-19,26,138,15,35,25,11,72,2,6,2,2,9,1,0,0,0,0,0,3,11,1,296,10,1,1,0.18181818181818182,0.5454545454545454,0.18181818181818182,0.18181818181818182,0.6,2012,8,0,-0.8347614019731527,2.2234400870589837
1676,1975,2,4,43057.0,0,1,2013-10-30,30,213,2,44,0,2,5,4,4,2,5,5,0,0,0,0,0,0,3,11,0,266,11,1,0,0.3333333333333333,0.3333333333333333,0.4166666666666667,0.16666666666666666,0.6666666666666666,2013,10,0,-1.3400420610257604,0.8160461166566457
9286,1960,3,4,83151.0,0,0,2012-10-10,93,407,28,100,120,74,18,1,5,9,4,3,0,0,0,0,0,0,3,11,0,747,18,0,0,0.05263157894736842,0.2631578947368421,0.21052631578947367,0.47368421052631576,1.25,2012,10,1,3.066803280289763,-0.1910649523710233
2426,1964,4,1,78825.0,0,0,2012-09-14,35,483,74,114,169,37,18,1,5,10,13,3,0,0,0,0,0,0,3,11,1,895,28,0,0,0.034482758620689655,0.1724137931034483,0.4482758620689655,0.3448275862068966,1.25,2012,9,1,4.332790883339241,-0.6833595859160544
5172,1976,3,4,65104.0,0,1,2013-11-14,4,738,0,232,13,20,50,2,3,5,7,7,0,0,0,0,0,0,3,11,0,1053,15,1,0,0.125,0.1875,0.4375,0.3125,0.375,2013,11,1,0.7944939758913501,0.1956785581267629
5562,1974,2,4,60093.0,0,1,2013-06-26,92,502,12,109,16,6,90,2,7,2,10,6,0,0,0,0,0,0,3,11,0,735,19,1,0,0.1,0.35,0.5,0.1,1.0,2013,6,0,0.49594259778475225,1.1736905070576638
3436,1969,2,4,14045.0,1,0,2014-01-26,24,11,0,5,2,1,1,1,1,0,3,7,0,0,0,0,0,0,3,11,0,20,4,1,0,0.2,0.2,0.6,0.0,0.125,2014,1,0,-3.7302820717789653,-2.2267193130355247
3921,1952,1,2,28457.0,0,0,2012-10-28,96,24,1,108,29,29,14,1,4,1,4,8,0,0,0,0,0,0,3,11,0,205,9,0,0,0.1,0.4,0.4,0.1,0.4444444444444444,2012,10,0,-1.3796992921904643,-0.06189335752134793
3403,1958,4,4,78952.0,0,1,2012-09-24,11,1170,19,594,99,76,134,2,2,5,12,6,0,0,0,0,0,0,3,11,0,2092,19,1,0,0.1,0.1,0.6,0.25,0.2857142857142857,2012,9,1,3.5469267970857183,-0.13219030575811688
22,1976,2,1,46310.0,1,0,2012-12-03,99,185,2,88,15,5,14,2,6,1,5,8,0,0,0,0,0,0,3,11,0,309,12,1,0,0.15384615384615385,0.46153846153846156,0.38461538461538464,0.07692307692307693,0.6666666666666666,2012,12,0,-1.6302992680376955,1.233330705463494
10965,1955,2,4,76005.0,0,0,2013-02-22,72,983,20,389,240,50,40,1,3,5,13,6,0,0,0,1,0,0,3,11,0,1722,21,0,1,0.045454545454545456,0.13636363636363635,0.5909090909090909,0.22727272727272727,0.42857142857142855,2013,2,1,4.359294286067378,-2.156879969296247
9426,1964,3,0,58308.0,0,1,2013-01-12,77,691,0,69,10,0,130,4,2,6,3,8,0,0,0,0,0,0,3,11,0,900,11,1,0,0.3333333333333333,0.16666666666666666,0.25,0.5,0.2222222222222222,2013,1,0,0.5695288421989984,0.8854492569703954
6605,1944,4,1,55614.0,0,0,2013-11-27,85,504,13,131,8,0,26,1,9,4,6,7,0,1,0,0,0,0,3,11,0,682,19,0,1,0.05,0.45,0.3,0.2,1.125,2013,11,1,1.6462177175310975,1.9191786123531451
3136,1962,3,1,59432.0,0,1,2013-04-13,88,317,25,265,25,19,12,3,5,3,11,5,0,0,0,0,0,0,3,11,0,663,19,1,0,0.15,0.25,0.55,0.15,0.8333333333333334,2013,4,0,0.5593621687341478,0.32329258625697527
8737,1978,2,1,55563.0,0,1,2014-04-05,22,29,1,9,2,0,2,1,2,0,3,3,0,0,0,0,0,0,3,11,0,43,5,1,0,0.16666666666666666,0.3333333333333333,0.5,0.0,0.5,2014,4,0,-2.455311200494581,-1.2588467402189218
11088,1971,4,4,78642.0,0,1,2013-04-21,83,1396,0,322,46,35,17,1,4,9,4,6,0,0,0,0,0,0,3,11,0,1816,17,1,0,0.05555555555555555,0.2222222222222222,0.2222222222222222,0.5,0.5714285714285714,2013,4,1,3.0348513535313453,0.742667414850227
716,1949,4,4,67911.0,0,1,2014-05-22,63,529,0,356,63,28,0,3,6,7,11,3,0,0,0,0,0,0,3,11,0,976,24,1,0,0.12,0.24,0.44,0.28,1.5,2014,5,1,2.4029132422491224,0.7331776111981451
466,1944,2,4,65275.0,0,0,2013-04-03,9,388,14,218,91,14,21,1,4,3,13,2,0,0,0,0,0,0,3,11,0,746,20,0,0,0.047619047619047616,0.19047619047619047,0.6190476190476191,0.14285714285714285,1.3333333333333333,2013,4,1,1.6966646921113429,-1.6671085297360295
9135,1950,2,4,27203.0,1,1,2012-08-06,92,13,2,21,4,0,24,2,1,1,2,8,0,0,0,0,0,0,3,11,0,64,4,2,0,0.4,0.2,0.4,0.2,0.1111111111111111,2012,8,0,-3.203257676122128,0.5012974322664036
10623,1961,3,4,48330.0,0,1,2013-11-15,2,28,0,4,0,0,0,1,1,0,3,5,0,0,0,0,0,0,3,11,0,32,4,1,0,0.2,0.2,0.6,0.0,0.16666666666666666,2013,11,0,-2.839421341186573,-1.1878596713555654
8151,1990,0,4,24279.0,0,0,2012-12-29,6,16,36,21,20,62,108,1,4,1,3,8,0,0,0,0,0,0,3,11,0,263,8,0,0,0.1111111111111111,0.4444444444444444,0.3333333333333333,0.1111111111111111,0.4444444444444444,2012,12,0,-1.0585332060188348,-0.16658048777004875
5140,1985,4,4,64355.0,1,0,2012-08-24,66,1047,0,140,67,38,153,2,4,3,12,8,0,0,0,0,0,0,3,11,0,1445,19,1,0,0.1,0.2,0.6,0.15,0.4444444444444444,2012,8,1,1.3747641550699352,0.1919321181853943
10160,1956,3,4,50943.0,0,1,2013-06-21,49,31,0,7,2,0,6,1,1,0,3,5,0,0,0,0,0,0,3,11,0,46,4,1,0,0.2,0.2,0.6,0.0,0.16666666666666666,2013,6,0,-2.764102476637231,-1.2324781021757476
4945,1953,2,2,53653.0,0,0,2012-11-07,29,815,10,239,28,10,108,2,10,4,12,6,0,0,0,0,0,0,3,11,0,1210,26,0,0,0.07407407407407407,0.37037037037037035,0.4444444444444444,0.14814814814814814,1.4285714285714286,2012,11,1,2.6952057679272463,1.756967916452588
10584,1976,2,4,65665.0,0,1,2013-12-02,77,225,162,387,106,36,29,1,5,10,8,3,0,0,0,0,0,0,3,11,0,945,23,1,0,0.041666666666666664,0.20833333333333334,0.3333333333333333,0.4166666666666667,1.25,2013,12,1,3.5469116411293835,-0.39725732424462895
6071,1989,2,0,81217.0,0,0,2013-07-19,77,493,70,324,146,40,84,1,3,7,11,1,0,0,0,0,0,0,3,11,0,1157,21,0,0,0.045454545454545456,0.13636363636363635,0.5,0.3181818181818182,1.5,2013,7,1,3.7258541670102723,-2.469977866962118
3386,1992,2,4,34935.0,0,0,2013-06-21,71,34,4,66,3,10,20,1,2,1,4,7,0,0,0,0,0,0,3,11,0,137,7,0,0,0.125,0.25,0.5,0.125,0.25,2013,6,0,-1.9423567212291482,-1.916890733285901
8939,1959,2,1,61250.0,0,1,2012-12-16,49,382,138,65,60,26,59,6,5,2,12,5,0,0,0,0,0,0,3,11,0,730,19,1,0,0.3,0.25,0.6,0.1,0.8333333333333334,2012,12,1,1.136156118942665,1.1580624151001413
9925,1981,4,4,39665.0,1,0,2013-05-25,97,127,1,56,0,1,31,3,4,2,3,7,1,0,0,0,0,0,3,11,0,216,9,1,1,0.3,0.4,0.3,0.2,0.5,2013,5,0,-1.5113825978922661,0.8454938602419783
4320,1979,2,0,60152.0,0,1,2013-03-28,6,325,83,300,86,58,91,1,6,4,12,3,0,0,0,0,0,0,3,11,0,943,22,1,0,0.043478260869565216,0.2608695652173913,0.5217391304347826,0.17391304347826086,1.5,2013,3,1,2.4614788748027308,-0.39490855779084
5389,1964,2,4,48920.0,0,2,2013-10-20,93,238,17,68,8,10,6,3,6,2,5,7,0,1,0,0,0,0,3,11,0,347,13,2,1,0.21428571428571427,0.42857142857142855,0.35714285714285715,0.14285714285714285,0.75,2013,10,0,-0.6867198588461731,2.8910739769998415
6036,1959,3,4,89120.0,0,0,2014-03-17,78,1168,92,408,72,129,55,1,5,6,7,1,0,0,1,0,0,0,3,11,0,1924,18,0,1,0.05263157894736842,0.2631578947368421,0.3684210526315789,0.3157894736842105,2.5,2014,3,1,5.867021557995676,-1.4731901501257316
182,1946,4,4,44124.0,0,1,2013-05-11,62,284,0,55,0,6,52,4,6,2,5,8,0,0,0,0,0,0,3,11,0,397,13,1,0,0.2857142857142857,0.42857142857142855,0.35714285714285715,0.14285714285714285,0.6666666666666666,2013,5,0,-0.8994499658555003,2.509806297745432
203,1975,3,0,81169.0,0,0,2013-04-14,47,1288,20,613,80,61,27,1,5,7,9,2,0,0,0,0,0,0,3,11,0,2089,21,0,0,0.045454545454545456,0.22727272727272727,0.4090909090909091,0.3181818181818182,1.6666666666666667,2013,4,1,4.608857667745234,-1.0808668951568075
11025,1961,2,4,36443.0,1,1,2013-02-03,9,65,0,46,4,3,20,4,3,1,3,8,0,0,0,0,0,0,3,11,0,138,7,2,0,0.5,0.375,0.375,0.125,0.3333333333333333,2013,2,0,-2.958854989855073,1.5081872621331212
10203,1990,2,0,26095.0,1,0,2013-06-30,77,11,7,9,3,1,11,1,1,0,3,7,0,0,0,0,0,0,3,11,0,42,4,1,0,0.2,0.2,0.6,0.0,0.125,2013,6,0,-3.539880613098785,-2.1510472126392197
4607,1959,2,4,71367.0,0,0,2013-08-23,24,227,23,389,42,21,75,1,4,5,7,2,0,0,0,0,0,0,3,11,0,777,16,0,0,0.058823529411764705,0.23529411764705882,0.4117647058823529,0.29411764705882354,1.3333333333333333,2013,8,1,1.9613409307333503,-1.2553819062197402
3711,1944,3,4,80184.0,0,0,2014-03-01,19,1035,134,670,25,38,0,1,6,3,10,3,0,0,1,1,0,0,3,11,0,1902,19,0,2,0.05,0.3,0.5,0.15,1.5,2014,3,1,5.402121425473654,-1.5569362149885562
3696,1965,2,1,30630.0,1,1,2014-01-27,67,27,1,12,2,0,10,2,2,0,3,7,0,0,0,0,0,0,3,11,0,52,5,2,0,0.3333333333333333,0.3333333333333333,0.5,0.0,0.25,2014,1,0,-3.672162438022806,-0.08157372227976187
2532,1987,3,0,73454.0,0,0,2014-03-01,95,982,73,351,56,14,175,1,2,4,6,5,1,0,0,0,0,0,3,11,0,1651,12,0,1,0.07692307692307693,0.15384615384615385,0.46153846153846156,0.3076923076923077,0.3333333333333333,2014,3,1,2.8519738512129376,-2.0720394029451685
9214,1991,2,4,42691.0,0,0,2013-08-16,48,179,2,64,38,17,58,1,5,1,6,5,0,0,0,0,0,0,3,11,0,358,12,0,0,0.07692307692307693,0.38461538461538464,0.46153846153846156,0.07692307692307693,0.8333333333333334,2013,8,0,-0.5912668667086137,-0.7778952928103329
4943,1953,2,4,70503.0,0,0,2012-09-30,73,1379,33,216,0,33,66,1,2,4,9,6,0,1,1,0,0,0,3,11,0,1727,15,0,2,0.0625,0.125,0.5625,0.25,0.2857142857142857,2012,9,1,3.5699502205350875,-1.2882463109526323
35,1987,2,4,25545.0,1,0,2012-09-08,35,32,1,64,16,12,85,3,2,2,3,6,0,0,0,0,0,0,3,11,1,210,7,1,0,0.375,0.25,0.375,0.25,0.2857142857142857,2012,9,0,-1.6605655874464167,-0.20671122126109165
2258,1986,2,4,32880.0,1,0,2012-12-04,76,8,4,15,7,6,2,1,1,0,3,8,0,0,0,0,0,0,3,11,0,42,4,1,0,0.2,0.2,0.6,0.0,0.1111111111111111,2012,12,0,-3.501298706617074,-1.5574124804741754
4322,1958,4,4,77863.0,0,0,2013-11-27,20,881,38,319,16,25,12,1,4,5,10,2,0,0,0,0,0,0,3,11,0,1291,19,0,0,0.05,0.2,0.5,0.25,1.3333333333333333,2013,11,1,2.69053470034276,-1.0229730139322244
713,1977,3,4,50353.0,0,0,2014-06-08,72,141,15,153,67,31,35,1,4,4,6,3,0,0,0,0,0,0,3,11,0,442,14,0,0,0.06666666666666667,0.26666666666666666,0.4,0.26666666666666666,1.0,2014,6,1,0.7122377614947204,-1.5880333617015578
4702,1964,2,0,61839.0,0,0,2012-08-12,20,1000,155,379,224,17,120,1,4,8,4,8,0,0,0,0,0,0,3,11,0,1895,16,0,0,0.058823529411764705,0.23529411764705882,0.23529411764705882,0.47058823529411764,0.4444444444444444,2012,8,1,4.438453841667392,-0.4048364095366586
3281,1960,4,4,49154.0,1,1,2013-11-03,69,206,10,67,30,27,71,6,4,1,8,6,0,0,0,0,0,0,3,11,0,411,13,2,0,0.42857142857142855,0.2857142857142857,0.5714285714285714,0.07142857142857142,0.5714285714285714,2013,11,0,-1.4952569711938366,1.7782043932096974
702,1975,1,2,47682.0,0,1,2013-02-15,80,162,61,83,97,57,61,4,4,3,8,5,0,0,0,0,0,0,3,11,0,521,15,1,0,0.25,0.25,0.5,0.1875,0.6666666666666666,2013,2,0,0.393449006332896,-0.17806851015558378
2004,1969,2,0,72679.0,0,1,2013-09-18,65,619,54,260,127,54,54,1,4,7,5,1,0,0,0,0,0,0,3,11,0,1168,16,1,0,0.058823529411764705,0.23529411764705882,0.29411764705882354,0.4117647058823529,2.0,2013,9,1,3.152695363168859,-0.31487563094570803
4769,1977,3,4,57954.0,1,1,2014-06-18,52,456,4,24,0,0,9,7,8,2,6,7,0,1,0,0,0,0,3,11,0,493,16,2,1,0.4117647058823529,0.47058823529411764,0.35294117647058826,0.11764705882352941,1.0,2014,6,0,-0.7146631458816725,3.5529042497233236
4437,1962,2,4,65316.0,1,1,2013-04-24,65,112,6,92,3,9,38,2,3,2,5,4,0,0,0,0,0,0,3,11,0,260,10,2,0,0.18181818181818182,0.2727272727272727,0.45454545454545453,0.18181818181818182,0.6,2013,4,0,-1.5542638077326354,0.20987386483899828
8724,1982,2,0,28567.0,1,0,2013-06-17,57,11,3,22,2,2,6,2,2,0,3,6,0,0,0,0,0,0,3,11,0,46,5,1,0,0.3333333333333333,0.3333333333333333,0.5,0.0,0.2857142857142857,2013,6,0,-3.257058014683201,-1.0134057508850272
10741,1951,3,4,47352.0,0,1,2013-04-11,70,172,12,112,8,0,15,4,6,1,5,7,0,0,0,0,0,0,3,11,0,319,12,1,0,0.3076923076923077,0.46153846153846156,0.38461538461538464,0.07692307692307693,0.75,2013,4,0,-1.2284375256957165,2.1081488518866767
1991,1967,2,4,44931.0,0,1,2014-01-18,0,78,0,11,0,0,7,1,2,1,3,5,0,0,0,0,0,0,3,11,0,96,6,1,0,0.14285714285714285,0.2857142857142857,0.42857142857142855,0.14285714285714285,0.3333333333333333,2014,1,0,-2.180825763356522,-0.9363043348025172
6931,1967,2,1,76982.0,0,0,2014-02-15,19,464,151,292,65,60,30,1,8,3,4,4,0,0,1,0,0,0,3,11,1,1062,15,0,1,0.0625,0.5,0.25,0.1875,1.6,2014,2,1,3.6961323407641995,-0.21517336057951056
11096,1952,1,4,57247.0,0,1,2013-08-08,50,99,4,32,37,54,6,2,2,1,7,2,0,0,0,0,0,0,3,11,0,232,10,1,0,0.18181818181818182,0.18181818181818182,0.6363636363636364,0.09090909090909091,0.6666666666666666,2013,8,0,-0.9960905983388996,-1.3562306246160374
304,1981,3,0,22944.0,1,0,2013-12-23,67,19,3,19,4,5,26,3,3,0,3,7,0,0,0,0,0,0,3,11,0,76,6,1,0,0.42857142857142855,0.42857142857142855,0.42857142857142855,0.0,0.375,2013,12,0,-3.0930761896155166,0.3195495310480512
3665,1977,1,4,25315.0,1,0,2013-11-07,46,1,9,8,11,3,22,3,3,0,3,8,0,0,0,0,0,0,3,11,0,54,6,1,0,0.42857142857142855,0.42857142857142855,0.42857142857142855,0.0,0.3333333333333333,2013,11,0,-3.21480118180513,0.26098138024223955
10591,1969,2,2,43638.0,0,1,2012-08-06,37,63,10,83,7,19,19,2,4,1,4,7,0,0,0,0,0,0,3,11,0,201,9,1,0,0.2,0.4,0.4,0.1,0.5,2012,8,0,-1.6547114680540316,0.9527920776811067
5036,1984,4,0,42710.0,1,0,2012-11-28,38,252,3,42,4,3,102,2,4,5,3,6,0,0,0,0,0,0,3,11,0,406,12,1,0,0.15384615384615385,0.3076923076923077,0.23076923076923078,0.38461538461538464,0.5714285714285714,2012,11,0,-0.36480494219377557,0.7622117602717073
5547,1982,4,4,84169.0,0,0,2013-08-07,9,1478,19,403,0,19,0,1,7,6,6,3,0,1,1,0,0,0,3,11,1,1919,19,0,2,0.05,0.35,0.3,0.3,1.75,2013,8,1,5.234096433848032,0.39695129244616395
7822,1976,2,4,54058.0,0,1,2013-06-04,56,198,18,252,32,108,54,2,4,6,8,3,0,0,0,0,0,0,3,11,0,662,18,1,0,0.10526315789473684,0.21052631578947367,0.42105263157894735,0.3157894736842105,1.0,2013,6,1,1.5425976884713148,-0.4268600808053005
8541,1990,1,4,24683.0,1,0,2014-03-08,98,8,4,10,6,7,6,2,2,0,4,5,0,0,0,0,0,0,3,11,0,41,6,1,0,0.2857142857142857,0.2857142857142857,0.5714285714285714,0.0,0.3333333333333333,2014,3,0,-3.2319305183340123,-1.9182119569189604
10955,1964,2,2,85620.0,0,0,2014-01-07,68,416,46,925,60,107,46,1,3,6,4,1,0,0,0,0,0,0,3,11,1,1600,13,0,0,0.07142857142857142,0.21428571428571427,0.2857142857142857,0.42857142857142855,1.5,2014,1,1,4.164631903926588,-2.142720600939506
4368,1980,2,4,47850.0,1,0,2013-12-03,72,42,7,43,20,12,10,1,3,0,4,6,0,0,0,0,0,0,3,11,0,134,7,1,0,0.125,0.375,0.5,0.0,0.42857142857142855,2013,12,0,-2.5269352492985346,-0.7042081248162323
9671,1968,2,4,19514.0,1,1,2014-01-26,47,14,3,21,2,1,28,4,3,1,2,8,1,0,0,0,0,0,3,11,1,69,6,2,1,0.5714285714285714,0.42857142857142855,0.2857142857142857,0.14285714285714285,0.3333333333333333,2014,1,0,-2.6595893466324254,1.762483870604272
2256,1973,3,4,27159.0,1,1,2014-03-29,33,17,0,3,0,0,1,2,1,0,3,6,0,0,0,0,0,0,3,11,0,21,4,2,0,0.4,0.2,0.6,0.0,0.14285714285714285,2014,3,0,-3.926451110402964,-0.9905298357138959
4279,1963,1,0,39548.0,1,1,2014-03-31,87,15,4,10,3,4,18,2,1,1,3,3,0,0,0,0,0,0,3,11,0,54,5,2,0,0.3333333333333333,0.16666666666666666,0.5,0.16666666666666666,0.25,2014,3,0,-2.8659050353113873,-1.3362436991224453
5371,1989,2,0,21474.0,1,0,2014-04-08,0,6,16,24,11,0,34,2,3,1,2,7,1,0,0,0,0,0,3,11,1,91,6,1,1,0.2857142857142857,0.42857142857142855,0.2857142857142857,0.14285714285714285,0.375,2014,4,0,-2.0474492978116476,-0.07018362443552845
9240,1971,4,0,60504.0,0,1,2014-02-07,73,458,0,24,6,4,34,2,6,2,8,6,0,0,0,0,0,0,3,11,0,526,16,1,0,0.11764705882352941,0.35294117647058826,0.47058823529411764,0.11764705882352941,0.8571428571428571,2014,2,0,-0.31473679194090903,0.7770832621785901
9460,1963,2,4,22419.0,0,0,2013-04-18,74,30,3,47,19,21,42,1,3,2,2,8,0,0,0,0,0,0,3,11,0,162,7,0,0,0.125,0.375,0.25,0.25,0.3333333333333333,2013,4,0,-1.3637884952249717,-0.3387778099781985
9504,1949,3,4,81698.0,0,0,2013-11-06,4,179,28,520,111,123,47,1,3,8,13,1,0,0,0,0,0,0,3,11,1,1008,24,0,0,0.04,0.12,0.52,0.32,1.5,2013,11,1,4.341207971720193,-1.8493761997833065
8692,1952,2,4,43462.0,1,1,2012-09-12,50,90,17,97,15,6,15,6,4,1,5,8,0,0,0,0,0,0,3,11,0,240,10,2,0,0.5454545454545454,0.36363636363636365,0.45454545454545453,0.09090909090909091,0.4444444444444444,2012,9,0,-2.388239206268347,2.4274457630864785
448,1978,4,0,54880.0,1,0,2013-03-01,57,308,85,137,102,45,118,2,6,2,11,5,0,0,0,0,0,0,3,11,0,795,19,1,0,0.1,0.3,0.55,0.1,1.0,2013,3,1,1.1609928295962542,-0.23231294377098385
8314,1982,2,4,79908.0,0,0,2013-04-05,30,557,129,761,29,185,111,1,5,6,7,2,0,0,1,0,0,0,3,11,0,1772,18,0,1,0.05263157894736842,0.2631578947368421,0.3684210526315789,0.3157894736842105,1.6666666666666667,2013,4,1,5.798476525570705,-1.9287476793594909
8420,1970,1,4,15315.0,0,0,2013-08-03,27,7,4,13,15,8,17,2,2,0,4,5,0,0,0,0,0,0,3,11,0,64,6,0,0,0.2857142857142857,0.2857142857142857,0.5714285714285714,0.0,0.3333333333333333,2013,8,0,-2.4623486813541207,-1.7358851783765172
3174,1959,2,4,87771.0,0,1,2013-05-22,61,1492,38,287,50,57,33,1,5,10,4,6,0,1,1,1,1,0,3,11,1,1957,19,1,4,0.05,0.25,0.2,0.5,0.7142857142857143,2013,5,1,7.016523953391135,0.6789279604012318
7685,1978,2,4,33039.0,1,0,2013-09-09,4,30,8,12,8,8,12,1,2,0,4,5,0,0,0,0,0,0,3,11,0,78,6,1,0,0.14285714285714285,0.2857142857142857,0.5714285714285714,0.0,0.3333333333333333,2013,9,0,-2.8978431880085744,-1.5067485952100352
3179,1980,2,0,81741.0,0,0,2013-06-16,75,249,153,940,58,134,38,0,6,6,7,2,0,0,0,0,0,0,3,11,0,1572,19,0,0,0.0,0.3,0.35,0.3,2.0,2013,6,1,4.797557139976524,-1.7179933941078902
9780,1971,3,4,71499.0,0,1,2013-06-25,12,465,25,132,136,0,37,2,8,3,13,4,0,0,0,0,0,0,3,11,0,795,24,1,0,0.08,0.32,0.52,0.12,1.6,2013,6,1,1.8698308760573579,0.983870403629561
10681,1970,1,4,62466.0,0,1,2014-01-15,13,129,129,259,168,121,83,5,6,3,12,4,0,0,0,0,0,0,3,11,0,889,21,1,0,0.22727272727272727,0.2727272727272727,0.5454545454545454,0.13636363636363635,1.2,2014,1,1,2.5654840173254136,-0.12597798827624523
10232,1963,4,1,48799.0,0,1,2013-11-05,9,174,18,81,28,6,24,3,3,2,7,3,0,0,0,0,0,0,3,11,0,331,12,1,0,0.23076923076923078,0.23076923076923078,0.5384615384615384,0.15384615384615385,0.75,2013,11,0,-0.657448110954502,-0.11195427426821102
4184,1950,4,4,52157.0,0,1,2014-06-07,48,189,2,29,3,2,40,2,3,2,5,4,0,0,0,0,0,0,3,11,0,265,10,1,0,0.18181818181818182,0.2727272727272727,0.45454545454545453,0.18181818181818182,0.6,2014,6,0,-1.038605914680461,-0.008282077617627313
9120,1962,2,0,66565.0,0,1,2012-12-05,80,747,10,161,65,40,42,4,4,2,9,8,0,0,0,0,0,0,3,11,0,1065,15,1,0,0.25,0.25,0.5625,0.125,0.4444444444444444,2012,12,0,0.47710527888134713,1.0536166907121816
891,1951,3,4,29298.0,1,1,2013-09-07,60,6,0,2,2,0,1,1,1,0,2,5,0,0,0,0,0,0,3,11,0,11,3,2,0,0.25,0.25,0.5,0.0,0.16666666666666666,2013,9,0,-3.662160419341627,-0.29135363303255063
10381,1979,2,0,47691.0,0,1,2013-07-05,43,14,0,3,0,0,4,1,1,0,2,6,0,0,0,0,0,0,3,11,0,21,3,1,0,0.25,0.25,0.5,0.0,0.14285714285714285,2013,7,0,-3.049014756953332,-1.1617321564524141
3525,1970,2,4,38200.0,1,1,2012-12-07,19,12,0,4,0,0,1,1,1,0,2,7,0,0,0,0,0,0,3,11,0,17,3,2,0,0.25,0.25,0.5,0.0,0.125,2012,12,0,-3.796011499497739,-0.08294432760872436
6818,1974,2,4,44989.0,0,1,2012-09-12,26,98,0,106,49,10,106,5,5,1,5,6,0,0,0,0,0,0,3,11,0,369,11,1,0,0.4166666666666667,0.4166666666666667,0.4166666666666667,0.08333333333333333,0.7142857142857143,2012,9,0,-0.968639755249423,1.9074686717917009
3526,1968,4,4,38443.0,1,1,2014-01-27,58,32,0,5,0,0,1,2,1,0,3,7,0,0,0,0,0,0,3,11,0,38,4,2,0,0.4,0.2,0.6,0.0,0.125,2014,1,0,-3.8439116291395097,-0.7547386838077591
8181,1978,1,0,38593.0,1,0,2013-09-13,42,51,12,49,17,24,24,3,4,1,3,8,0,0,0,0,0,0,3,11,0,177,8,1,0,0.3333333333333333,0.4444444444444444,0.3333333333333333,0.1111111111111111,0.4444444444444444,2013,9,0,-2.220617201163886,0.5509262362202404
1029,1970,4,4,64413.0,0,1,2013-08-01,27,200,5,44,0,10,20,1,5,1,5,5,0,0,0,0,0,0,3,11,0,279,11,1,0,0.08333333333333333,0.4166666666666667,0.4166666666666667,0.08333333333333333,0.8333333333333334,2013,8,0,-1.0200587108496724,0.8520430794282612
7369,1981,3,4,36959.0,1,0,2013-10-02,56,25,6,25,6,0,0,2,2,0,3,8,0,0,0,0,0,0,3,11,0,62,5,1,0,0.3333333333333333,0.3333333333333333,0.5,0.0,0.2222222222222222,2013,10,0,-3.304572982858009,-0.5442824462795179
2574,1977,4,4,61996.0,0,1,2013-01-31,27,1050,12,144,0,0,24,3,6,4,8,5,0,1,0,1,1,0,3,11,1,1230,18,1,3,0.15789473684210525,0.3157894736842105,0.42105263157894735,0.21052631578947367,1.0,2013,1,1,3.4909822780720883,1.3167577016973175
8159,1968,2,4,51287.0,1,1,2014-04-01,10,117,0,22,13,0,30,3,4,1,3,7,0,0,0,0,0,0,3,11,0,182,8,2,0,0.3333333333333333,0.4444444444444444,0.3333333333333333,0.1111111111111111,0.5,2014,4,0,-2.5219818052244984,1.4366996686737694
1160,1970,2,4,13260.0,1,1,2013-08-23,48,9,4,17,10,2,7,4,3,0,3,8,0,0,0,0,0,0,3,11,0,49,6,2,0,0.5714285714285714,0.42857142857142855,0.42857142857142855,0.0,0.3333333333333333,2013,8,0,-3.7471529956600462,1.5701840935151044
10242,1966,4,4,47472.0,1,1,2013-09-16,39,56,0,11,0,0,8,2,2,0,4,5,0,0,0,0,0,0,3,11,0,75,6,2,0,0.2857142857142857,0.2857142857142857,0.5714285714285714,0.0,0.3333333333333333,2013,9,0,-3.173865364068255,0.11047416574797865
5253,1956,3,4,54603.0,1,1,2013-07-09,85,145,13,46,17,2,4,6,4,2,4,7,0,0,0,0,0,0,3,11,0,227,10,2,0,0.5454545454545454,0.36363636363636365,0.36363636363636365,0.18181818181818182,0.5,2013,7,0,-2.0430773407908824,2.3040932869206237
5966,1974,4,4,45207.0,1,1,2012-11-10,64,203,0,10,0,0,2,5,3,1,6,6,0,1,0,0,0,0,3,11,0,215,10,2,1,0.45454545454545453,0.2727272727272727,0.5454545454545454,0.09090909090909091,0.42857142857142855,2012,11,0,-1.9669500067071661,1.6290889843548766
5314,1951,2,4,40689.0,0,1,2013-03-18,69,270,3,27,39,6,99,7,7,1,5,8,0,0,0,0,0,0,3,11,0,444,13,1,0,0.5,0.5,0.35714285714285715,0.07142857142857142,0.7777777777777778,2013,3,0,-0.9374303543257886,3.31461689570059
5081,1967,1,4,47821.0,1,1,2013-10-20,54,9,0,16,6,6,10,1,1,0,3,8,0,0,0,0,0,0,3,11,0,47,4,2,0,0.2,0.2,0.6,0.0,0.1111111111111111,2013,10,0,-3.7127401817588708,-0.7562201073828617
5123,1951,3,4,27450.0,0,0,2013-04-15,57,37,12,23,8,11,52,1,2,1,3,7,0,0,0,0,0,0,3,11,0,143,6,0,0,0.14285714285714285,0.2857142857142857,0.42857142857142855,0.14285714285714285,0.25,2013,4,0,-1.7212636140569744,-1.0463118063388026
5756,1983,2,4,39453.0,1,0,2014-04-03,64,46,0,7,0,0,2,2,2,0,3,6,0,0,0,0,0,0,3,11,0,55,5,1,0,0.3333333333333333,0.3333333333333333,0.5,0.0,0.2857142857142857,2014,4,0,-3.252588330159172,-1.245859037456263
8036,1971,1,4,26850.0,1,1,2014-04-18,10,31,1,13,7,2,9,4,2,1,4,4,0,0,0,0,0,0,3,11,0,63,7,2,0,0.5,0.25,0.5,0.125,0.4,2014,4,0,-3.03832188097117,-0.26851527201895364
9058,1955,2,2,79800.0,0,0,2012-09-23,65,1060,21,530,32,0,224,1,5,11,5,3,1,0,1,1,0,0,3,11,1,1867,21,0,3,0.045454545454545456,0.22727272727272727,0.22727272727272727,0.5,1.25,2012,9,1,7.181536177979379,-0.02674515383705866
5057,1961,3,4,61794.0,0,1,2013-09-14,74,264,47,188,54,47,11,2,4,4,10,2,0,0,0,0,0,0,3,11,0,611,18,1,0,0.10526315789473684,0.21052631578947367,0.5263157894736842,0.21052631578947367,1.3333333333333333,2013,9,1,1.2475849423026657,-0.3685185235909182
254,1955,2,4,53863.0,0,1,2014-05-17,4,399,4,30,6,4,30,3,7,1,7,7,0,1,0,0,0,0,3,11,0,473,15,1,1,0.1875,0.4375,0.4375,0.0625,0.875,2014,5,0,-0.20458419941592318,1.883039825219964
4179,1959,2,4,24221.0,0,0,2013-08-20,94,8,9,9,2,5,22,1,1,1,3,4,0,0,0,0,0,0,3,11,0,55,5,0,0,0.16666666666666666,0.16666666666666666,0.5,0.16666666666666666,0.2,2013,8,0,-1.9378132257721201,-2.290526800292083
3710,1984,4,0,39684.0,1,0,2012-10-12,41,19,0,35,6,4,17,2,2,1,2,7,0,0,0,0,0,1,3,11,1,81,5,1,0,0.3333333333333333,0.3333333333333333,0.3333333333333333,0.16666666666666666,0.25,2012,10,0,-2.4365337361712953,0.18594407675175187
7627,1975,3,4,92163.0,0,0,2012-12-12,25,817,183,797,106,163,20,0,5,11,5,2,0,0,1,1,0,0,3,11,1,2086,21,0,2,0.0,0.22727272727272727,0.22727272727272727,0.5,1.6666666666666667,2012,12,1,8.58535845268986,-1.6798693210431532
4501,1965,3,0,69882.0,0,0,2013-11-10,94,292,127,635,132,127,165,1,3,7,9,1,0,0,0,0,0,0,3,11,0,1478,19,0,0,0.05,0.15,0.45,0.35,1.5,2013,11,1,4.95794121209912,-2.142117739143232
6424,1977,2,4,33178.0,1,0,2014-01-30,9,12,6,2,11,2,16,1,1,0,3,4,0,0,0,0,0,0,3,11,0,49,4,1,0,0.2,0.2,0.6,0.0,0.2,2014,1,0,-3.1956232933409114,-2.6301200385731227
3075,1972,4,4,59973.0,0,0,2013-09-11,47,130,30,168,20,34,0,1,3,4,7,1,0,0,0,0,0,0,3,11,0,382,14,0,0,0.06666666666666667,0.2,0.4666666666666667,0.26666666666666666,1.5,2013,9,1,0.8877821177440496,-1.7977233667627743
4992,1975,3,4,17459.0,1,0,2013-09-19,12,6,4,16,3,10,30,3,3,1,2,7,0,0,0,0,0,0,3,11,1,69,6,1,0,0.42857142857142855,0.42857142857142855,0.2857142857142857,0.14285714285714285,0.375,2013,9,0,-2.430374453844377,0.8190978503264228
5252,1969,2,1,23910.0,1,0,2012-10-26,80,16,12,18,7,1,13,1,2,0,3,7,0,0,0,0,0,0,3,11,0,67,5,1,0,0.16666666666666666,0.3333333333333333,0.5,0.0,0.25,2012,10,0,-3.1440646762841284,-0.6378165291276597
7444,1969,3,4,42169.0,1,1,2013-10-19,20,19,0,9,0,0,2,2,1,0,3,8,0,0,0,0,0,0,3,11,0,30,4,2,0,0.4,0.2,0.6,0.0,0.1111111111111111,2013,10,0,-3.867889708072484,-0.30076304783518665
6919,1978,1,4,26224.0,1,0,2013-06-04,39,4,7,15,13,9,15,3,2,1,3,6,0,0,0,0,0,0,3,11,0,63,6,1,0,0.42857142857142855,0.2857142857142857,0.42857142857142855,0.14285714285714285,0.2857142857142857,2013,6,0,-2.7421326262401142,-0.7993063618738596
3537,1981,2,4,31089.0,1,0,2012-08-17,57,31,3,31,2,8,4,3,3,0,4,8,0,0,0,0,0,0,3,11,0,79,7,1,0,0.375,0.375,0.5,0.0,0.3333333333333333,2012,8,0,-3.098509325690436,0.1565663089543165
10277,1961,2,0,30081.0,0,1,2013-02-21,27,36,0,2,0,0,4,1,1,0,3,7,0,0,0,0,0,0,3,11,0,42,4,1,0,0.2,0.2,0.6,0.0,0.125,2013,2,0,-3.185016122187315,-1.3526083939826992
2453,1960,2,4,62807.0,0,1,2012-08-31,83,526,28,135,10,21,99,3,5,3,12,5,0,0,0,0,0,0,3,11,0,819,20,1,0,0.14285714285714285,0.23809523809523808,0.5714285714285714,0.14285714285714285,0.8333333333333334,2012,8,1,1.0466289354725107,0.8947840631364364
7972,1955,2,0,72906.0,0,0,2013-09-17,79,400,32,519,71,75,54,1,3,4,9,1,0,0,0,0,0,0,3,11,0,1151,16,0,0,0.058823529411764705,0.17647058823529413,0.5294117647058824,0.23529411764705882,1.5,2013,9,1,2.716606896512879,-2.0943247140058134
895,1948,4,4,61467.0,0,2,2012-12-09,69,410,16,114,0,5,49,3,5,2,10,5,0,0,0,0,0,0,3,11,0,594,17,2,0,0.16666666666666666,0.2777777777777778,0.5555555555555556,0.1111111111111111,0.8333333333333334,2012,12,0,-0.18718521181528677,2.3372595983514017
1177,1966,3,4,49618.0,1,1,2013-01-26,77,80,3,26,4,2,14,4,3,1,3,7,0,0,0,0,0,0,3,11,0,129,7,2,0,0.5,0.375,0.375,0.125,0.375,2013,1,0,-2.766126875937198,1.4372867945436134
7141,1986,3,0,21888.0,1,0,2012-12-29,15,88,10,46,2,3,64,4,5,1,2,10,0,0,0,0,0,0,3,11,1,213,8,1,0,0.4444444444444444,0.5555555555555556,0.2222222222222222,0.1111111111111111,0.45454545454545453,2012,12,0,-2.1451017522151763,2.5381498724939724
7232,1973,2,2,42429.0,0,1,2014-02-11,99,55,0,6,2,0,4,2,1,1,3,5,0,0,0,0,0,0,3,11,0,67,5,1,0,0.3333333333333333,0.16666666666666666,0.5,0.16666666666666666,0.16666666666666666,2014,2,0,-2.4569003719638016,-1.5643332449667993
8477,1956,2,1,26150.0,2,1,2013-03-11,61,5,1,13,3,5,1,1,1,0,3,7,0,0,0,0,0,0,3,11,0,28,4,3,0,0.2,0.2,0.6,0.0,0.125,2013,3,0,-4.466082710227096,-0.4190872719348047
2457,1975,0,4,30801.0,0,1,2012-10-26,23,8,4,5,15,2,11,2,1,0,3,7,0,0,0,0,0,0,3,11,0,45,4,1,0,0.4,0.2,0.6,0.0,0.125,2012,10,0,-3.190372257311902,-0.9962269451103742
988,1965,2,4,81168.0,0,0,2014-05-07,84,410,0,592,147,22,22,1,6,4,7,3,0,0,0,1,0,0,3,11,0,1193,17,0,1,0.05555555555555555,0.3333333333333333,0.3888888888888889,0.2222222222222222,1.5,2014,5,1,3.391641694772784,-1.2826274180959543
7930,1969,3,0,26877.0,0,0,2013-08-19,74,101,13,76,20,18,40,2,3,1,6,6,0,0,0,0,0,0,3,11,0,268,10,0,0,0.18181818181818182,0.2727272727272727,0.5454545454545454,0.09090909090909091,0.42857142857142855,2013,8,0,-1.2418827757489646,-1.1879317382350378
4587,1944,3,2,45006.0,0,0,2013-07-18,90,162,25,53,16,0,10,1,3,1,7,3,0,0,0,0,0,0,3,11,0,266,11,0,0,0.08333333333333333,0.25,0.5833333333333334,0.08333333333333333,0.75,2013,7,0,-0.7074002603814586,-1.5342863403935756
6682,1973,0,4,18978.0,1,0,2012-12-11,41,2,8,1,4,7,15,1,1,0,3,8,0,0,0,0,0,0,3,11,0,37,4,1,0,0.2,0.2,0.6,0.0,0.1111111111111111,2012,12,0,-3.5985806061000742,-1.5997227578821203
6222,1967,2,4,22574.0,2,1,2013-10-28,28,25,0,8,2,0,2,2,2,0,3,7,0,0,0,0,0,0,3,11,0,37,5,3,0,0.3333333333333333,0.3333333333333333,0.5,0.0,0.25,2013,10,0,-4.386012378874023,0.8317247864914555
10299,1969,4,0,48240.0,0,0,2012-11-09,73,389,91,248,64,49,41,3,6,3,13,5,0,0,0,0,0,0,3,11,1,882,22,0,0,0.13043478260869565,0.2608695652173913,0.5652173913043478,0.13043478260869565,1.0,2012,11,1,2.327833042638975,0.04642744939057217
3083,1974,2,4,45837.0,1,1,2013-07-26,88,215,13,87,17,17,24,5,6,2,5,7,0,0,0,0,0,0,3,11,0,373,13,2,0,0.35714285714285715,0.42857142857142855,0.35714285714285715,0.14285714285714285,0.75,2013,7,0,-1.5414543313264775,2.408742494847631
8953,1965,3,0,35791.0,2,1,2013-05-06,94,27,0,5,0,0,3,2,1,0,3,8,0,0,0,0,0,0,3,11,0,35,4,3,0,0.4,0.2,0.6,0.0,0.1111111111111111,2013,5,0,-4.539537928928664,0.012136241330285385
1503,1976,4,4,162397.0,1,1,2013-06-03,31,85,1,16,2,1,2,0,0,0,1,1,0,0,0,0,0,0,3,11,0,107,1,2,0,0.0,0.0,0.5,0.0,0.0,2013,6,0,-2.216720640469087,-2.3586016031599075
8650,1978,2,2,54162.0,1,1,2013-03-18,31,5,6,10,6,5,10,1,1,0,3,4,0,0,0,0,0,0,3,11,0,42,4,2,0,0.2,0.2,0.6,0.0,0.2,2013,3,0,-3.3282330481668567,-1.4073911840458895
10862,1960,3,4,30522.0,0,1,2012-08-17,6,179,8,83,19,11,26,5,1,2,9,2,0,0,0,0,0,0,3,11,0,326,12,1,0,0.38461538461538464,0.07692307692307693,0.6923076923076923,0.15384615384615385,0.3333333333333333,2012,8,0,-1.0714295113822632,-0.81773779726875
2782,1961,4,4,54456.0,0,1,2013-07-11,23,352,0,27,10,0,15,3,6,1,7,6,0,0,0,0,0,0,3,11,0,404,14,1,0,0.2,0.4,0.4666666666666667,0.06666666666666667,0.8571428571428571,2013,7,0,-0.8713889541459813,1.6107551300627032
6941,1971,2,0,31632.0,0,0,2013-07-14,92,17,8,12,11,15,32,1,2,1,2,7,0,0,0,0,0,0,3,11,0,95,5,0,0,0.16666666666666666,0.3333333333333333,0.3333333333333333,0.16666666666666666,0.25,2013,7,0,-1.8560807241533652,-1.0596239790640285
10972,1949,2,2,72298.0,0,0,2014-03-10,52,625,35,169,58,17,35,1,4,3,6,1,0,1,1,0,0,0,3,11,0,939,13,0,2,0.07142857142857142,0.2857142857142857,0.42857142857142855,0.21428571428571427,2.0,2014,3,1,3.1488355499916936,-1.5263768585017328
10708,1978,1,0,36975.0,1,0,2013-12-28,50,10,6,11,0,4,2,1,1,0,3,7,0,0,0,0,0,0,3,11,0,33,4,1,0,0.2,0.2,0.6,0.0,0.125,2013,12,0,-3.447900909831737,-1.9883205626601756
6583,1955,1,4,72635.0,0,0,2013-06-03,54,390,22,323,104,35,107,1,6,8,6,3,0,0,0,1,0,0,3,11,0,981,20,0,1,0.047619047619047616,0.2857142857142857,0.2857142857142857,0.38095238095238093,1.5,2013,6,1,4.0638785407441365,-0.620736332166757
3641,1976,2,4,13624.0,1,0,2013-01-20,93,10,2,15,2,1,6,2,2,0,3,6,0,0,0,0,0,0,3,11,0,36,5,1,0,0.3333333333333333,0.3333333333333333,0.5,0.0,0.2857142857142857,2013,1,0,-3.413581397842599,-0.9911743119510776
10156,1975,2,0,84196.0,0,1,2013-06-03,56,215,63,507,231,31,190,1,8,4,7,3,0,0,0,0,0,0,3,11,0,1237,19,1,0,0.05,0.4,0.35,0.2,2.0,2013,6,1,3.659287332628938,0.7845899944687453
4299,1960,2,4,70971.0,0,1,2012-09-21,28,1001,17,572,93,125,17,7,11,11,5,7,0,0,0,0,0,0,3,11,1,1825,27,1,0,0.25,0.39285714285714285,0.17857142857142858,0.39285714285714285,1.375,2012,9,1,4.856907668909134,4.169256034150528
3469,1977,4,1,34487.0,1,1,2012-09-06,94,19,18,33,24,1,8,3,3,0,3,9,0,0,0,0,0,0,3,11,0,103,6,2,0,0.42857142857142855,0.42857142857142855,0.42857142857142855,0.0,0.3,2012,9,0,-3.334907737951037,1.7602778898770959
5063,1977,2,0,28769.0,1,0,2012-12-18,76,41,5,129,10,3,3,3,4,1,4,9,0,0,0,0,0,0,3,11,0,191,9,1,0,0.3,0.4,0.4,0.1,0.4,2012,12,0,-2.4353523534515054,0.7974929854347289
10727,1970,4,4,69084.0,1,0,2013-11-19,43,1181,107,199,39,30,30,2,7,3,13,8,0,0,0,0,0,0,3,11,0,1586,23,1,0,0.08333333333333333,0.2916666666666667,0.5416666666666666,0.125,0.7777777777777778,2013,11,1,2.1488380938133336,0.8703176883706947
9624,1958,4,4,65488.0,0,0,2014-06-13,46,603,45,207,36,18,54,1,3,4,6,1,0,0,0,0,0,0,3,11,0,963,13,0,0,0.07142857142857142,0.21428571428571427,0.42857142857142855,0.2857142857142857,1.5,2014,6,1,1.835807325517632,-1.620477183193374
5156,1970,1,4,62466.0,0,1,2014-01-15,13,129,129,259,168,121,83,5,6,3,12,4,0,0,0,0,0,0,3,11,0,889,21,1,0,0.22727272727272727,0.2727272727272727,0.5454545454545454,0.13636363636363635,1.2,2014,1,1,2.5654840173254136,-0.12597798827624523
4376,1960,1,0,32218.0,0,0,2014-02-15,27,10,24,15,13,1,30,1,2,1,3,7,1,0,0,0,0,0,3,11,1,93,6,0,1,0.14285714285714285,0.2857142857142857,0.42857142857142855,0.14285714285714285,0.25,2014,2,0,-1.2947648821981905,-1.5808398470008207
8923,1973,2,0,83917.0,0,0,2013-04-18,12,514,22,732,42,198,79,1,6,7,7,3,0,0,0,0,0,0,3,11,1,1587,20,0,0,0.047619047619047616,0.2857142857142857,0.3333333333333333,0.3333333333333333,1.5,2013,4,1,4.7761111144798,-0.8463629787300975
8461,1962,2,1,46102.0,2,1,2014-03-10,3,14,0,1,0,0,1,1,1,0,2,7,0,0,0,0,0,0,3,11,0,16,3,3,0,0.25,0.25,0.5,0.0,0.125,2014,3,0,-4.4363561805695975,-0.33547580074970335
6945,1952,2,0,84574.0,0,0,2013-06-04,72,387,20,713,38,54,163,1,9,11,11,5,0,0,0,0,0,0,3,11,0,1375,31,0,0,0.03125,0.28125,0.34375,0.34375,1.5,2013,6,1,5.034391481193502,0.5785984297430861
944,1962,2,4,56181.0,0,1,2013-01-08,6,121,103,69,8,44,48,1,4,2,7,4,0,0,0,0,0,0,3,11,0,393,13,1,0,0.07142857142857142,0.2857142857142857,0.5,0.14285714285714285,0.8,2013,1,0,0.0608486601922551,-0.5451946465403206
1907,1950,3,1,63120.0,0,1,2012-09-28,53,965,69,279,54,41,69,5,8,4,9,7,0,0,0,0,0,0,3,11,1,1477,21,1,0,0.22727272727272727,0.36363636363636365,0.4090909090909091,0.18181818181818182,1.0,2012,9,1,2.7410270728095747,3.0253500011514367
701,1971,2,4,73691.0,0,1,2013-11-06,58,707,21,250,85,43,73,2,6,2,8,2,1,0,0,0,0,0,3,11,0,1179,16,1,1,0.11764705882352941,0.35294117647058826,0.47058823529411764,0.11764705882352941,2.0,2013,11,1,2.264637585028044,0.7821178428431282
3856,1960,2,4,63381.0,0,1,2012-10-05,78,571,50,142,33,50,159,4,4,5,13,2,0,0,0,0,0,0,3,11,0,1005,22,1,0,0.17391304347826086,0.17391304347826086,0.5652173913043478,0.21739130434782608,1.3333333333333333,2012,10,1,2.4975119501972944,0.6014082306025715
4149,1948,4,4,76140.0,0,0,2014-05-13,57,586,66,653,17,0,26,1,5,9,6,2,0,0,0,0,0,0,3,11,0,1348,20,0,0,0.047619047619047616,0.23809523809523808,0.2857142857142857,0.42857142857142855,1.6666666666666667,2014,5,1,3.7230732212421738,-0.7452377871019896
2131,1959,4,1,62859.0,0,1,2012-12-30,37,1063,89,102,16,12,25,4,9,4,6,6,0,0,0,0,0,0,3,11,0,1307,19,1,0,0.2,0.45,0.3,0.2,1.2857142857142858,2012,12,1,2.003251363528603,3.3834695014646123
2942,1964,2,0,45906.0,0,1,2013-05-07,20,305,3,27,4,3,144,2,5,4,4,5,1,0,0,0,0,0,3,11,0,486,13,1,1,0.14285714285714285,0.35714285714285715,0.2857142857142857,0.2857142857142857,0.8333333333333334,2013,5,0,0.4544824276950575,1.2768892028458612
1173,1947,3,4,77632.0,0,0,2013-03-10,73,1200,105,758,0,42,147,1,4,2,6,2,0,1,1,0,0,0,3,11,1,2252,12,0,2,0.07692307692307693,0.3076923076923077,0.46153846153846156,0.15384615384615385,1.3333333333333333,2013,3,1,5.413686286646973,-0.8258869484506033
4381,1971,4,4,46463.0,1,1,2013-08-18,56,163,2,40,8,11,11,7,3,1,6,6,0,0,0,0,0,0,3,11,0,235,10,2,0,0.6363636363636364,0.2727272727272727,0.5454545454545454,0.09090909090909091,0.42857142857142855,2013,8,0,-2.4815801398802244,1.5387468886890625
4611,1970,2,4,105471.0,0,0,2013-01-21,36,1009,181,104,202,21,207,0,9,8,13,3,0,0,1,1,0,0,3,11,1,1724,30,0,2,0.0,0.2903225806451613,0.41935483870967744,0.25806451612903225,2.25,2013,1,1,8.40635673363543,-0.6137652117677348
3376,1970,3,1,55282.0,1,0,2013-12-13,9,125,6,73,8,4,19,1,3,1,6,4,0,0,0,0,0,0,3,11,0,235,10,1,0,0.09090909090909091,0.2727272727272727,0.5454545454545454,0.09090909090909091,0.6,2013,12,0,-1.6157359907916222,-1.053540660846694
4679,1977,3,4,78710.0,0,1,2014-05-23,42,721,0,152,119,50,50,3,7,6,12,4,0,0,0,0,0,0,3,11,0,1092,25,1,0,0.11538461538461539,0.2692307692307692,0.46153846153846156,0.23076923076923078,1.4,2014,5,1,2.70842237935962,0.7411267929234441
10928,1958,2,4,66886.0,0,1,2013-09-16,28,315,4,62,41,31,146,2,7,1,7,5,0,0,0,0,0,0,3,11,0,599,15,1,0,0.125,0.4375,0.4375,0.0625,1.1666666666666667,2013,9,0,0.37456994348301137,1.6861077844866528
4248,1960,3,0,98777.0,0,0,2014-02-17,23,1000,19,711,125,115,38,0,4,6,9,1,0,1,0,0,0,0,3,11,0,2008,19,0,1,0.0,0.2,0.45,0.3,2.0,2014,2,1,5.5521571985586355,-1.9330501634718418
6728,1985,2,4,29103.0,1,0,2012-08-27,38,16,0,17,6,3,6,2,1,0,3,9,0,0,0,0,0,0,3,11,0,48,4,1,0,0.4,0.2,0.6,0.0,0.1,2012,8,0,-3.6955787231762667,-1.2558095398329938
6661,1974,2,4,67445.0,0,1,2012-08-12,63,757,80,217,29,80,11,5,9,6,12,6,0,0,0,0,0,0,3,11,0,1174,27,1,0,0.17857142857142858,0.32142857142857145,0.42857142857142855,0.21428571428571427,1.2857142857142858,2012,8,1,2.8666272995802027,2.3471982554335247
4725,1950,4,4,50616.0,0,1,2014-04-13,71,30,2,25,0,1,9,1,1,1,4,2,0,0,0,0,0,0,3,11,0,67,6,1,0,0.14285714285714285,0.14285714285714285,0.5714285714285714,0.14285714285714285,0.3333333333333333,2014,4,0,-1.890419564955394,-1.7756478433720468
3277,1955,2,1,49431.0,0,1,2012-08-03,9,219,3,100,26,0,17,2,7,1,5,8,0,0,0,0,0,0,3,11,0,365,13,1,0,0.14285714285714285,0.5,0.35714285714285715,0.07142857142857142,0.7777777777777778,2012,8,0,-1.0043839571098703,2.298720266058386
5555,1975,2,1,153924.0,0,0,2014-02-07,81,1,1,1,1,1,1,0,0,0,0,0,0,0,0,0,0,0,3,11,0,6,0,0,0,0.0,0.0,0.0,0.0,0.0,2014,2,0,-1.0790998423430818,-3.3481933170326084
2564,1953,2,4,61278.0,0,1,2014-01-04,87,111,3,28,2,6,15,2,3,1,4,6,0,0,0,0,0,0,3,11,0,165,8,1,0,0.2222222222222222,0.3333333333333333,0.4444444444444444,0.1111111111111111,0.42857142857142855,2014,1,0,-1.7775399886222663,-0.06010113346253946
946,1958,1,4,26490.0,0,0,2012-09-22,92,45,47,52,21,20,25,2,3,1,5,6,0,0,0,0,0,0,3,11,0,210,9,0,0,0.2,0.3,0.5,0.1,0.42857142857142855,2012,9,0,-1.236142397644652,-0.8587295043297603
3867,1947,4,4,73059.0,0,1,2013-08-31,36,410,112,420,0,82,71,1,9,3,13,4,0,0,0,0,0,0,3,11,0,1095,25,1,0,0.038461538461538464,0.34615384615384615,0.5,0.11538461538461539,1.8,2013,8,1,3.076715255245186,1.4136768531492616
6940,1966,4,0,46734.0,1,2,2013-10-21,86,100,1,39,6,1,76,4,3,2,3,6,1,0,0,0,0,0,3,11,0,223,8,3,1,0.4444444444444444,0.3333333333333333,0.3333333333333333,0.2222222222222222,0.42857142857142855,2013,10,0,-1.996851343238536,2.7179848415492347
55,1963,2,4,56253.0,0,1,2012-12-07,83,509,0,65,7,11,5,4,7,2,9,6,0,0,0,0,0,0,3,11,0,597,18,1,0,0.21052631578947367,0.3684210526315789,0.47368421052631576,0.10526315789473684,1.0,2012,12,0,-0.05932052409030219,2.1261583968543607
7093,1985,2,4,19986.0,1,0,2013-11-14,74,3,6,5,0,2,6,1,0,0,3,7,0,0,0,0,0,0,3,11,0,22,3,1,0,0.25,0.0,0.75,0.0,0.0,2013,11,0,-3.8807843869275778,-3.178950040767063
5084,1975,2,2,58330.0,0,1,2013-12-25,87,445,53,213,104,98,151,1,6,4,13,4,0,0,0,0,0,0,3,11,0,1064,23,1,0,0.041666666666666664,0.25,0.5416666666666666,0.16666666666666666,1.2,2013,12,1,2.780828012498594,0.08480940693323497
1777,1980,0,4,25965.0,0,0,2012-09-07,29,2,2,11,41,7,11,1,2,0,3,8,0,0,0,0,0,0,3,11,0,74,5,0,0,0.16666666666666666,0.3333333333333333,0.5,0.0,0.2222222222222222,2012,9,0,-2.586811128347122,-1.3475671781266956
8162,1956,3,4,14661.0,0,0,2013-01-01,88,4,1,11,6,2,2,1,1,0,3,6,0,0,0,0,0,0,3,11,0,26,4,0,0,0.2,0.2,0.6,0.0,0.14285714285714285,2013,1,0,-2.84689280124482,-2.2451450956249097
10826,1959,2,4,18690.0,0,0,2012-12-28,77,6,1,7,23,4,19,1,1,1,2,8,0,0,0,0,0,0,3,11,0,60,4,0,0,0.2,0.2,0.4,0.2,0.1111111111111111,2012,12,0,-2.211945424967117,-1.2133924330425292
8754,1974,4,4,45068.0,0,1,2013-05-16,25,14,0,3,0,0,3,1,1,0,2,7,0,0,0,0,0,0,3,11,0,20,3,1,0,0.25,0.25,0.5,0.0,0.125,2013,5,0,-3.105511251241856,-0.7699543957525469
1987,1987,0,0,21063.0,1,0,2013-09-25,34,1,10,11,19,3,15,2,2,0,3,6,0,0,0,0,0,0,3,11,0,59,5,1,0,0.3333333333333333,0.3333333333333333,0.5,0.0,0.2857142857142857,2013,9,0,-3.265436872775955,-1.246793995539899
11007,1968,4,4,29187.0,1,0,2013-05-09,43,26,0,6,0,0,2,1,1,0,3,8,0,0,0,0,0,0,3,11,0,34,4,1,0,0.2,0.2,0.6,0.0,0.1111111111111111,2013,5,0,-3.556444408824515,-1.519213047938849
7426,1971,1,4,54690.0,1,1,2013-11-07,76,111,16,37,7,9,18,3,3,1,5,3,0,0,0,0,0,0,3,11,0,198,9,2,0,0.3,0.3,0.5,0.1,0.75,2013,11,0,-2.046423455328422,0.2429014745774978
9153,1964,4,4,59304.0,0,1,2013-07-29,81,418,61,428,80,51,10,3,7,8,10,5,0,0,0,0,0,0,3,11,0,1048,25,1,0,0.11538461538461539,0.2692307692307692,0.38461538461538464,0.3076923076923077,1.1666666666666667,2013,7,1,2.8739836878376117,1.1845582052709287
10379,1962,3,0,59247.0,0,2,2013-11-08,87,327,9,122,19,14,83,5,5,2,9,6,0,0,0,0,0,0,3,11,0,574,16,2,0,0.29411764705882354,0.29411764705882354,0.5294117647058824,0.11764705882352941,0.7142857142857143,2013,11,0,-0.4264438339426418,2.3346549649100106
9204,1970,2,2,66731.0,0,1,2012-09-12,33,371,159,194,58,106,141,4,4,3,6,3,0,0,0,0,0,0,3,11,0,1029,13,1,0,0.2857142857142857,0.2857142857142857,0.42857142857142855,0.21428571428571427,1.0,2012,9,1,2.211988230021086,0.4696548640488003
3197,1980,2,4,77353.0,0,1,2013-12-16,38,275,59,107,69,101,59,2,6,4,8,4,0,0,0,0,0,0,3,11,0,670,18,1,0,0.10526315789473684,0.3157894736842105,0.42105263157894735,0.21052631578947367,1.2,2013,12,1,1.6935638196713458,0.44946204268804374
2920,1975,4,0,52614.0,0,1,2012-12-01,63,789,0,142,12,9,38,2,2,4,8,8,0,0,0,0,0,0,3,11,0,990,14,1,0,0.13333333333333333,0.13333333333333333,0.5333333333333333,0.26666666666666666,0.2222222222222222,2012,12,0,0.15918889284742757,0.10564246139500881
6961,1974,2,4,26751.0,2,0,2014-05-22,26,1,1,5,0,3,1,1,1,0,2,8,0,0,0,0,0,0,3,11,0,11,3,2,0,0.25,0.25,0.5,0.0,0.1111111111111111,2014,5,0,-4.378960518444586,-1.2580037675979592
4673,1963,4,4,81300.0,0,1,2012-10-30,17,1004,12,145,32,12,36,3,10,3,5,5,0,0,0,1,0,0,3,11,1,1241,18,1,1,0.15789473684210525,0.5263157894736842,0.2631578947368421,0.15789473684210525,1.6666666666666667,2012,10,1,2.8994197943036832,3.5332738084805833
9937,1979,2,0,70337.0,0,0,2014-01-02,75,187,81,149,25,43,91,1,2,2,12,1,0,0,0,0,0,0,3,11,0,576,16,0,0,0.058823529411764705,0.11764705882352941,0.7058823529411765,0.11764705882352941,1.0,2014,1,1,1.171792687821902,-3.4734426980189297
8779,1985,1,4,36145.0,1,0,2013-06-16,13,56,4,76,17,1,18,4,4,1,3,9,1,0,0,0,0,0,3,11,1,172,8,1,1,0.4444444444444444,0.4444444444444444,0.3333333333333333,0.1111111111111111,0.4,2013,6,0,-1.9571925404169555,1.0513400006589537
9596,1980,4,0,65295.0,0,0,2013-12-23,19,365,32,117,34,110,6,1,3,3,13,2,0,0,0,0,0,0,3,11,0,664,19,0,0,0.05,0.15,0.65,0.15,1.0,2013,12,1,1.5813455033022397,-2.279826996494625
2891,1963,2,1,68118.0,0,1,2013-10-18,51,595,23,123,10,23,154,2,8,9,4,6,0,0,0,0,0,0,3,11,0,928,21,1,0,0.09090909090909091,0.36363636363636365,0.18181818181818182,0.4090909090909091,1.1428571428571428,2013,10,1,2.4337312544427077,2.3594543264512717
4910,1967,2,1,68743.0,0,0,2012-08-30,81,1132,134,384,175,134,115,1,11,5,13,7,0,0,0,0,0,0,3,11,0,2074,29,0,0,0.03333333333333333,0.36666666666666664,0.43333333333333335,0.16666666666666666,1.375,2012,8,1,5.805395090311143,1.0444607459843758
75,1982,1,4,41039.0,0,0,2013-07-25,32,34,11,137,179,61,45,1,8,1,5,8,0,0,0,0,0,0,3,11,0,467,14,0,0,0.06666666666666667,0.5333333333333333,0.3333333333333333,0.06666666666666667,0.8888888888888888,2013,7,0,0.26746600381960267,0.4163344477403517
10120,1955,2,4,38946.0,0,1,2013-10-24,84,116,6,82,6,6,41,2,3,1,6,5,0,0,0,0,0,0,3,11,0,257,10,1,0,0.18181818181818182,0.2727272727272727,0.5454545454545454,0.09090909090909091,0.5,2013,10,0,-1.5005059248075427,-0.08775906088789358
6327,1967,2,4,65777.0,0,0,2013-12-19,87,565,32,435,28,32,54,1,2,8,6,1,0,0,0,0,0,0,3,11,0,1146,16,0,0,0.058823529411764705,0.11764705882352941,0.35294117647058826,0.47058823529411764,1.0,2013,12,1,2.833262985883662,-1.9566945442995443
10142,1976,4,1,66476.0,0,1,2013-03-07,99,372,18,126,47,48,78,2,5,2,11,4,0,0,0,0,0,0,3,11,0,689,18,1,0,0.10526315789473684,0.2631578947368421,0.5789473684210527,0.10526315789473684,1.0,2013,3,1,0.8251755818349719,0.034699628252791596
9826,1972,4,0,86857.0,0,0,2012-09-12,96,899,102,838,133,102,40,1,5,6,10,2,0,0,0,0,0,0,3,11,1,2114,21,0,0,0.045454545454545456,0.22727272727272727,0.45454545454545453,0.2727272727272727,1.6666666666666667,2012,9,1,5.722353683291812,-1.0108151681681543
1501,1982,4,4,160803.0,0,0,2012-08-04,21,55,16,1622,17,3,4,15,0,28,1,0,0,0,0,0,0,0,3,11,0,1717,29,0,0,0.5,0.0,0.03333333333333333,0.9333333333333333,0.0,2012,8,1,7.02630562599041,0.6088262614993928
10767,1989,4,4,77845.0,0,0,2014-05-16,40,760,40,480,0,40,26,1,3,5,12,1,0,0,1,1,0,0,3,11,0,1346,20,0,2,0.047619047619047616,0.14285714285714285,0.5714285714285714,0.23809523809523808,1.5,2014,5,1,4.505370174111717,-3.0465330730572404
7279,1969,4,4,69476.0,0,0,2013-09-30,3,260,86,559,63,9,67,1,4,6,4,2,0,0,0,0,0,0,3,11,0,1044,14,0,0,0.06666666666666667,0.26666666666666666,0.26666666666666666,0.4,1.3333333333333333,2013,9,1,2.7680599166228284,-0.9833985051373215
7230,1960,4,1,50611.0,0,1,2012-10-04,98,459,0,24,6,0,4,6,4,5,7,6,0,1,0,0,0,0,3,11,1,493,16,1,1,0.35294117647058826,0.23529411764705882,0.4117647058823529,0.29411764705882354,0.5714285714285714,2012,10,1,0.6941787191287863,2.1731381281730053
143,1970,2,0,61209.0,0,0,2013-08-25,73,466,0,224,119,49,99,1,5,3,4,2,0,0,0,0,0,0,3,11,0,957,12,0,0,0.07692307692307693,0.38461538461538464,0.3076923076923077,0.23076923076923078,1.6666666666666667,2013,8,1,1.8923308159934802,-0.5127620655219626
450,1958,3,4,42315.0,0,1,2013-07-12,90,67,15,80,17,11,80,3,1,4,4,3,0,0,0,0,0,0,3,11,0,270,9,1,0,0.3,0.1,0.4,0.4,0.25,2013,7,0,-0.48034617854936434,-0.7440035474440021
9316,1952,0,4,13084.0,0,0,2013-11-02,29,2,0,7,3,7,10,1,1,0,3,6,0,0,0,0,0,0,3,11,0,29,4,0,0,0.2,0.2,0.6,0.0,0.14285714285714285,2013,11,0,-2.8755242024596117,-2.2739308423752886
6379,1949,3,2,47570.0,1,1,2013-05-29,3,67,1,20,0,2,31,3,2,2,2,7,0,0,0,0,0,0,3,11,1,121,6,2,0,0.42857142857142855,0.2857142857142857,0.2857142857142857,0.2857142857142857,0.25,2013,5,0,-2.1195415315322554,1.3202193737666477
9239,1961,3,4,61923.0,0,2,2013-07-26,94,92,4,18,3,3,6,1,2,1,4,3,0,0,0,0,0,0,3,11,0,126,7,2,0,0.125,0.25,0.5,0.125,0.5,2013,7,0,-1.9746538392993334,0.15086620167397596
8315,1995,2,0,34824.0,0,0,2014-03-26,65,4,2,11,2,0,4,1,1,0,2,6,0,0,0,0,0,0,3,11,0,23,3,0,0,0.25,0.25,0.5,0.0,0.14285714285714285,2014,3,0,-2.905228972372392,-2.689145257065962
2868,1949,4,0,26518.0,1,1,2013-04-08,33,20,1,28,3,3,2,3,2,0,3,8,0,0,0,0,0,0,3,11,1,57,5,2,0,0.5,0.3333333333333333,0.5,0.0,0.2222222222222222,2013,4,0,-3.4168043152473344,1.1021458004533438
10888,1961,2,0,45938.0,0,0,2013-11-03,46,273,11,178,62,83,29,2,8,4,6,6,0,0,0,0,0,0,3,11,0,636,18,0,0,0.10526315789473684,0.42105263157894735,0.3157894736842105,0.21052631578947367,1.1428571428571428,2013,11,1,1.3352647568103033,0.7665237214014604
1277,1960,2,4,78468.0,0,0,2014-04-09,29,434,22,388,104,22,34,1,10,7,10,4,0,0,0,1,0,0,3,11,0,1004,27,0,1,0.03571428571428571,0.35714285714285715,0.35714285714285715,0.25,2.0,2014,4,1,4.315467885821337,0.053847381556806295
9977,1973,2,1,78901.0,0,1,2013-09-17,99,321,11,309,33,26,34,3,9,3,5,4,0,0,0,0,0,0,3,11,0,734,17,1,0,0.16666666666666666,0.5,0.2777777777777778,0.16666666666666666,1.8,2013,9,1,1.1832687971926696,2.2658341385241227
10196,1978,2,4,71427.0,2,0,2014-03-12,26,212,123,177,15,64,23,2,8,2,8,4,0,0,0,0,0,0,3,11,0,614,18,2,0,0.10526315789473684,0.42105263157894735,0.42105263157894735,0.10526315789473684,1.6,2014,3,0,0.2984479819352661,0.5332693378863294
6384,1978,2,1,71022.0,0,1,2014-02-11,30,909,12,278,0,12,242,3,5,2,11,8,1,0,0,0,0,0,3,11,0,1453,18,1,1,0.15789473684210525,0.2631578947368421,0.5789473684210527,0.10526315789473684,0.5555555555555556,2014,2,1,1.77343533539333,0.7846684744611947
8029,1988,3,0,90247.0,0,0,2014-04-29,27,1184,32,352,21,16,16,1,3,4,7,1,0,1,1,1,0,0,3,11,1,1621,14,0,3,0.06666666666666667,0.2,0.4666666666666667,0.26666666666666666,1.5,2014,4,1,5.0908105326406625,-2.425782209644566
968,1968,3,1,41335.0,1,0,2013-12-26,24,112,19,21,16,14,5,3,4,1,4,7,0,0,0,0,0,0,3,11,0,187,9,1,0,0.3,0.4,0.4,0.1,0.5,2013,12,0,-2.041170067278573,0.5803254917190729
6988,1986,2,4,71952.0,1,0,2013-01-10,93,656,80,455,52,107,93,2,8,4,8,4,1,0,1,0,0,0,3,11,0,1443,20,1,2,0.09523809523809523,0.38095238095238093,0.38095238095238093,0.19047619047619047,1.6,2013,1,1,4.052783324610943,0.09531924241525362
4472,1970,4,1,35682.0,1,0,2014-06-27,34,23,0,8,6,2,18,1,1,1,3,2,0,0,0,0,0,0,3,11,0,57,5,1,0,0.16666666666666666,0.16666666666666666,0.5,0.16666666666666666,0.3333333333333333,2014,6,0,-2.3624104404508306,-2.3165813646576017
6991,1951,2,1,43185.0,0,1,2013-04-10,88,537,6,42,16,6,30,2,9,3,6,8,0,0,0,0,0,0,3,11,0,637,18,1,0,0.10526315789473684,0.47368421052631576,0.3157894736842105,0.15789473684210525,1.0,2013,4,0,0.1100328688393646,2.588988955790615
3336,1948,4,4,66375.0,0,1,2013-11-21,96,712,0,45,0,0,191,3,2,4,5,7,1,0,0,0,0,0,3,11,0,948,11,1,1,0.25,0.16666666666666666,0.4166666666666667,0.3333333333333333,0.25,2013,11,1,0.8758983337314986,1.051484906591262
4301,1971,3,4,35178.0,1,0,2013-01-10,10,23,1,13,2,2,18,1,1,1,2,7,1,0,0,0,0,0,3,11,1,59,4,1,1,0.2,0.2,0.4,0.2,0.125,2013,1,0,-2.177146962791404,-1.1804437720990484
1940,1986,2,4,25252.0,1,0,2013-07-12,26,1,3,4,2,2,6,1,1,0,2,8,0,0,0,0,0,0,3,11,0,18,3,1,0,0.25,0.25,0.5,0.0,0.1111111111111111,2013,7,0,-3.716370496670503,-1.522682499273366
1272,1965,3,0,55250.0,0,1,2012-10-21,49,664,58,83,32,0,66,4,7,5,10,5,0,0,0,0,0,0,3,11,0,903,22,1,0,0.17391304347826086,0.30434782608695654,0.43478260869565216,0.21739130434782608,1.1666666666666667,2012,10,1,1.6747426062859154,1.9872238382026917
1388,1975,2,0,33249.0,1,0,2013-02-20,11,6,10,21,19,14,42,2,2,1,3,6,0,0,0,0,0,0,3,11,0,112,6,1,0,0.2857142857142857,0.2857142857142857,0.42857142857142855,0.14285714285714285,0.2857142857142857,2013,2,0,-2.404661246166579,-1.0306276638581136
1044,1953,2,4,58398.0,0,0,2013-05-14,44,299,5,201,21,21,49,3,5,4,8,4,0,0,0,0,0,0,3,11,0,596,17,0,0,0.16666666666666666,0.2777777777777778,0.4444444444444444,0.2222222222222222,1.0,2013,5,1,0.9547218695003094,-0.2675409437776792
6969,1982,2,4,50272.0,1,0,2013-08-07,75,99,13,66,43,8,4,3,4,1,5,7,0,0,0,0,0,0,3,11,0,233,10,1,0,0.2727272727272727,0.36363636363636365,0.45454545454545453,0.09090909090909091,0.5,2013,8,0,-1.8967268181642667,-0.014488608462191155
10479,1975,4,4,76618.0,0,0,2012-12-07,64,749,40,294,121,160,147,1,3,2,5,1,0,0,0,0,0,0,3,11,0,1511,10,0,0,0.09090909090909091,0.2727272727272727,0.45454545454545453,0.18181818181818182,1.5,2012,12,1,3.2082244498539505,-1.2078443434012092
3619,1960,1,1,87305.0,0,0,2012-09-23,19,345,25,501,63,138,80,1,5,3,8,2,0,0,1,0,0,0,3,11,1,1152,16,0,1,0.058823529411764705,0.29411764705882354,0.47058823529411764,0.17647058823529413,1.6666666666666667,2012,9,1,4.084600703961265,-1.2672854645208296
1715,1978,2,4,25851.0,1,0,2013-02-11,45,9,4,18,7,5,5,2,2,0,3,7,0,0,0,0,0,0,3,11,0,48,5,1,0,0.3333333333333333,0.3333333333333333,0.5,0.0,0.25,2013,2,0,-3.3431238543411905,-0.9124083866033459
10159,1970,2,1,58710.0,0,1,2013-03-31,77,440,81,368,0,122,174,6,11,5,9,6,0,0,0,0,0,0,3,11,0,1185,25,1,0,0.23076923076923078,0.4230769230769231,0.34615384615384615,0.19230769230769232,1.5714285714285714,2013,3,1,3.183226073704633,3.110540236045446
1463,1958,2,0,45160.0,1,1,2014-03-29,9,8,2,5,3,0,3,1,1,0,2,7,0,0,0,0,0,0,3,11,0,21,3,2,0,0.25,0.25,0.5,0.0,0.125,2014,3,0,-3.7563306975545823,-0.7445971606103845
5114,1965,3,4,74806.0,0,1,2012-12-19,1,670,9,249,0,28,9,2,5,4,5,4,0,0,0,0,0,0,3,11,0,965,14,1,0,0.13333333333333333,0.3333333333333333,0.3333333333333333,0.26666666666666666,1.0,2012,12,1,1.0326966945903877,1.2812277964513141
4990,1954,2,4,59111.0,0,0,2013-05-02,90,524,0,134,28,28,155,1,11,1,8,7,0,0,0,0,0,0,3,11,0,869,20,0,0,0.047619047619047616,0.5238095238095238,0.38095238095238093,0.047619047619047616,1.375,2013,5,1,1.44822000276682,1.948074859473916
4329,1984,4,4,18988.0,1,0,2014-05-23,43,6,0,6,2,1,1,2,1,0,3,7,0,0,0,0,0,0,3,11,0,16,4,1,0,0.4,0.2,0.6,0.0,0.125,2014,5,0,-3.738929566558312,-1.8367213493708747
10936,1965,2,4,72190.0,0,0,2013-02-13,79,597,166,597,172,166,249,1,5,6,4,3,0,0,0,0,0,0,3,11,0,1947,15,0,0,0.0625,0.3125,0.25,0.375,1.25,2013,2,1,5.72398111331477,-0.9427998278752642
4692,1976,2,4,7500.0,1,0,2012-08-01,19,7,0,12,13,7,32,5,4,1,2,9,1,0,0,0,0,0,3,11,1,71,7,1,1,0.625,0.5,0.25,0.125,0.4,2012,8,0,-2.2910768695858406,2.225479138600505
7212,1966,2,4,44794.0,0,1,2014-06-08,99,54,0,7,0,0,4,1,2,0,3,6,0,0,0,0,0,0,3,11,0,65,5,1,0,0.16666666666666666,0.3333333333333333,0.5,0.0,0.2857142857142857,2014,6,0,-2.7766755194911505,-0.7021894436372591
6086,1955,2,4,80395.0,0,0,2013-11-23,62,445,25,706,80,76,48,1,6,5,12,2,0,0,0,1,0,0,3,11,0,1380,23,0,1,0.041666666666666664,0.25,0.5,0.20833333333333334,2.0,2013,11,1,4.704606905480528,-1.158737613819433
437,1976,3,1,75012.0,0,0,2014-01-25,41,294,142,218,164,58,151,1,3,8,11,1,0,0,0,0,0,0,3,11,0,1027,22,0,0,0.043478260869565216,0.13043478260869565,0.4782608695652174,0.34782608695652173,1.5,2014,1,1,4.318786359761027,-2.6526236727222967
11171,1965,3,4,56962.0,2,1,2013-10-11,60,292,3,77,10,3,26,7,6,3,5,7,0,0,0,0,0,0,3,11,0,411,14,3,0,0.4666666666666667,0.4,0.3333333333333333,0.2,0.75,2013,10,0,-1.8922361601755482,3.6261444354032886
11101,1991,2,4,89891.0,0,0,2013-04-15,17,412,22,132,59,28,183,1,11,6,8,4,0,0,1,0,0,0,3,11,0,836,25,0,1,0.038461538461538464,0.4230769230769231,0.3076923076923077,0.23076923076923078,2.2,2013,4,1,4.172259145565474,0.7282137094370207
5329,1949,4,1,35946.0,1,1,2013-09-27,24,8,0,3,0,0,0,1,0,0,3,5,0,0,0,0,0,0,3,11,0,11,3,2,0,0.25,0.0,0.75,0.0,0.0,2013,9,0,-3.808226427753055,-1.87204349688733
610,1953,4,4,53593.0,1,1,2012-08-07,60,349,4,78,6,0,43,8,7,2,6,8,0,0,0,0,0,0,3,11,0,480,15,2,0,0.5,0.4375,0.375,0.125,0.7777777777777778,2012,8,0,-1.2660930176089682,4.272821228469811
9384,1978,2,4,66373.0,1,1,2013-06-12,57,328,9,124,12,24,109,7,4,2,10,3,0,0,0,0,0,0,3,11,0,606,16,2,0,0.4117647058823529,0.23529411764705882,0.5882352941176471,0.11764705882352941,1.0,2013,6,0,-0.4285433308965419,1.1697642929025105
5956,1948,4,1,45072.0,1,2,2013-10-16,74,144,2,99,7,2,30,5,6,1,4,8,0,0,0,0,0,0,3,11,0,284,11,3,0,0.4166666666666667,0.5,0.3333333333333333,0.08333333333333333,0.6666666666666666,2013,10,0,-2.418877545256148,4.341258802860543
10430,1973,2,1,89694.0,1,1,2013-10-09,22,1126,28,211,37,28,42,3,4,3,4,5,0,1,1,1,0,0,3,11,0,1472,11,2,3,0.25,0.3333333333333333,0.3333333333333333,0.25,0.6666666666666666,2013,10,1,2.9668411374323482,0.9782658157181352
7875,1949,2,4,72025.0,0,0,2014-04-29,46,967,0,617,43,50,0,1,4,8,13,2,0,1,1,1,0,0,3,11,1,1677,25,0,3,0.038461538461538464,0.15384615384615385,0.5,0.3076923076923077,1.3333333333333333,2014,4,1,6.43959429058304,-1.9267220887527594
7072,1973,2,4,67432.0,0,1,2013-03-29,69,432,79,341,177,136,170,2,8,5,4,4,0,0,0,0,0,0,3,11,0,1335,17,1,0,0.1111111111111111,0.4444444444444444,0.2222222222222222,0.2777777777777778,1.6,2013,3,1,3.717235550093206,1.4395683474985623
6255,1952,3,4,70545.0,0,1,2014-06-03,29,138,39,63,55,18,21,1,4,1,7,2,0,0,0,0,0,0,3,11,0,334,12,1,0,0.07692307692307693,0.3076923076923077,0.5384615384615384,0.07692307692307693,1.3333333333333333,2014,6,0,-0.17710097325580207,-0.573663160268079
6516,1989,0,4,17487.0,1,0,2013-03-18,37,0,0,1,7,4,6,1,1,0,2,7,0,0,0,0,0,0,3,11,0,18,3,1,0,0.25,0.25,0.5,0.0,0.125,2013,3,0,-3.765227849853529,-1.9801907693800618
5564,1969,2,4,62882.0,0,1,2012-08-09,26,509,133,497,78,24,97,2,7,5,6,4,0,0,0,0,0,0,3,11,0,1338,18,1,0,0.10526315789473684,0.3684210526315789,0.3157894736842105,0.2631578947368421,1.4,2012,8,1,3.004573281569547,1.2967068979087033
5682,1953,4,0,64108.0,0,1,2013-03-23,8,948,10,86,13,21,21,4,6,9,11,5,0,0,0,0,0,0,3,11,0,1099,26,1,0,0.14814814814814814,0.2222222222222222,0.4074074074074074,0.3333333333333333,1.0,2013,3,1,2.4495795503581226,1.6092752403558275
7458,1956,3,4,34941.0,1,1,2013-03-06,26,39,2,25,4,3,24,2,3,0,3,8,0,0,0,0,0,0,3,11,0,97,6,2,0,0.2857142857142857,0.42857142857142855,0.42857142857142855,0.0,0.3333333333333333,2013,3,0,-3.3067559910738744,1.2959245453151993
5237,1950,4,0,48767.0,1,2,2014-01-01,79,28,1,21,3,0,10,3,2,1,3,5,0,0,0,0,0,0,3,11,0,63,6,3,0,0.42857142857142855,0.2857142857142857,0.42857142857142855,0.14285714285714285,0.3333333333333333,2014,1,0,-3.113527790343681,1.2916793348494364
7761,1978,1,4,38702.0,1,0,2013-08-01,71,13,11,24,13,8,40,2,3,0,4,6,0,0,0,0,0,0,3,11,0,109,7,1,0,0.25,0.375,0.5,0.0,0.42857142857142855,2013,8,0,-2.6599253837082717,-0.5826672357106318
5278,1964,2,4,82224.0,0,0,2014-01-25,83,307,26,360,138,31,40,1,6,9,5,3,0,0,0,1,0,0,3,11,0,902,20,0,1,0.047619047619047616,0.2857142857142857,0.23809523809523808,0.42857142857142855,1.5,2014,1,1,4.0912511859302265,-1.1331842034610269
3560,1952,2,4,83844.0,0,0,2013-05-12,57,901,31,345,75,31,191,1,4,4,11,1,0,0,1,0,0,0,3,11,0,1574,19,0,1,0.05,0.2,0.55,0.2,2.0,2013,5,1,4.650330046518447,-1.5249693030681364
7235,1975,1,4,17003.0,1,0,2013-12-09,37,2,5,12,4,8,7,3,2,0,4,5,0,0,0,0,0,0,3,11,0,38,6,1,0,0.42857142857142855,0.2857142857142857,0.5714285714285714,0.0,0.3333333333333333,2013,12,0,-3.2323299444010942,-1.0275211828003143
10548,1995,2,0,71163.0,0,0,2014-03-09,30,283,17,372,138,106,44,1,3,8,12,1,0,0,0,0,0,0,3,11,0,960,23,0,0,0.041666666666666664,0.125,0.5,0.3333333333333333,1.5,2014,3,1,3.5162854940187134,-3.0455120950527976
2281,1970,2,0,33697.0,1,0,2013-09-15,34,4,3,7,0,3,11,1,1,0,2,7,1,0,0,0,0,0,3,11,0,28,3,1,1,0.25,0.25,0.5,0.0,0.125,2013,9,0,-3.1129032056874477,-1.3457439138184009
4073,1954,1,4,63564.0,0,0,2014-01-29,0,769,80,252,15,34,65,1,10,10,7,6,1,0,0,0,0,0,3,11,1,1215,27,0,1,0.03571428571428571,0.35714285714285715,0.25,0.35714285714285715,1.4285714285714286,2014,1,1,4.364824514935585,1.0068966751170543
6974,1972,4,4,83443.0,0,0,2013-12-31,89,518,42,742,55,56,84,1,6,10,5,2,0,0,0,0,0,0,3,11,0,1497,21,0,0,0.045454545454545456,0.2727272727272727,0.22727272727272727,0.45454545454545453,2.0,2013,12,1,4.70484910570675,-0.1861879156339426
7938,1958,4,4,51518.0,0,1,2013-10-03,92,350,8,66,17,4,4,2,3,2,10,3,0,0,0,0,0,0,3,11,0,449,15,1,0,0.125,0.1875,0.625,0.125,0.75,2013,10,0,-0.38785297804573715,-0.4277879393828132
7094,1975,2,2,58330.0,0,1,2013-12-25,87,445,53,213,104,98,151,1,6,4,13,4,0,0,0,0,0,0,3,11,0,1064,23,1,0,0.041666666666666664,0.25,0.5416666666666666,0.16666666666666666,1.2,2013,12,1,2.780828012498594,0.08480940693323497
3667,1969,2,4,80952.0,0,0,2013-02-28,20,778,178,689,41,27,44,1,8,5,11,8,0,1,1,1,0,0,3,11,1,1757,24,0,3,0.04,0.32,0.44,0.2,0.8888888888888888,2013,2,1,6.47187096084824,-0.41902313903979016
7723,1979,2,4,75507.0,0,0,2014-05-02,56,709,93,374,104,80,80,1,8,6,6,3,0,0,0,0,0,0,3,11,0,1440,20,0,0,0.047619047619047616,0.38095238095238093,0.2857142857142857,0.2857142857142857,2.0,2014,5,1,4.084793760357404,-0.2773930441793278
3870,1978,1,4,63855.0,0,0,2013-02-09,28,359,35,314,93,116,89,1,7,3,13,4,0,0,0,0,0,0,3,11,0,1006,23,0,0,0.041666666666666664,0.2916666666666667,0.5416666666666666,0.125,1.4,2013,2,1,2.814868128248933,-1.0706031191240142
4012,1972,4,4,62220.0,0,1,2012-08-11,55,799,12,375,16,12,12,5,7,6,5,6,0,0,0,0,0,0,3,11,1,1226,18,1,0,0.2631578947368421,0.3684210526315789,0.2631578947368421,0.3157894736842105,1.0,2012,8,1,1.930116833496678,2.883252041364003
5909,1964,2,4,58512.0,0,1,2013-09-19,25,895,10,101,13,0,152,5,3,4,8,8,0,0,0,0,0,0,3,11,0,1171,15,1,0,0.3125,0.1875,0.5,0.25,0.3333333333333333,2013,9,1,0.6942442269709118,1.1410554302549598
10470,1979,3,4,40662.0,1,0,2013-03-15,0,40,2,23,0,4,23,2,2,1,3,4,0,0,0,0,0,0,3,11,0,92,6,1,0,0.2857142857142857,0.2857142857142857,0.42857142857142855,0.14285714285714285,0.4,2013,3,0,-2.362195810948619,-1.0468748937876375
6488,1959,4,4,38829.0,0,1,2014-04-06,86,76,0,7,0,0,16,1,3,2,2,5,0,0,0,0,0,0,3,11,0,99,7,1,0,0.125,0.375,0.25,0.25,0.5,2014,4,0,-1.5894753982538,0.3816813969681227
10270,1981,1,4,35523.0,1,0,2013-10-03,8,11,5,22,12,5,11,2,3,0,3,7,0,0,0,0,0,0,3,11,0,66,6,1,0,0.2857142857142857,0.42857142857142855,0.42857142857142855,0.0,0.375,2013,10,0,-3.0205135210072633,-0.177694003709176
6887,1967,2,0,79146.0,1,1,2014-04-24,33,245,16,223,21,43,16,2,8,1,8,6,0,0,0,0,0,0,3,11,0,564,17,2,0,0.1111111111111111,0.4444444444444444,0.4444444444444444,0.05555555555555555,1.1428571428571428,2014,4,0,-0.41370023678394846,1.537420525111374
6406,1988,3,4,78285.0,0,0,2013-10-28,13,647,107,391,175,67,40,1,6,4,10,3,0,0,0,0,0,0,3,11,0,1427,20,0,0,0.047619047619047616,0.2857142857142857,0.47619047619047616,0.19047619047619047,1.5,2013,10,1,3.7574062456568904,-1.2160835143466269
7573,1978,4,0,31626.0,1,0,2013-05-10,12,39,1,9,2,1,34,1,2,1,2,7,1,0,0,0,0,0,3,11,1,86,5,1,1,0.16666666666666666,0.3333333333333333,0.3333333333333333,0.16666666666666666,0.25,2013,5,0,-1.997725133256533,-0.2588809047221917
4508,1952,2,0,75127.0,0,0,2014-05-22,92,203,35,305,46,17,227,1,2,11,5,1,0,0,0,0,0,0,3,11,0,833,18,0,0,0.05263157894736842,0.10526315789473684,0.2631578947368421,0.5789473684210527,1.0,2014,5,1,3.531093069603934,-1.842636432314638
221,1955,2,4,48726.0,0,1,2013-04-27,90,138,3,38,4,0,59,3,3,2,4,6,0,0,0,0,0,0,3,11,0,242,9,1,0,0.3,0.3,0.4,0.2,0.42857142857142855,2013,4,0,-1.3413012300831082,0.5658714274902219
5331,1977,2,4,74985.0,0,0,2012-09-11,8,587,51,898,247,0,86,1,3,6,7,2,0,0,0,0,0,0,3,11,0,1869,16,0,0,0.058823529411764705,0.17647058823529413,0.4117647058823529,0.35294117647058826,1.0,2012,9,1,4.305429250026528,-1.980234352796852
1911,1987,2,4,67430.0,0,0,2012-09-05,6,595,97,291,127,133,121,1,11,5,12,6,0,0,0,0,0,0,3,11,0,1364,28,0,0,0.034482758620689655,0.3793103448275862,0.41379310344827586,0.1724137931034483,1.5714285714285714,2012,9,1,4.532126829465701,0.8361915553229965
20,1965,1,4,46891.0,0,1,2013-09-01,91,43,12,23,29,15,61,1,2,1,4,4,0,0,0,0,0,0,3,11,0,183,7,1,0,0.125,0.25,0.5,0.125,0.4,2013,9,0,-1.537471843424016,-0.928393595810698
8786,1956,3,4,62058.0,0,1,2013-05-26,52,301,7,74,10,0,58,4,6,1,7,6,0,0,0,0,0,0,3,11,0,450,14,1,0,0.26666666666666666,0.4,0.4666666666666667,0.06666666666666667,0.8571428571428571,2013,5,0,-0.623311871395356,1.7765661681434806
10582,1979,2,4,72063.0,0,1,2013-07-03,3,180,32,348,76,32,90,2,5,2,12,2,0,0,0,0,0,0,3,11,0,758,19,1,0,0.1,0.25,0.6,0.1,1.6666666666666667,2013,7,1,1.4964481405515113,-0.446402010710139
1915,1951,4,4,78939.0,0,0,2013-12-12,57,794,115,243,150,0,205,1,8,5,6,3,0,0,0,0,0,0,3,11,0,1507,19,0,0,0.05,0.4,0.3,0.25,2.0,2013,12,1,4.383018837952858,1.046711622150191
8897,1965,2,0,42720.0,1,1,2013-04-24,9,392,5,91,28,26,112,8,7,3,7,8,0,0,0,0,0,0,3,11,1,654,17,2,0,0.4444444444444444,0.3888888888888889,0.3888888888888889,0.16666666666666666,0.7777777777777778,2013,4,0,-0.32993896970649217,3.521737615222376
2371,1972,2,4,33622.0,1,1,2013-04-13,22,39,1,22,3,4,12,3,2,0,4,7,0,0,0,0,0,0,3,11,0,81,6,2,0,0.42857142857142855,0.2857142857142857,0.5714285714285714,0.0,0.25,2013,4,0,-3.5569436411212023,0.13097892245984855
4303,1957,4,4,6835.0,0,1,2012-12-08,76,107,2,12,2,2,12,0,0,0,1,20,0,0,0,0,0,0,3,11,0,137,1,1,0,0.0,0.0,0.5,0.0,0.0,2012,12,0,-4.296515117829335,-0.11718409100413976
6825,1953,2,4,41452.0,1,1,2013-03-06,86,13,0,3,0,0,0,1,1,0,2,7,0,0,0,0,0,0,3,11,0,16,3,2,0,0.25,0.25,0.5,0.0,0.125,2013,3,0,-3.7673805521314874,-0.3471440062466801
1072,1965,4,0,40760.0,0,1,2013-08-30,64,70,0,17,0,0,6,2,2,1,3,6,0,0,0,0,0,0,3,11,0,93,6,1,0,0.2857142857142857,0.2857142857142857,0.42857142857142855,0.14285714285714285,0.2857142857142857,2013,8,0,-2.228212250871142,0.012154178913155353
4964,1958,4,4,74250.0,0,0,2014-01-26,90,680,11,392,75,0,0,1,2,11,4,1,0,0,0,0,0,0,3,11,0,1158,17,0,0,0.05555555555555555,0.1111111111111111,0.2222222222222222,0.6111111111111112,1.0,2014,1,1,3.2635732057976714,-1.9192030678041987
2461,1955,3,0,51124.0,1,1,2013-12-18,79,26,1,11,0,1,4,2,1,0,3,3,0,0,0,0,0,0,3,11,0,43,4,2,0,0.4,0.2,0.6,0.0,0.25,2013,12,0,-3.256252656542619,-0.6558105575427741
10736,1971,2,0,72258.0,0,1,2013-09-12,28,522,0,522,227,120,134,2,6,9,5,2,0,0,0,0,0,0,3,11,0,1525,20,1,0,0.09523809523809523,0.2857142857142857,0.23809523809523808,0.42857142857142855,2.0,2013,9,1,4.706438601826408,0.5400094693535917
3194,1974,4,0,71466.0,0,0,2014-04-05,86,412,12,546,78,182,0,1,4,4,10,1,0,0,0,0,0,0,3,11,0,1230,18,0,0,0.05263157894736842,0.21052631578947367,0.5263157894736842,0.21052631578947367,2.0,2014,4,1,3.2790674937712407,-2.324458571698757
10839,1976,2,4,36283.0,1,1,2014-04-14,42,6,5,5,8,0,5,2,1,0,3,4,0,0,0,0,0,0,3,11,0,29,4,2,0,0.4,0.2,0.6,0.0,0.2,2014,4,0,-3.636622455402834,-1.334779723714937
49,1970,2,0,20587.0,1,0,2014-05-11,39,2,3,6,4,1,9,1,1,1,2,7,0,0,0,0,0,0,3,11,0,25,4,1,0,0.2,0.2,0.4,0.2,0.125,2014,5,0,-3.021022850297113,-1.7637054121767688
4290,1972,2,4,30467.0,1,0,2014-03-19,8,1,3,8,2,5,5,1,1,0,2,7,0,0,0,0,0,0,3,11,0,24,3,1,0,0.25,0.25,0.5,0.0,0.125,2014,3,0,-3.569016262340429,-1.825202891049844
10219,1972,2,4,31590.0,1,0,2013-06-18,40,6,2,15,6,6,3,1,1,0,3,8,0,0,0,0,0,0,3,11,0,38,4,1,0,0.2,0.2,0.6,0.0,0.1111111111111111,2013,6,0,-3.5345967496018207,-1.7904104779421415
4211,1986,0,4,20425.0,1,0,2012-10-29,5,4,12,5,3,16,17,2,2,0,3,7,0,0,0,0,0,0,3,11,0,57,5,1,0,0.3333333333333333,0.3333333333333333,0.5,0.0,0.25,2012,10,0,-3.306924996394592,-0.777732935649847
1135,1960,3,4,17144.0,1,1,2014-02-15,96,18,2,19,0,2,6,5,3,0,4,7,0,0,0,0,0,0,3,11,0,47,7,2,0,0.625,0.375,0.5,0.0,0.375,2014,2,0,-3.6416234043991715,1.209322280932457
6299,1968,4,1,42564.0,0,1,2013-01-02,28,324,48,186,39,18,198,6,6,8,4,7,1,0,0,0,0,0,3,11,1,813,18,1,1,0.3157894736842105,0.3157894736842105,0.21052631578947367,0.42105263157894735,0.75,2013,1,1,2.3625340728665676,2.731142547481891
10846,1978,3,4,43783.0,1,0,2014-05-29,22,327,9,125,25,4,139,6,7,1,8,7,1,0,0,0,0,0,3,11,0,629,16,1,1,0.35294117647058826,0.4117647058823529,0.47058823529411764,0.058823529411764705,0.875,2014,5,0,-0.26507938784922336,1.6972518976446316
347,1976,2,1,40780.0,0,1,2012-09-08,30,229,27,71,13,3,34,4,7,1,5,9,0,0,0,0,0,0,3,11,0,377,13,1,0,0.2857142857142857,0.5,0.35714285714285715,0.07142857142857142,0.7,2012,9,0,-1.194979471221485,2.6320217884978536
6543,1945,3,4,62847.0,0,0,2013-01-15,45,521,168,706,80,76,61,1,3,6,4,2,0,0,0,0,0,0,3,11,0,1612,13,0,0,0.07142857142857142,0.21428571428571427,0.2857142857142857,0.42857142857142855,1.0,2013,1,1,4.0647338102967,-1.6969647432012525
10446,1957,4,4,82017.0,0,0,2012-11-07,58,184,23,446,30,23,23,1,5,4,7,2,0,1,1,1,0,0,3,11,1,729,16,0,3,0.058823529411764705,0.29411764705882354,0.4117647058823529,0.23529411764705882,1.6666666666666667,2012,11,1,4.359034139351349,-0.6562575990166285
3479,1950,2,0,16813.0,0,0,2013-07-19,49,4,8,11,12,2,13,1,2,0,3,7,1,0,0,0,0,0,3,11,0,50,5,0,1,0.16666666666666666,0.3333333333333333,0.5,0.0,0.25,2013,7,0,-2.2244940609082664,-1.108565638761809
11075,1978,2,4,51267.0,1,1,2013-10-29,37,183,2,64,7,2,12,4,3,3,5,4,0,0,0,0,0,0,3,11,0,270,11,2,0,0.3333333333333333,0.25,0.4166666666666667,0.25,0.6,2013,10,0,-1.6055151073168268,0.6258097902700381
4442,1961,2,0,46524.0,0,1,2013-04-05,70,31,19,35,26,14,52,2,1,1,5,3,0,0,0,0,0,0,3,11,0,177,7,1,0,0.25,0.125,0.625,0.125,0.25,2013,4,0,-1.6101133346385734,-1.7632236007389817
199,1962,3,0,45183.0,0,0,2013-01-20,33,219,3,60,12,9,12,1,4,1,7,7,0,1,0,0,0,0,3,11,0,315,12,0,1,0.07692307692307693,0.3076923076923077,0.5384615384615384,0.07692307692307693,0.5,2013,1,0,-0.47923075382159813,-0.7844037533361059
6722,1954,4,4,70421.0,0,1,2014-06-28,98,479,28,136,75,14,35,3,10,3,7,6,0,0,0,0,0,0,3,11,0,767,20,1,0,0.14285714285714285,0.47619047619047616,0.3333333333333333,0.14285714285714285,1.4285714285714286,2014,6,1,1.2843505690870705,2.643579067318919
796,1965,1,1,60161.0,0,1,2012-10-23,17,584,44,212,46,8,177,3,11,4,8,8,0,0,0,0,0,0,3,11,0,1071,23,1,0,0.125,0.4583333333333333,0.3333333333333333,0.16666666666666666,1.2222222222222223,2012,10,1,2.100524989169902,3.396263477242262
3749,1973,2,4,73926.0,0,0,2013-03-02,54,627,91,597,159,91,15,1,6,5,12,3,0,0,0,0,0,0,3,11,0,1580,23,0,0,0.041666666666666664,0.25,0.5,0.20833333333333334,1.5,2013,3,1,4.280137288727209,-1.508958357827498
8523,1968,2,4,19329.0,1,0,2013-12-14,39,24,1,16,12,2,5,3,4,0,3,8,0,0,0,0,0,0,3,11,0,60,7,1,0,0.375,0.5,0.375,0.0,0.4444444444444444,2013,12,0,-3.099357989439604,1.0428289818556367
310,1970,3,4,61872.0,0,1,2013-12-13,81,330,5,159,36,27,16,4,4,4,9,4,0,0,0,0,0,0,3,11,0,573,17,1,0,0.2222222222222222,0.2222222222222222,0.5,0.2222222222222222,0.8,2013,12,0,0.4354582364293203,0.42959803599843344
8629,1956,2,2,46984.0,1,1,2013-03-26,71,19,1,10,2,1,8,1,1,0,3,5,0,0,0,0,0,0,3,11,0,41,4,2,0,0.2,0.2,0.6,0.0,0.16666666666666666,2013,3,0,-3.456804061986036,-1.0131841000475263
236,1951,2,4,34838.0,1,1,2013-01-19,62,28,23,29,29,14,47,3,2,1,4,6,0,0,0,0,0,0,3,11,0,170,7,2,0,0.375,0.25,0.5,0.125,0.2857142857142857,2013,1,0,-2.508966434539276,0.2082545272605543
9930,1944,4,0,82716.0,0,0,2013-11-05,8,606,148,228,15,148,22,1,6,8,13,2,0,0,0,0,0,0,3,11,0,1167,27,0,0,0.03571428571428571,0.21428571428571427,0.4642857142857143,0.2857142857142857,2.0,2013,11,1,4.829246942624685,-0.6294453029973907
3483,1958,2,4,48192.0,0,0,2013-04-06,76,1039,43,204,153,58,29,3,2,8,12,8,0,1,0,1,1,0,3,11,1,1526,22,0,3,0.13043478260869565,0.08695652173913043,0.5217391304347826,0.34782608695652173,0.2222222222222222,2013,4,1,5.31828315575776,-1.2689545300375042
4599,1976,3,4,49681.0,0,2,2013-11-04,66,411,0,26,0,0,21,6,7,1,7,7,0,0,0,0,0,0,3,11,0,458,15,2,0,0.375,0.4375,0.4375,0.0625,0.875,2013,11,0,-1.3323061242964536,3.5789534623239265
7326,1971,3,4,56850.0,0,1,2014-03-23,83,34,1,19,2,7,0,1,1,1,3,2,0,0,0,0,0,0,3,11,0,63,5,1,0,0.16666666666666666,0.16666666666666666,0.5,0.16666666666666666,0.3333333333333333,2014,3,0,-1.9437877351337964,-1.9585302014903692
7352,1957,2,4,55267.0,0,1,2013-10-21,28,161,28,136,32,3,45,4,3,4,6,3,0,0,0,0,0,0,3,11,0,405,13,1,0,0.2857142857142857,0.21428571428571427,0.42857142857142855,0.2857142857142857,0.75,2013,10,0,0.05148040319152217,0.18036629072455557
2350,1972,2,4,59666.0,1,1,2013-03-22,87,623,53,178,23,17,133,7,3,2,8,8,0,1,0,0,0,0,3,11,0,1027,13,2,1,0.5,0.21428571428571427,0.5714285714285714,0.14285714285714285,0.3333333333333333,2013,3,0,0.06569178561182026,1.6150031450334408
9145,1972,2,0,72504.0,0,1,2013-04-06,43,604,26,470,123,161,94,2,5,9,6,2,0,0,0,0,0,0,3,11,0,1478,20,1,0,0.09523809523809523,0.23809523809523808,0.2857142857142857,0.42857142857142855,1.6666666666666667,2013,4,1,4.353795329316915,-0.024294188210974815
2964,1981,2,4,26872.0,0,0,2013-10-16,0,3,10,8,3,16,32,1,1,1,2,6,0,0,0,0,0,0,3,11,0,72,4,0,0,0.2,0.2,0.4,0.2,0.14285714285714285,2013,10,0,-2.025045650296879,-1.9850290522860967
5585,1972,2,0,21359.0,1,0,2013-04-20,1,12,2,17,6,1,10,2,2,0,3,8,0,0,0,0,0,0,3,11,1,48,5,1,0,0.3333333333333333,0.3333333333333333,0.5,0.0,0.2222222222222222,2013,4,0,-3.1908695214960408,-0.5959604776948307
9687,1975,2,0,73170.0,0,0,2014-05-31,1,184,174,256,50,30,32,1,5,4,6,2,0,0,0,0,0,0,3,11,0,726,15,0,0,0.0625,0.3125,0.375,0.25,1.6666666666666667,2014,5,1,2.265097071904666,-1.6907812632505972
3732,1955,3,4,52750.0,0,1,2013-02-04,72,393,0,239,90,69,69,6,5,7,9,4,0,0,0,0,0,0,3,11,0,860,21,1,0,0.2727272727272727,0.22727272727272727,0.4090909090909091,0.3181818181818182,1.0,2013,2,1,2.005282030175804,1.2378037373477264
6303,1986,4,4,91820.0,0,0,2013-11-23,72,410,73,747,76,161,30,0,5,5,12,1,0,0,0,0,0,0,3,11,0,1497,22,0,0,0.0,0.21739130434782608,0.5217391304347826,0.21739130434782608,2.5,2013,11,1,4.748173826724365,-1.926207064791669
11176,1970,4,4,65968.0,0,1,2014-05-12,12,376,9,83,19,4,4,2,5,4,7,3,0,0,0,0,0,0,3,11,0,495,16,1,0,0.11764705882352941,0.29411764705882354,0.4117647058823529,0.23529411764705882,1.25,2014,5,0,0.38058470991267923,0.2572285548783567
2986,1976,2,4,30772.0,1,1,2014-03-12,89,7,2,4,2,1,4,1,1,0,2,6,0,0,0,0,0,0,3,11,0,20,3,2,0,0.25,0.25,0.5,0.0,0.14285714285714285,2014,3,0,-3.8722188223228873,-0.9969079495239803
7462,1954,2,0,22507.0,0,0,2012-11-24,67,68,0,226,51,157,68,3,10,2,4,9,0,0,0,0,0,0,3,11,0,570,16,0,0,0.17647058823529413,0.5882352941176471,0.23529411764705882,0.11764705882352941,1.0,2012,11,1,0.7775960488036936,2.5669314850798797
3900,1972,2,4,65685.0,0,1,2014-03-29,54,642,14,49,0,7,57,1,9,2,9,5,0,0,0,0,0,0,3,11,0,769,20,1,0,0.047619047619047616,0.42857142857142855,0.42857142857142855,0.09523809523809523,1.5,2014,3,1,0.7771722133105077,1.3858514276541078
7034,1978,1,4,25804.0,1,0,2013-09-01,34,8,7,9,13,6,12,2,2,0,3,8,0,0,0,0,0,0,3,11,0,55,5,1,0,0.3333333333333333,0.3333333333333333,0.5,0.0,0.2222222222222222,2013,9,0,-3.380636376195385,-0.7518244265733725
9493,1980,4,0,76412.0,0,0,2013-05-05,15,840,53,804,23,71,17,1,5,4,8,3,0,0,1,1,0,0,3,11,1,1808,17,0,2,0.05555555555555555,0.2777777777777778,0.4444444444444444,0.2222222222222222,1.25,2013,5,1,5.281876387963489,-1.684511590717178
1143,1972,2,4,22063.0,1,0,2013-08-08,43,7,10,13,3,11,11,2,2,0,3,7,0,0,0,0,0,0,3,11,0,55,5,1,0,0.3333333333333333,0.3333333333333333,0.5,0.0,0.25,2013,8,0,-3.2802243811650897,-0.700417853575494
1,1961,2,0,57091.0,0,0,2014-06-15,0,464,5,64,7,0,37,1,7,3,7,5,0,0,0,0,1,0,3,11,1,577,17,0,1,0.05555555555555555,0.3888888888888889,0.3888888888888889,0.16666666666666666,1.1666666666666667,2014,6,1,1.5042073809200647,0.04130863090254919
3855,1963,2,4,22419.0,0,0,2013-04-18,74,30,3,47,19,21,42,1,3,2,2,8,0,0,0,0,0,0,3,11,0,162,7,0,0,0.125,0.375,0.25,0.25,0.3333333333333333,2013,4,0,-1.3637884952249717,-0.3387778099781985
5536,1959,2,4,87771.0,0,1,2013-05-22,61,1492,38,287,50,57,33,1,5,10,4,6,0,1,1,1,1,0,3,11,1,1957,19,1,4,0.05,0.25,0.2,0.5,0.7142857142857143,2013,5,1,7.016523953391135,0.6789279604012318
5989,1959,1,1,78353.0,0,1,2013-04-16,51,752,122,476,39,153,34,1,10,2,11,8,0,0,0,0,0,0,3,11,0,1576,23,1,0,0.041666666666666664,0.4166666666666667,0.4583333333333333,0.08333333333333333,1.1111111111111112,2013,4,1,3.244501676979882,1.4143758783153215
9499,1954,2,4,93404.0,1,2,2013-05-07,97,1279,15,287,20,0,15,3,3,4,7,5,0,1,1,0,0,0,3,11,0,1616,14,3,2,0.2,0.2,0.4666666666666667,0.26666666666666666,0.5,2013,5,1,2.044656800832807,1.5620266982340414
6768,1962,2,1,37859.0,1,2,2013-01-12,75,22,1,8,2,1,2,2,1,0,3,8,0,0,0,0,0,0,3,11,0,36,4,3,0,0.4,0.2,0.6,0.0,0.1111111111111111,2013,1,0,-4.242736523513739,0.37800655447072296
2150,1958,4,2,80995.0,0,1,2013-05-11,83,860,28,409,73,56,56,1,8,9,4,4,0,0,0,0,0,0,3,11,0,1482,21,1,0,0.045454545454545456,0.36363636363636365,0.18181818181818182,0.4090909090909091,1.6,2013,5,1,3.80995425257897,1.814863701226021
6646,1984,2,4,16529.0,1,0,2014-03-01,23,3,0,5,13,0,1,1,1,0,3,6,0,0,0,0,0,0,3,11,0,22,4,1,0,0.2,0.2,0.6,0.0,0.14285714285714285,2014,3,0,-3.641632881176227,-2.4837673949190875
4887,1976,4,1,55412.0,1,1,2013-11-22,65,10,5,28,11,1,8,1,2,0,3,5,0,0,0,0,0,0,3,11,0,63,5,2,0,0.16666666666666666,0.3333333333333333,0.5,0.0,0.3333333333333333,2013,11,0,-3.0761971597710325,0.012405791418941598
8560,1992,2,0,48789.0,0,0,2012-09-10,94,351,16,156,7,5,145,1,6,4,7,6,0,0,0,0,0,0,3,11,0,680,17,0,0,0.05555555555555555,0.3333333333333333,0.3888888888888889,0.2222222222222222,0.8571428571428571,2012,9,1,0.9844560445850906,0.023153252690018174
3321,1967,4,4,56575.0,0,2,2013-05-05,42,421,5,90,0,16,10,3,7,3,7,5,0,0,0,0,0,0,3,11,0,542,17,2,0,0.16666666666666666,0.3888888888888889,0.3888888888888889,0.16666666666666666,1.1666666666666667,2013,5,0,-0.1953326731179383,2.702635971014812
11003,1980,1,4,25130.0,1,0,2013-10-02,10,2,5,7,0,18,18,2,2,0,3,7,0,0,0,0,0,0,3,11,0,50,5,1,0,0.3333333333333333,0.3333333333333333,0.5,0.0,0.25,2013,10,0,-3.2961387490571794,-0.8419653490806497
10402,1967,2,4,35441.0,1,1,2013-02-14,94,25,1,9,2,1,1,2,1,0,3,8,0,0,0,0,0,0,3,11,0,39,4,2,0,0.4,0.2,0.6,0.0,0.1111111111111111,2013,2,0,-3.93689662731656,-0.5746046587039688
9904,1956,2,4,71391.0,0,1,2013-03-29,50,336,123,274,46,123,141,5,6,5,12,3,0,0,0,0,0,0,3,11,0,1043,23,1,0,0.20833333333333334,0.25,0.5,0.20833333333333334,1.5,2013,3,1,3.3224084013517188,0.8469596150587487
6141,1972,3,0,49494.0,1,0,2013-04-25,46,191,9,97,0,6,82,2,6,1,5,7,0,0,0,0,0,0,3,11,0,385,12,1,0,0.15384615384615385,0.46153846153846156,0.38461538461538464,0.07692307692307693,0.75,2013,4,0,-1.252149246698679,0.959957457169852
5687,1980,2,1,81702.0,0,0,2012-09-23,98,563,50,774,28,31,187,1,7,7,12,3,0,0,0,0,0,0,3,11,0,1633,26,0,0,0.037037037037037035,0.25925925925925924,0.4444444444444444,0.25925925925925924,1.75,2012,9,1,4.71087672543602,-0.20074100846284149
10856,1980,1,0,45889.0,0,1,2013-07-02,42,31,0,6,0,1,8,1,1,0,3,6,0,0,0,0,0,0,3,11,0,46,4,1,0,0.2,0.2,0.6,0.0,0.14285714285714285,2013,7,0,-3.019843148163214,-1.66771839848972
5121,1977,2,0,56628.0,0,1,2014-03-21,30,479,5,82,7,17,171,2,7,6,5,5,1,0,0,0,0,0,3,11,0,761,18,1,1,0.10526315789473684,0.3684210526315789,0.2631578947368421,0.3157894736842105,1.1666666666666667,2014,3,1,1.7154123027886186,1.423646990557079
4186,1950,2,4,34026.0,1,1,2013-08-05,11,18,6,15,12,8,17,3,2,1,3,5,0,0,0,0,0,0,3,11,0,76,6,2,0,0.42857142857142855,0.2857142857142857,0.42857142857142855,0.14285714285714285,0.3333333333333333,2013,8,0,-2.7887954405786872,0.5687378342152899
368,1974,2,4,40049.0,0,1,2012-11-29,61,91,65,52,10,44,28,3,3,2,6,5,0,0,0,0,0,0,3,11,0,290,11,1,0,0.25,0.25,0.5,0.16666666666666666,0.5,2012,11,0,-0.8000381602648315,0.027112662699086045
3312,1988,2,0,34176.0,1,0,2014-05-12,12,5,7,24,19,14,20,4,3,0,4,6,0,0,0,0,0,0,3,11,0,89,7,1,0,0.5,0.375,0.5,0.0,0.42857142857142855,2014,5,0,-2.892801956233264,-0.5726551729416449
11121,1981,2,4,19419.0,1,0,2012-11-10,76,2,14,28,16,3,7,4,4,0,3,9,0,0,0,0,0,0,3,11,0,70,7,1,0,0.5,0.5,0.375,0.0,0.4,2012,11,0,-3.139168529014786,1.4264730254810698
5332,1960,1,4,82504.0,0,0,2013-07-27,2,362,50,431,134,35,54,1,3,6,7,1,0,0,0,0,0,0,3,11,0,1066,16,0,0,0.058823529411764705,0.17647058823529413,0.4117647058823529,0.35294117647058826,1.5,2013,7,1,3.0836135357261165,-2.0726539381447155
5848,1970,2,4,81205.0,0,0,2014-01-13,43,724,74,929,97,55,130,1,5,6,7,2,1,0,1,0,1,0,3,11,1,2009,18,0,3,0.05263157894736842,0.2631578947368421,0.3684210526315789,0.3157894736842105,1.6666666666666667,2014,1,1,6.912273575852653,-1.7287341021908305
10343,1991,1,0,61618.0,0,0,2012-09-29,27,605,91,399,0,45,205,2,3,6,8,3,0,0,0,0,0,0,3,11,0,1345,17,0,0,0.1111111111111111,0.16666666666666666,0.4444444444444444,0.3333333333333333,0.75,2012,9,1,3.0539265738445067,-1.433325842387616
5935,1956,3,0,55284.0,0,1,2012-12-24,60,547,7,140,0,7,63,3,7,5,8,5,0,0,0,0,0,0,3,11,0,764,20,1,0,0.14285714285714285,0.3333333333333333,0.38095238095238093,0.23809523809523808,1.1666666666666667,2012,12,1,1.156097767588261,2.1569109375146955
2895,1963,2,0,49980.0,0,1,2013-10-23,79,104,1,54,13,9,14,2,3,1,5,5,0,0,0,0,0,0,3,11,0,195,9,1,0,0.2,0.3,0.5,0.1,0.5,2013,10,0,-1.621712960432419,-0.12264165575665388
10262,1980,2,4,15072.0,2,0,2013-05-10,96,8,2,15,0,10,18,4,3,1,3,5,0,0,0,0,0,0,3,11,0,53,7,2,0,0.5,0.375,0.375,0.125,0.5,2013,5,0,-3.320125796112047,0.5033147044633317
7848,1974,2,0,49166.0,0,1,2013-06-13,17,224,2,25,7,0,110,2,5,3,3,6,0,0,0,0,0,0,3,11,0,368,11,1,0,0.16666666666666666,0.4166666666666667,0.25,0.25,0.7142857142857143,2013,6,0,-0.5355692229124949,1.3398735947001061
9477,1954,4,4,65324.0,0,1,2014-01-11,0,384,0,102,21,32,5,3,6,2,9,4,0,0,0,0,0,0,3,11,0,544,17,1,0,0.16666666666666666,0.3333333333333333,0.5,0.1111111111111111,1.2,2014,1,0,0.19834758172252762,0.7837793954868691
4856,1957,1,4,82347.0,0,0,2012-11-06,38,556,54,845,202,133,63,1,7,7,10,3,1,0,0,1,0,0,3,11,0,1853,24,0,2,0.04,0.28,0.4,0.28,1.75,2012,11,1,6.757100227281149,-0.7107703548590657
7186,1966,4,4,30843.0,1,1,2014-05-26,43,24,0,2,0,0,9,2,1,1,2,5,1,0,0,0,0,0,3,11,0,35,4,2,1,0.4,0.2,0.4,0.2,0.16666666666666666,2014,5,0,-2.7809654684653324,-0.3069049571786637
5794,1974,4,4,46374.0,0,1,2014-03-17,1,408,0,21,0,0,17,3,7,1,7,8,0,1,0,1,0,0,3,11,1,446,15,1,2,0.1875,0.4375,0.4375,0.0625,0.7777777777777778,2014,3,0,0.5434445653734863,1.8022771442706818
1456,1979,2,0,60474.0,0,1,2013-04-01,25,265,199,303,234,9,170,7,10,2,12,7,0,0,0,0,0,0,3,11,0,1180,24,1,0,0.28,0.4,0.48,0.08,1.25,2013,4,1,3.199786994164803,2.2899876102012784
4877,1973,3,4,38576.0,0,1,2014-03-04,2,34,0,7,0,0,0,1,1,0,3,7,0,0,0,0,0,0,3,11,0,41,4,1,0,0.2,0.2,0.6,0.0,0.125,2014,3,0,-3.1885056666574885,-1.575755699272212
425,1985,2,4,55357.0,2,0,2013-02-19,66,374,64,116,84,25,64,3,6,2,11,5,0,0,0,0,0,0,3,11,0,727,19,2,0,0.15,0.3,0.55,0.1,1.0,2013,2,0,-0.0688254232230129,0.188354422907634
3007,1966,2,4,37758.0,1,1,2012-10-04,49,27,2,10,0,0,1,2,1,0,3,8,0,0,0,0,0,0,3,11,0,40,4,2,0,0.4,0.2,0.6,0.0,0.1111111111111111,2012,10,0,-3.859066109500654,-0.11177891365083169
1031,1989,1,4,85710.0,0,0,2013-05-05,5,600,20,350,29,30,33,1,6,9,10,2,0,0,1,0,0,0,3,11,0,1062,25,0,1,0.038461538461538464,0.23076923076923078,0.38461538461538464,0.34615384615384615,2.0,2013,5,1,4.341517805034103,-1.4027987180744381
4297,1969,2,4,23228.0,1,0,2014-01-26,71,13,2,18,6,1,0,2,2,0,3,8,0,0,0,0,0,0,3,11,0,40,5,1,0,0.3333333333333333,0.3333333333333333,0.5,0.0,0.2222222222222222,2014,1,0,-3.516862064938633,-0.980218567062608
807,1969,3,4,44602.0,1,1,2014-02-15,35,167,2,89,0,0,34,6,6,1,4,8,0,0,0,0,0,0,3,11,0,292,11,2,0,0.5,0.5,0.3333333333333333,0.08333333333333333,0.6666666666666666,2014,2,0,-2.2970665244252904,2.870096306800834
9553,1987,2,4,7500.0,0,0,2013-01-09,94,0,2,3,4,1,5,1,0,0,3,6,0,0,0,0,0,0,3,11,0,15,3,0,0,0.25,0.0,0.75,0.0,0.0,2013,1,0,-3.3243370780612667,-3.9819074327735486
4271,1989,1,4,38683.0,1,0,2012-10-04,80,46,35,69,84,41,66,6,4,1,6,7,0,0,0,0,0,0,3,11,0,341,11,1,0,0.5,0.3333333333333333,0.5,0.08333333333333333,0.5,2012,10,0,-1.382821003010255,0.5370814760916198
4120,1975,1,0,49514.0,1,0,2013-12-17,61,88,39,78,58,13,93,2,6,1,4,7,0,0,0,0,0,0,3,11,0,369,11,1,0,0.16666666666666666,0.5,0.3333333333333333,0.08333333333333333,0.75,2013,12,0,-1.0035876560785146,0.9558303844555759
2036,1973,4,4,57906.0,0,1,2013-06-11,29,243,11,119,10,3,15,3,4,2,8,4,0,0,0,0,0,0,3,11,0,401,14,1,0,0.2,0.26666666666666666,0.5333333333333333,0.13333333333333333,0.8,2013,6,0,-0.5399334924189025,0.19651412851670277
115,1966,3,0,43456.0,0,1,2013-03-26,0,275,11,68,25,7,7,3,5,1,8,5,0,0,0,0,0,0,3,11,0,393,14,1,0,0.2,0.3333333333333333,0.5333333333333333,0.06666666666666667,0.8333333333333334,2013,3,0,-0.8870309444373454,0.5237856199368153
4259,1986,3,0,19485.0,2,0,2013-09-24,80,6,0,4,0,0,0,1,1,0,2,7,0,0,0,0,0,0,3,11,0,10,3,2,0,0.25,0.25,0.5,0.0,0.125,2013,9,0,-4.336376221196682,-1.0956758929595192
8687,1978,2,4,53172.0,0,1,2013-05-06,54,121,62,90,68,20,125,3,2,3,8,3,0,0,0,0,0,0,3,11,0,486,13,1,0,0.21428571428571427,0.14285714285714285,0.5714285714285714,0.21428571428571427,0.5,2013,5,0,0.2772222319472639,-1.1485868014093765
2447,1979,2,4,30545.0,1,0,2012-10-17,71,4,12,15,19,7,12,2,2,0,3,7,0,0,0,0,0,0,3,11,0,69,5,1,0,0.3333333333333333,0.3333333333333333,0.5,0.0,0.25,2012,10,0,-3.116295229940008,-0.49399067897885135
10140,1983,4,4,70123.0,0,0,2013-09-28,27,1308,0,396,23,0,0,1,5,7,4,3,0,1,0,0,1,0,3,11,0,1727,16,0,2,0.058823529411764705,0.29411764705882354,0.23529411764705882,0.4117647058823529,1.25,2013,9,1,4.207821139978905,0.011350934269209141
9353,1959,2,0,62450.0,0,1,2014-01-06,61,515,47,267,62,66,38,2,5,5,4,3,0,1,0,0,0,0,3,11,0,995,14,1,1,0.13333333333333333,0.3333333333333333,0.26666666666666666,0.3333333333333333,1.25,2014,1,1,2.375446415228441,0.4367872523594929
3623,1976,2,4,21675.0,1,0,2014-06-11,55,4,0,16,17,4,4,3,4,0,3,7,0,0,0,0,0,0,3,11,0,45,7,1,0,0.375,0.5,0.375,0.0,0.5,2014,6,0,-3.071040313221138,0.4259856996457428
738,1981,1,0,42395.0,1,1,2014-04-04,35,48,13,57,24,15,25,4,3,1,4,7,0,0,0,0,0,0,3,11,0,182,8,2,0,0.4444444444444444,0.3333333333333333,0.4444444444444444,0.1111111111111111,0.375,2014,4,0,-2.665693553218303,0.4144578709124907
7631,1978,3,4,61346.0,1,0,2013-10-06,34,562,58,168,43,16,142,1,5,7,10,3,0,0,0,0,0,0,3,11,0,989,22,1,0,0.043478260869565216,0.21739130434782608,0.43478260869565216,0.30434782608695654,1.25,2013,10,1,2.2788325222749277,-0.3276495398219672
4789,1953,2,4,80812.0,0,0,2013-09-17,95,769,22,500,210,143,33,1,4,8,5,2,1,0,1,1,0,0,3,11,0,1677,17,0,3,0.05555555555555555,0.2222222222222222,0.2777777777777778,0.4444444444444444,1.3333333333333333,2013,9,1,6.760557631301316,-1.798326862981927
773,1971,3,1,42835.0,1,1,2013-06-30,64,379,4,93,12,9,98,7,6,6,4,6,0,0,0,0,0,0,3,11,0,595,16,2,0,0.4117647058823529,0.35294117647058826,0.23529411764705882,0.35294117647058826,0.8571428571428571,2013,6,0,-0.15177970669834331,3.095129221679
10602,1983,2,4,39922.0,1,0,2013-02-14,30,29,12,59,19,1,36,2,3,0,4,8,0,0,0,0,0,0,3,11,0,156,7,1,0,0.25,0.375,0.5,0.0,0.3333333333333333,2013,2,0,-2.7835537886568598,-0.4952340623142297
1446,1956,3,0,86424.0,0,0,2014-04-05,12,387,68,569,89,45,68,1,6,9,12,1,0,0,0,0,0,0,3,11,0,1226,27,0,0,0.03571428571428571,0.21428571428571427,0.42857142857142855,0.32142857142857145,3.0,2014,4,1,4.947238110198336,-1.1333249973240027
3270,1978,1,4,17117.0,1,0,2013-01-17,96,12,23,38,30,18,7,4,3,1,3,9,0,0,0,0,0,0,3,11,0,128,7,1,0,0.5,0.375,0.375,0.125,0.3,2013,1,0,-2.7604623584172874,0.16494132591798502
8443,1972,2,0,24762.0,1,0,2014-02-10,16,6,10,12,3,15,40,3,3,1,2,8,1,0,0,0,0,0,3,11,1,86,6,1,1,0.42857142857142855,0.42857142857142855,0.2857142857142857,0.14285714285714285,0.3333333333333333,2014,2,0,-2.076040542251665,0.4531306421048194
9653,1975,2,4,35797.0,0,1,2012-10-16,16,27,1,14,4,1,21,2,2,0,3,8,0,0,0,0,0,0,3,11,0,68,5,1,0,0.3333333333333333,0.3333333333333333,0.5,0.0,0.2222222222222222,2012,10,0,-2.9516181949492974,0.26428354922231634
8916,1975,2,1,36627.0,2,0,2013-07-23,78,9,1,5,0,0,1,1,0,0,3,5,0,0,0,0,0,0,3,11,0,16,3,2,0,0.25,0.0,0.75,0.0,0.0,2013,7,0,-4.226593148409454,-2.9728560649286746
8017,1981,1,4,51111.0,1,1,2014-06-19,83,22,0,19,6,5,3,2,2,0,3,6,0,0,0,0,0,0,3,11,0,55,5,2,0,0.3333333333333333,0.3333333333333333,0.5,0.0,0.2857142857142857,2014,6,0,-3.4611199782648128,-0.3426251450361569
5830,1972,4,0,86857.0,0,0,2012-09-12,96,899,102,838,133,102,40,1,5,6,10,2,0,0,0,0,0,0,3,11,1,2114,21,0,0,0.045454545454545456,0.22727272727272727,0.45454545454545453,0.2727272727272727,1.6666666666666667,2012,9,1,5.722353683291812,-1.0108151681681543
4597,1970,4,4,82072.0,0,0,2013-07-02,67,889,55,685,168,92,129,1,3,2,13,1,0,0,0,0,0,0,3,11,0,2018,18,0,0,0.05263157894736842,0.15789473684210525,0.6842105263157895,0.10526315789473684,1.5,2013,7,1,4.395219976378686,-2.321404670203461
7023,1953,4,0,46231.0,2,1,2012-11-26,87,189,2,55,0,5,12,4,6,1,4,9,0,0,0,0,0,0,3,11,0,263,11,3,0,0.3333333333333333,0.5,0.3333333333333333,0.08333333333333333,0.6,2012,11,0,-2.828796045736536,3.8981665837075767
8086,1959,2,4,42243.0,1,1,2013-12-11,34,48,0,2,0,0,5,2,2,0,3,7,0,0,0,0,0,0,3,11,0,55,5,2,0,0.3333333333333333,0.3333333333333333,0.5,0.0,0.25,2013,12,0,-3.511801670790777,0.5670567880873046
8825,1962,2,4,51195.0,1,1,2013-04-01,46,230,14,156,82,24,58,8,9,2,5,8,0,0,0,0,0,0,3,11,0,564,16,2,0,0.47058823529411764,0.5294117647058824,0.29411764705882354,0.11764705882352941,1.0,2013,4,0,-0.6506967731091765,4.212904667008303
2930,1978,3,0,68092.0,0,0,2013-12-16,7,852,60,207,78,36,48,2,2,6,10,5,0,0,0,0,0,0,3,11,0,1281,18,0,0,0.10526315789473684,0.10526315789473684,0.5263157894736842,0.3157894736842105,0.3333333333333333,2013,12,1,2.415972881877891,-1.7940277912075275
1928,1973,2,4,31814.0,1,0,2013-02-09,73,35,3,20,4,1,20,2,2,0,3,9,1,0,0,0,0,0,3,11,0,83,5,1,1,0.3333333333333333,0.3333333333333333,0.5,0.0,0.2,2013,2,0,-3.0400881506286406,-0.4977613169231571
7108,1965,3,2,51390.0,1,1,2012-09-08,54,205,20,47,23,2,56,6,5,2,5,5,0,0,0,0,0,0,3,11,0,353,12,2,0,0.46153846153846156,0.38461538461538464,0.38461538461538464,0.15384615384615385,0.8333333333333334,2012,9,0,-1.315049426726621,2.610221325349588
10925,1983,2,4,76630.0,0,0,2014-01-14,93,255,31,446,40,56,175,1,3,10,11,1,0,0,0,0,0,0,3,11,0,1003,24,0,0,0.04,0.12,0.44,0.4,1.5,2014,1,1,3.9069827799530628,-2.3320751722853754
9960,1991,0,0,26868.0,1,0,2014-04-30,52,0,0,1,8,3,2,1,1,0,2,7,0,0,0,0,0,0,3,11,0,14,3,1,0,0.25,0.25,0.5,0.0,0.125,2014,4,0,-3.734380424928382,-2.3091292764380835
8800,1943,4,1,48948.0,0,0,2013-02-01,53,437,8,206,160,49,42,2,7,10,5,6,1,0,0,0,0,0,3,11,1,902,22,0,1,0.08695652173913043,0.30434782608695654,0.21739130434782608,0.43478260869565216,1.0,2013,2,1,3.661430160615424,0.9033885143801528
9224,1972,4,0,55260.0,0,1,2012-12-12,81,825,8,53,11,0,242,2,8,10,5,6,0,0,0,0,0,0,3,11,0,1139,23,1,0,0.08333333333333333,0.3333333333333333,0.20833333333333334,0.4166666666666667,1.1428571428571428,2012,12,1,2.933210853212685,2.9889605201569274
5519,1956,2,4,64090.0,0,1,2013-08-07,8,316,58,161,76,51,135,1,6,9,4,5,0,0,0,0,0,0,3,11,1,797,19,1,0,0.05,0.3,0.2,0.45,1.0,2013,8,1,2.883907185681694,1.250831453928552
5046,1958,2,1,78331.0,0,1,2014-01-23,97,756,138,354,160,169,61,2,10,6,7,4,0,0,0,0,0,0,3,11,0,1638,23,1,0,0.08333333333333333,0.4166666666666667,0.2916666666666667,0.25,2.0,2014,1,1,4.920289453782435,1.287818367877499
7037,1974,4,4,37087.0,1,0,2013-08-11,50,194,55,134,15,0,3,3,4,2,8,6,0,0,0,0,0,0,3,11,0,401,14,1,0,0.2,0.26666666666666666,0.5333333333333333,0.13333333333333333,0.5714285714285714,2013,8,0,-1.0626050284153383,-0.2539484099480854
905,1986,2,1,21846.0,1,0,2013-10-22,38,7,17,18,6,10,26,4,4,0,3,8,0,0,0,0,0,0,3,11,0,84,7,1,0,0.5,0.5,0.375,0.0,0.4444444444444444,2013,10,0,-3.0084886309988894,0.9705753007344038
8624,1958,2,4,81320.0,0,0,2013-02-06,61,183,33,493,59,103,57,1,4,3,10,2,0,0,0,0,0,0,3,11,0,928,17,0,0,0.05555555555555555,0.2222222222222222,0.5555555555555556,0.16666666666666666,1.3333333333333333,2013,2,1,2.365361773598251,-1.949566572022848
8945,1970,2,1,54137.0,0,1,2013-08-16,46,171,0,11,0,1,20,2,4,1,4,6,0,0,0,0,0,0,3,11,0,203,9,1,0,0.2,0.4,0.4,0.1,0.5714285714285714,2013,8,0,-1.6727156909514114,0.6957803690807518
6445,1967,2,4,66825.0,0,0,2013-07-14,73,243,101,405,29,40,40,1,4,5,6,2,0,0,0,0,0,0,3,11,0,858,15,0,0,0.0625,0.25,0.375,0.3125,1.3333333333333333,2013,7,1,2.247870055736349,-1.4968581277149864
2727,1973,2,4,57100.0,0,0,2013-12-04,19,181,21,69,39,3,96,1,3,3,6,3,0,0,0,0,0,0,3,11,0,409,12,0,0,0.07692307692307693,0.23076923076923078,0.46153846153846156,0.23076923076923078,0.75,2013,12,0,0.30573354211464443,-1.5030501456936718
6404,1969,2,4,58917.0,1,2,2013-03-24,10,151,7,89,0,7,28,5,4,1,6,5,0,0,0,0,0,0,3,11,0,282,11,3,0,0.4166666666666667,0.3333333333333333,0.5,0.08333333333333333,0.6666666666666666,2013,3,0,-2.329679522592087,2.161333597331467
11074,1977,2,0,85072.0,0,0,2014-04-09,94,494,92,391,194,11,241,1,3,4,10,0,0,0,0,0,0,0,3,11,0,1423,17,0,0,0.05555555555555555,0.16666666666666666,0.5555555555555556,0.2222222222222222,3.0,2014,4,1,4.371401710433948,-2.465264300419484
10150,1961,2,0,86429.0,0,0,2013-11-21,10,464,28,873,29,18,37,0,7,4,7,2,0,0,0,1,0,0,3,11,1,1449,18,0,1,0.0,0.3684210526315789,0.3684210526315789,0.21052631578947367,2.3333333333333335,2013,11,1,4.389410985993687,-0.5421843634745717
1968,1971,2,2,45684.0,1,0,2013-12-02,37,5,1,5,10,0,7,1,1,0,2,7,0,0,0,0,0,0,3,11,0,28,3,1,0,0.25,0.25,0.5,0.0,0.125,2013,12,0,-3.3535008388857577,-1.357320299747379
6534,1974,2,4,47889.0,1,0,2014-01-04,94,29,0,29,0,5,4,1,2,0,3,5,0,0,0,0,0,0,3,11,0,67,5,1,0,0.16666666666666666,0.3333333333333333,0.5,0.0,0.3333333333333333,2014,1,0,-2.956022375731924,-1.573054163447624
9485,1986,4,4,45921.0,0,0,2014-03-10,23,102,9,49,24,3,12,1,2,1,6,4,0,0,0,0,0,0,3,11,0,199,9,0,0,0.1,0.2,0.6,0.1,0.4,2014,3,0,-1.3553190130314619,-2.6327532155421864
7053,1966,4,0,78420.0,0,0,2013-06-29,75,604,28,674,91,28,28,1,3,10,8,1,0,0,0,0,0,0,3,11,0,1453,21,0,0,0.045454545454545456,0.13636363636363635,0.36363636363636365,0.45454545454545453,1.5,2013,6,1,4.230020992386398,-1.7425152611354575
4654,1992,2,4,75114.0,0,0,2013-11-07,40,571,12,523,63,60,24,1,3,10,5,2,0,0,0,0,0,0,3,11,0,1253,18,0,0,0.05263157894736842,0.15789473684210525,0.2631578947368421,0.5263157894736842,1.0,2013,11,1,3.4154298034268558,-1.796421868661696
9760,1963,4,2,52278.0,0,1,2013-01-25,24,953,0,71,0,0,174,6,10,5,10,8,0,0,0,0,0,0,3,11,1,1198,25,1,0,0.23076923076923078,0.38461538461538464,0.38461538461538464,0.19230769230769232,1.1111111111111112,2013,1,1,2.173688460992595,3.9456027234672755
1048,1972,3,4,35641.0,1,0,2013-07-14,11,63,3,67,8,9,28,2,3,1,4,7,0,0,0,0,0,0,3,11,1,178,8,1,0,0.2222222222222222,0.3333333333333333,0.4444444444444444,0.1111111111111111,0.375,2013,7,0,-2.0253214892222706,-0.10338007380447292
10619,1994,2,0,95529.0,0,0,2012-12-03,29,770,29,890,250,27,24,1,7,3,7,3,0,0,1,0,0,0,3,11,1,1990,17,0,1,0.05555555555555555,0.3888888888888889,0.3888888888888889,0.16666666666666666,1.75,2012,12,1,5.334574158321495,-0.789533270557168
9308,1954,2,4,62820.0,0,0,2013-05-11,51,398,61,265,138,61,53,1,3,4,6,1,0,0,0,0,0,0,3,11,0,976,13,0,0,0.07142857142857142,0.21428571428571427,0.42857142857142855,0.2857142857142857,1.5,2013,5,1,2.4296933060217336,-1.9092798589069635
10505,1960,3,4,73113.0,0,0,2013-12-26,86,741,19,154,50,9,28,1,3,4,7,2,0,0,0,0,0,0,3,11,0,1001,14,0,0,0.06666666666666667,0.2,0.4666666666666667,0.26666666666666666,1.0,2013,12,1,1.6153103243839741,-1.3462662056197183
8362,1982,4,4,84169.0,0,0,2013-08-07,9,1478,19,403,0,19,0,1,7,6,6,3,0,1,1,0,0,0,3,11,1,1919,19,0,2,0.05,0.35,0.3,0.3,1.75,2013,8,1,5.234096433848032,0.39695129244616395
2625,1954,1,0,42607.0,0,1,2013-11-17,30,156,29,56,30,32,47,2,3,2,7,3,0,0,0,0,0,0,3,11,0,350,12,1,0,0.15384615384615385,0.23076923076923078,0.5384615384615384,0.15384615384615385,0.75,2013,11,0,-0.47699284186200464,-0.5848900300106477
4637,1954,4,0,74637.0,0,0,2013-05-18,73,960,64,464,146,0,16,1,6,9,9,3,0,0,0,1,0,0,3,11,0,1650,24,0,1,0.04,0.24,0.36,0.36,1.5,2013,5,1,5.333053346947938,-0.686311409874376
9972,1955,4,4,46015.0,1,1,2014-04-13,25,38,0,2,0,0,6,1,1,0,3,7,1,0,0,0,1,0,3,11,0,46,4,2,2,0.2,0.2,0.6,0.0,0.125,2014,4,0,-2.6220368788602086,-0.7588138514650138
4483,1993,2,0,72354.0,0,0,2013-04-17,67,315,26,473,220,12,182,1,2,10,6,1,0,0,0,0,0,0,3,11,0,1228,18,0,0,0.05263157894736842,0.10526315789473684,0.3157894736842105,0.5263157894736842,1.0,2013,4,1,4.149744575362806,-2.5665823192321335
4487,1969,3,0,39858.0,1,0,2013-01-24,67,15,20,25,2,7,26,1,2,0,4,6,0,0,0,0,0,0,3,11,1,95,6,1,0,0.14285714285714285,0.2857142857142857,0.5714285714285714,0.0,0.2857142857142857,2013,1,0,-2.5158589416494324,-1.2913962121632567
4988,1948,4,4,34469.0,1,1,2014-05-04,58,19,6,20,0,5,12,3,1,1,4,4,0,0,0,0,0,0,3,11,0,62,6,2,0,0.42857142857142855,0.14285714285714285,0.5714285714285714,0.14285714285714285,0.2,2014,5,0,-2.916939930509401,-0.6254217432316305
8931,1986,2,4,83033.0,1,0,2014-05-18,82,812,99,431,237,149,33,1,11,4,10,5,0,0,0,1,0,0,3,11,0,1761,25,1,1,0.038461538461538464,0.4230769230769231,0.38461538461538464,0.15384615384615385,1.8333333333333333,2014,5,1,5.274780110857496,0.13862199500602213
5871,1979,3,4,24401.0,0,0,2012-08-31,98,73,28,217,10,24,115,3,6,1,6,8,0,0,0,0,0,0,3,11,0,467,13,0,0,0.21428571428571427,0.42857142857142855,0.42857142857142855,0.07142857142857142,0.6666666666666666,2012,8,0,-0.4622977010581865,0.886406178626526
2008,1978,2,4,77583.0,0,0,2014-02-10,93,372,23,384,250,12,108,1,4,5,9,2,0,0,0,1,0,0,3,11,0,1149,18,0,1,0.05263157894736842,0.21052631578947367,0.47368421052631576,0.2631578947368421,1.3333333333333333,2014,2,1,3.974738906978503,-2.495218144104407
3139,1982,1,0,74116.0,0,0,2013-12-30,53,871,111,704,145,55,166,1,4,4,10,2,0,1,0,0,0,0,3,11,0,2052,18,0,1,0.05263157894736842,0.21052631578947367,0.5263157894736842,0.21052631578947367,1.3333333333333333,2013,12,1,5.202045641530622,-1.746502506295527
10037,1993,2,0,74293.0,0,0,2014-05-04,66,375,152,335,93,91,81,1,5,4,6,2,0,0,0,0,0,0,3,11,0,1127,15,0,0,0.0625,0.3125,0.375,0.25,1.6666666666666667,2014,5,1,3.1806243544262167,-1.8813614460953014
10673,1976,4,4,68397.0,0,1,2013-11-17,6,760,80,466,17,13,80,1,6,9,5,3,0,0,0,0,0,0,3,11,0,1416,20,1,0,0.047619047619047616,0.2857142857142857,0.23809523809523808,0.42857142857142855,1.5,2013,11,1,3.448610777713291,0.9676888485124359
5303,1974,4,4,79632.0,0,0,2014-04-08,42,471,0,510,99,21,12,1,6,4,9,2,0,0,0,0,0,0,3,11,0,1113,19,0,0,0.05,0.3,0.45,0.2,2.0,2014,4,1,2.594283595871082,-1.0646115878549876
538,1989,2,0,46107.0,1,0,2014-02-10,78,31,9,27,16,9,33,1,1,1,4,3,0,0,0,0,0,0,3,11,0,125,6,1,0,0.14285714285714285,0.14285714285714285,0.5714285714285714,0.14285714285714285,0.25,2014,2,0,-2.255557069517696,-3.0109506733409876
7922,1951,4,0,64950.0,0,1,2012-08-12,29,819,0,72,12,0,63,2,11,2,10,7,0,1,0,0,0,0,3,11,0,966,23,1,1,0.08333333333333333,0.4583333333333333,0.4166666666666667,0.08333333333333333,1.375,2012,8,1,1.8624043316578587,3.6470559321170626
5692,1989,0,4,25443.0,1,0,2012-12-22,82,1,4,3,8,9,7,1,1,0,3,8,0,0,0,0,0,0,3,11,0,32,4,1,0,0.2,0.2,0.6,0.0,0.1111111111111111,2012,12,0,-3.61909613851258,-1.8048691126606708
4843,1952,2,0,75127.0,0,0,2014-05-22,92,203,35,305,46,17,227,1,2,11,5,1,0,0,0,0,0,0,3,11,0,833,18,0,0,0.05263157894736842,0.10526315789473684,0.2631578947368421,0.5789473684210527,1.0,2014,5,1,3.531093069603934,-1.842636432314638
6383,1971,4,4,32892.0,1,0,2014-05-25,78,26,0,15,2,1,2,2,3,0,3,8,0,0,0,0,0,0,3,11,0,46,6,1,0,0.2857142857142857,0.42857142857142855,0.42857142857142855,0.0,0.3333333333333333,2014,5,0,-3.191789926718832,0.01674276280067462
1628,1971,2,4,71796.0,0,0,2013-10-24,54,354,21,311,167,75,32,1,9,3,4,4,0,0,0,0,0,0,3,11,0,960,16,0,0,0.058823529411764705,0.5294117647058824,0.23529411764705882,0.17647058823529413,1.8,2013,10,1,2.4330131280511305,0.8216043164537759
1204,1970,4,4,67536.0,0,1,2013-05-22,45,1253,0,447,23,71,35,3,11,5,11,8,0,0,0,1,0,0,3,11,0,1829,27,1,1,0.10714285714285714,0.39285714285714285,0.39285714285714285,0.17857142857142858,1.2222222222222223,2013,5,1,4.062302788898067,2.741958696240641
3673,1971,2,0,55239.0,0,1,2013-07-14,59,371,17,238,23,24,106,3,7,5,11,5,0,0,0,0,0,0,3,11,0,779,23,1,0,0.125,0.2916666666666667,0.4583333333333333,0.20833333333333334,1.1666666666666667,2013,7,1,1.5844658188394036,1.161667619631868
760,1975,4,1,60554.0,1,0,2013-08-09,8,588,7,76,110,15,15,2,8,4,9,6,0,0,0,0,0,0,3,11,0,811,21,1,0,0.09090909090909091,0.36363636363636365,0.4090909090909091,0.18181818181818182,1.1428571428571428,2013,8,1,0.9903899757843816,1.0328119037744967
8957,1952,1,0,64831.0,1,1,2013-06-10,51,480,86,249,75,86,144,8,6,3,5,6,0,0,0,0,0,0,3,11,0,1120,14,2,0,0.5333333333333333,0.4,0.3333333333333333,0.2,0.8571428571428571,2013,6,1,1.0879227403685217,2.9508159670597136
4128,1962,4,4,56067.0,0,1,2013-07-20,51,517,12,54,16,6,120,2,7,4,7,5,0,0,0,0,0,0,3,11,0,725,18,1,0,0.10526315789473684,0.3684210526315789,0.3684210526315789,0.21052631578947367,1.1666666666666667,2013,7,1,0.989611988887504,1.85521439781467
6810,1983,2,1,82025.0,0,0,2013-05-28,76,267,98,606,48,70,98,1,3,2,6,1,0,0,1,0,0,0,3,11,1,1187,11,0,1,0.08333333333333333,0.25,0.5,0.16666666666666666,1.5,2013,5,1,3.4834802844320483,-2.6212666579818387
5386,1953,2,4,94384.0,0,0,2013-03-04,62,1111,24,790,160,45,172,0,5,8,5,2,0,1,1,1,0,0,3,11,1,2302,18,0,3,0.0,0.2631578947368421,0.2631578947368421,0.42105263157894735,1.6666666666666667,2013,3,1,8.216462675453341,-0.9907916975539643
8700,1986,0,0,14906.0,0,0,2012-12-22,86,7,7,14,7,16,15,3,2,1,3,7,0,0,0,0,0,0,3,11,0,66,6,0,0,0.42857142857142855,0.2857142857142857,0.42857142857142855,0.14285714285714285,0.25,2012,12,0,-2.264704011621758,-0.9897890718023374
3202,1987,4,4,51563.0,0,0,2012-10-01,60,1166,0,48,0,0,36,1,4,4,10,8,0,1,1,0,0,0,3,11,0,1250,18,0,2,0.05263157894736842,0.21052631578947367,0.5263157894736842,0.21052631578947367,0.4444444444444444,2012,10,1,2.4444741474026452,-0.41944406480356783
1328,1982,1,4,57937.0,0,1,2014-02-16,56,261,42,144,55,48,133,3,4,4,9,3,0,0,0,0,0,0,3,11,0,683,17,1,0,0.16666666666666666,0.2222222222222222,0.5,0.2222222222222222,1.0,2014,2,1,1.1585066485942164,-0.6621444281872894
8405,1979,2,1,68274.0,1,1,2013-09-30,83,135,25,51,23,25,46,2,4,2,5,3,0,0,0,0,0,0,3,11,0,305,11,2,0,0.16666666666666666,0.3333333333333333,0.4166666666666667,0.16666666666666666,1.0,2013,9,0,-1.0090282964969608,0.44884255265200323
6515,1977,2,4,39771.0,1,0,2013-12-06,92,6,2,18,2,8,14,1,2,0,3,4,0,0,0,0,0,0,3,11,0,50,5,1,0,0.16666666666666666,0.3333333333333333,0.5,0.0,0.4,2013,12,0,-2.848819733441792,-1.1834181641245332
2882,1975,1,1,67893.0,0,1,2012-10-01,31,711,28,142,49,18,47,2,3,2,9,8,0,0,0,0,0,0,3,11,0,995,14,1,0,0.13333333333333333,0.2,0.6,0.13333333333333333,0.3333333333333333,2012,10,0,0.1769913591335756,-0.11642453775812887
7574,1979,4,4,27922.0,1,0,2014-05-10,80,11,0,13,2,4,11,1,2,0,3,4,0,0,0,0,0,0,3,11,0,41,5,1,0,0.16666666666666666,0.3333333333333333,0.5,0.0,0.4,2014,5,0,-3.018001912758969,-1.4161040796527213
6387,1976,4,4,52190.0,1,1,2014-05-08,39,42,0,17,0,0,18,3,2,1,3,5,1,0,0,0,0,0,3,11,0,77,6,2,1,0.42857142857142855,0.2857142857142857,0.42857142857142855,0.14285714285714285,0.3333333333333333,2014,5,0,-2.4628618072672097,0.28924311320817564
5320,1973,3,1,44051.0,1,1,2013-01-29,20,79,7,58,6,3,18,4,3,1,4,6,0,0,0,0,0,0,3,11,1,171,8,2,0,0.4444444444444444,0.3333333333333333,0.4444444444444444,0.1111111111111111,0.42857142857142855,2013,1,0,-2.3494000194205604,1.0261368979879628
5048,1971,4,0,42767.0,2,0,2013-05-11,53,20,6,43,19,5,38,1,3,1,2,8,0,0,0,0,0,0,3,11,0,131,6,2,0,0.14285714285714285,0.42857142857142855,0.2857142857142857,0.14285714285714285,0.3333333333333333,2013,5,0,-2.9063335793944076,0.7253561836830528
8146,1976,3,4,46106.0,1,1,2014-05-11,84,30,0,8,2,0,14,1,1,1,2,6,0,0,0,0,0,0,3,11,0,54,4,2,0,0.2,0.2,0.4,0.2,0.14285714285714285,2014,5,0,-3.0309648343467197,-0.7668527405403429
10031,1976,4,4,16927.0,1,1,2013-02-10,50,20,2,23,3,1,4,5,3,0,4,8,0,0,0,0,0,0,3,11,0,53,7,2,0,0.625,0.375,0.5,0.0,0.3333333333333333,2013,2,0,-3.7158610272950705,1.4752590750997132
5748,1965,2,4,59754.0,0,1,2012-12-01,96,115,27,44,4,146,139,3,5,2,6,5,0,0,0,0,0,0,3,11,1,475,13,1,0,0.21428571428571427,0.35714285714285715,0.42857142857142855,0.14285714285714285,0.8333333333333334,2012,12,1,0.7655030661487614,1.3942744315691633
2134,1952,2,0,53700.0,0,1,2012-08-17,94,263,5,233,69,41,83,4,5,5,8,5,0,0,0,0,0,0,3,11,0,694,18,1,0,0.21052631578947367,0.2631578947368421,0.42105263157894735,0.2631578947368421,0.8333333333333334,2012,8,1,1.1764323901776075,1.2379379523364864
1523,1973,2,4,59041.0,1,1,2014-05-07,25,69,2,15,2,2,6,2,2,0,4,5,0,0,0,0,0,0,3,11,0,96,6,2,0,0.2857142857142857,0.2857142857142857,0.5714285714285714,0.0,0.3333333333333333,2014,5,0,-3.153050543606609,-0.5556298332075967
9665,1957,4,1,54237.0,0,1,2013-04-27,48,267,3,30,4,0,57,4,5,2,5,6,0,0,0,0,0,0,3,11,0,361,12,1,0,0.3076923076923077,0.38461538461538464,0.38461538461538464,0.15384615384615385,0.7142857142857143,2013,4,0,-0.821768777061982,1.7216099629936068
4640,1967,2,1,70647.0,0,1,2012-09-21,65,561,85,171,25,123,114,2,4,7,13,2,0,0,0,0,0,0,3,11,0,1079,24,1,0,0.08,0.16,0.52,0.28,1.3333333333333333,2012,9,1,3.450443296502089,-0.1592550564672007
3635,1962,4,0,52597.0,0,1,2014-05-07,69,492,0,37,7,0,42,3,6,3,8,5,0,0,0,0,0,0,3,11,0,578,17,1,0,0.16666666666666666,0.3333333333333333,0.4444444444444444,0.16666666666666666,1.0,2014,5,0,0.06330744404017367,1.1214150078050296
3547,1969,3,4,41021.0,1,0,2012-12-30,12,14,7,9,6,16,12,2,2,0,3,6,0,0,0,0,0,0,3,11,1,64,5,1,0,0.3333333333333333,0.3333333333333333,0.5,0.0,0.2857142857142857,2012,12,0,-2.641041701090571,-0.16324908587149034
2456,1975,4,4,40233.0,0,1,2013-10-14,84,80,4,46,0,17,2,5,2,1,5,6,0,0,0,0,0,0,3,11,0,149,8,1,0,0.5555555555555556,0.2222222222222222,0.5555555555555556,0.1111111111111111,0.2857142857142857,2013,10,0,-2.1807360876578707,0.18847840038823713
5633,1980,2,4,50183.0,1,1,2014-06-25,47,97,12,84,13,10,15,7,3,1,6,5,0,0,0,0,0,0,3,11,0,231,10,2,0,0.6363636363636364,0.2727272727272727,0.5454545454545454,0.09090909090909091,0.5,2014,6,0,-2.40624177138541,0.7484781492525829
7801,1959,2,4,54753.0,0,1,2013-09-12,87,197,107,227,7,59,131,3,5,2,11,4,0,0,0,0,0,0,3,11,0,728,18,1,0,0.15789473684210525,0.2631578947368421,0.5789473684210527,0.10526315789473684,1.0,2013,9,1,1.2452301981165765,0.30179106100982356
10489,1973,2,4,92955.0,0,0,2013-08-19,35,693,21,925,31,24,84,1,6,7,9,2,0,0,1,1,0,0,3,11,1,1778,22,0,2,0.043478260869565216,0.2608695652173913,0.391304347826087,0.30434782608695654,2.0,2013,8,1,6.347314597667266,-1.2024606227533399
7011,1973,2,4,33471.0,1,0,2012-10-12,47,43,2,27,0,9,12,3,3,0,4,7,0,0,0,0,0,0,3,11,0,93,7,1,0,0.375,0.375,0.5,0.0,0.375,2012,10,0,-2.9234040290731853,0.2231587787346793
2620,1974,4,4,34596.0,1,0,2013-04-13,48,14,0,2,0,0,7,1,1,0,2,8,0,0,0,0,0,0,3,11,1,23,3,1,0,0.25,0.25,0.5,0.0,0.1111111111111111,2013,4,0,-3.2990251825011643,-1.0712817760459814
3933,1980,2,4,44010.0,1,0,2012-10-13,46,186,36,234,86,72,48,6,10,2,6,9,0,0,0,0,0,0,3,11,0,662,18,1,0,0.3157894736842105,0.5263157894736842,0.3157894736842105,0.10526315789473684,1.0,2012,10,0,0.22538118028923437,3.044450893006045
10981,1988,2,4,84219.0,0,0,2014-02-02,27,434,137,400,45,137,45,1,3,4,10,1,0,0,0,0,0,0,3,11,0,1198,17,0,0,0.05555555555555555,0.16666666666666666,0.5555555555555556,0.2222222222222222,1.5,2014,2,1,3.3236583892054896,-3.1379044182701747
1734,1968,4,4,40706.0,2,1,2013-01-17,37,59,0,11,4,2,5,4,3,0,4,7,0,0,0,0,0,0,3,11,0,81,7,3,0,0.5,0.375,0.5,0.0,0.375,2013,1,0,-3.948700136964145,1.6663476212584902
10995,1988,1,4,15716.0,1,0,2012-11-12,8,16,5,30,8,7,26,3,3,0,4,8,0,0,0,0,0,1,3,11,0,92,7,1,0,0.375,0.375,0.5,0.0,0.3333333333333333,2012,11,0,-3.3163632243147934,0.08349192340618602
6357,1959,1,1,59052.0,0,1,2013-11-17,29,230,35,75,63,57,31,3,7,1,7,5,0,0,0,0,0,0,3,11,0,491,15,1,0,0.1875,0.4375,0.4375,0.0625,1.1666666666666667,2013,11,0,0.13023081502641487,1.393729044762097
9209,1971,3,4,80573.0,0,0,2012-10-14,85,829,138,430,60,92,15,1,4,6,13,2,0,0,0,0,0,0,3,11,0,1564,23,0,0,0.041666666666666664,0.16666666666666666,0.5416666666666666,0.25,1.3333333333333333,2012,10,1,4.364609091586091,-1.549731736368882
10286,1962,2,4,83715.0,0,0,2014-02-03,2,318,8,407,150,35,8,1,2,8,13,0,0,0,0,0,0,0,3,11,0,926,23,0,0,0.041666666666666664,0.08333333333333333,0.5416666666666666,0.3333333333333333,2.0,2014,2,1,3.4711768302281043,-2.987953950081755
2611,1959,3,4,82576.0,0,0,2012-08-01,66,1206,55,445,168,18,18,1,2,4,12,1,0,0,1,0,0,0,3,11,0,1910,18,0,1,0.05263157894736842,0.10526315789473684,0.631578947368421,0.21052631578947367,1.0,2012,8,1,4.632341194313717,-2.5744295704569997
1600,1965,3,4,56962.0,2,1,2013-10-11,60,292,3,77,10,3,26,7,6,3,5,7,0,0,0,0,0,0,3,11,0,411,14,3,0,0.4666666666666667,0.4,0.3333333333333333,0.2,0.75,2013,10,0,-1.8922361601755482,3.6261444354032886
3308,1952,2,4,35704.0,1,1,2014-01-03,54,30,9,12,2,11,30,3,2,0,4,4,0,0,0,0,0,0,3,11,0,94,6,2,0,0.42857142857142855,0.2857142857142857,0.5714285714285714,0.0,0.4,2014,1,0,-3.115270077916444,-0.24886497374325992
5407,1954,2,4,53103.0,0,1,2013-09-12,70,729,17,133,11,0,195,5,10,6,7,7,1,0,0,0,0,0,3,11,0,1085,23,1,1,0.20833333333333334,0.4166666666666667,0.2916666666666667,0.25,1.25,2013,9,1,2.4485233918860194,3.843408912774714
2166,1960,1,2,46779.0,1,1,2013-07-12,55,12,1,3,0,0,7,1,0,1,2,4,0,0,0,0,0,0,3,11,0,23,3,2,0,0.25,0.0,0.5,0.25,0.0,2013,7,0,-2.9888468503692156,-1.8989729135561308
3955,1965,2,1,4861.0,0,0,2014-06-22,20,2,1,1,1,0,1,0,0,0,0,14,0,0,0,0,0,0,3,11,0,6,0,0,0,0.0,0.0,0.0,0.0,0.0,2014,6,0,-3.506182200366536,-1.6629378371193477
6634,1979,3,1,33462.0,1,0,2013-08-07,78,22,3,18,0,0,11,1,2,0,3,7,0,0,0,0,0,0,3,11,0,54,5,1,0,0.16666666666666666,0.3333333333333333,0.5,0.0,0.25,2013,8,0,-3.203028531690811,-0.9291570820444053
3056,1978,2,1,63693.0,0,1,2013-10-14,63,587,43,337,42,87,54,3,11,6,9,6,0,0,0,0,0,0,3,11,0,1150,26,1,0,0.1111111111111111,0.4074074074074074,0.3333333333333333,0.2222222222222222,1.5714285714285714,2013,10,1,2.9338554358603597,2.420303534740703
5718,1950,2,4,80763.0,0,0,2013-08-15,17,674,168,108,192,42,231,1,5,11,6,3,0,0,1,1,0,0,3,11,1,1415,22,0,2,0.043478260869565216,0.21739130434782608,0.2608695652173913,0.4782608695652174,1.25,2013,8,1,7.471665633732658,-0.975426021564671
6872,1974,4,4,65352.0,0,1,2013-08-21,43,284,3,84,4,7,23,2,4,2,8,4,0,0,0,0,0,0,3,11,0,405,14,1,0,0.13333333333333333,0.26666666666666666,0.5333333333333333,0.13333333333333333,0.8,2013,8,0,-0.46119626970466354,0.074759329788521
8164,1978,4,4,82170.0,0,0,2013-11-25,13,1023,93,651,49,55,37,1,5,6,7,2,0,0,0,0,0,0,3,11,0,1908,18,0,0,0.05263157894736842,0.2631578947368421,0.3684210526315789,0.3157894736842105,1.6666666666666667,2013,11,1,4.331622982878164,-0.8306413844530388
4580,1969,2,4,75759.0,0,0,2013-10-25,46,1394,22,708,89,91,182,1,9,7,9,5,1,0,1,1,0,0,3,11,1,2486,25,0,3,0.038461538461538464,0.34615384615384615,0.34615384615384615,0.2692307692307692,1.5,2013,10,1,8.022361301988004,0.4848371135410708
9305,1976,1,0,79689.0,0,0,2013-05-12,65,311,26,640,180,37,121,1,4,9,13,2,0,0,0,0,0,0,3,11,0,1315,26,0,0,0.037037037037037035,0.14814814814814814,0.48148148148148145,0.3333333333333333,1.3333333333333333,2013,5,1,4.552312040100942,-2.0919199856404305
453,1956,4,2,35340.0,1,1,2014-06-29,1,27,0,12,0,1,5,2,2,0,3,5,0,0,0,0,0,0,3,11,0,45,5,2,0,0.3333333333333333,0.3333333333333333,0.5,0.0,0.3333333333333333,2014,6,0,-3.390057874427053,0.16135080436698324
8545,1954,2,1,85683.0,0,0,2014-03-21,6,1296,17,311,45,69,51,1,2,4,10,1,0,1,1,1,1,0,3,11,1,1789,16,0,4,0.058823529411764705,0.11764705882352941,0.5882352941176471,0.23529411764705882,1.0,2014,3,1,6.279868069789458,-2.8859307894373805
9850,1972,1,4,24884.0,1,0,2012-11-29,32,3,6,7,0,0,3,1,0,0,3,7,0,0,0,0,0,0,3,11,0,19,3,1,0,0.25,0.0,0.75,0.0,0.0,2012,11,0,-3.7939152106119187,-2.8750634325182753
7378,1981,3,4,42021.0,1,0,2012-08-31,34,393,5,136,7,5,27,5,10,1,6,9,1,0,0,0,0,0,3,11,0,573,17,1,1,0.2777777777777778,0.5555555555555556,0.3333333333333333,0.05555555555555555,1.0,2012,8,0,-0.5265542796891893,3.375624967151558
7646,1989,2,0,64449.0,1,0,2014-02-18,70,218,63,282,137,35,70,4,5,3,12,4,0,0,0,0,0,0,3,11,0,805,20,1,0,0.19047619047619047,0.23809523809523808,0.5714285714285714,0.14285714285714285,1.0,2014,2,1,1.2409210346192106,-1.0985230748390016
1640,1954,2,1,64587.0,1,1,2014-06-22,49,66,0,16,0,6,20,2,1,1,4,3,0,0,0,0,0,0,3,11,0,108,6,2,0,0.2857142857142857,0.14285714285714285,0.5714285714285714,0.14285714285714285,0.25,2014,6,0,-2.5147453842705416,-1.230354520232031
5184,1995,2,0,34824.0,0,0,2014-03-26,65,4,2,11,2,0,4,1,1,0,2,6,0,0,0,0,0,0,3,11,0,23,3,0,0,0.25,0.25,0.5,0.0,0.14285714285714285,2014,3,0,-2.905228972372392,-2.689145257065962
8492,1978,2,4,75437.0,0,0,2013-11-09,25,795,0,545,95,58,0,1,8,4,10,6,0,0,0,1,0,0,3,11,0,1493,22,0,1,0.043478260869565216,0.34782608695652173,0.43478260869565216,0.17391304347826086,1.1428571428571428,2013,11,1,3.706188831762591,-0.23399025588102687
11188,1957,2,4,26091.0,1,1,2014-02-25,84,15,10,19,8,17,20,3,2,1,3,5,0,0,0,0,0,0,3,11,0,89,6,2,0,0.42857142857142855,0.2857142857142857,0.42857142857142855,0.14285714285714285,0.3333333333333333,2014,2,0,-2.8684550665555593,0.0740853287308537
1212,1973,2,4,52845.0,1,0,2013-08-13,7,384,25,292,130,41,64,3,8,8,6,6,1,0,0,0,0,0,3,11,0,936,22,1,1,0.13043478260869565,0.34782608695652173,0.2608695652173913,0.34782608695652173,1.1428571428571428,2013,8,1,2.4639745357562983,1.2824696988749529
9097,1956,2,1,46086.0,0,1,2013-11-03,34,244,8,32,7,2,50,4,3,1,8,4,0,0,0,0,0,0,3,11,0,343,12,1,0,0.3076923076923077,0.23076923076923078,0.6153846153846154,0.07692307692307693,0.6,2013,11,0,-1.1588111330889614,0.06523447704527799
10473,1956,4,2,78028.0,0,1,2012-09-10,38,158,19,288,25,0,38,1,6,4,9,7,0,1,1,0,0,0,3,11,1,528,19,1,2,0.05,0.3,0.45,0.2,0.75,2012,9,1,2.3655965329050628,1.2016222139564365
7962,1987,4,0,95169.0,0,0,2013-10-09,1,1285,21,449,106,20,20,1,4,3,4,1,0,0,1,1,0,0,3,11,1,1901,11,0,2,0.08333333333333333,0.3333333333333333,0.3333333333333333,0.25,2.0,2013,10,1,5.149335713928932,-1.3131842048322555
9984,1981,1,4,56337.0,1,1,2013-03-27,25,349,16,144,28,5,182,5,8,5,4,8,1,0,0,1,0,0,3,11,1,724,17,2,2,0.2777777777777778,0.4444444444444444,0.2222222222222222,0.2777777777777778,0.8888888888888888,2013,3,1,1.6262842910154152,3.2506043784229024
5527,1987,2,4,22434.0,1,0,2013-02-13,25,4,12,11,3,13,15,2,2,0,3,8,0,0,0,0,0,0,3,11,0,58,5,1,0,0.3333333333333333,0.3333333333333333,0.5,0.0,0.2222222222222222,2013,2,0,-3.400211817971571,-0.9212306385954077
6374,1954,4,4,36930.0,0,1,2013-05-17,50,223,2,31,0,2,39,5,5,2,4,8,0,0,0,0,0,0,3,11,0,297,11,1,0,0.4166666666666667,0.4166666666666667,0.3333333333333333,0.16666666666666666,0.5555555555555556,2013,5,0,-1.3870951191349834,2.4067513839713714
7453,1954,2,0,36130.0,0,1,2013-02-02,46,157,43,127,68,56,37,6,3,8,4,4,1,0,0,0,0,0,3,11,1,488,15,1,1,0.375,0.1875,0.25,0.5,0.6,2013,2,1,1.6831304375003338,0.8519942312894421
8952,1953,3,4,65569.0,0,1,2012-11-05,96,397,46,288,20,38,70,2,6,5,10,3,0,0,0,0,0,0,3,11,0,859,21,1,0,0.09090909090909091,0.2727272727272727,0.45454545454545453,0.22727272727272727,1.5,2012,11,1,2.11136998524017,1.1136037809325583
241,1952,2,4,83844.0,0,0,2013-05-12,57,901,31,345,75,31,191,1,4,4,11,1,0,0,1,0,0,0,3,11,0,1574,19,0,1,0.05,0.2,0.55,0.2,2.0,2013,5,1,4.650330046518447,-1.5249693030681364
8975,1968,2,4,19514.0,1,1,2014-01-26,47,14,3,21,2,1,28,4,3,1,2,8,1,0,0,0,0,0,3,11,0,69,6,2,1,0.5714285714285714,0.42857142857142855,0.2857142857142857,0.14285714285714285,0.3333333333333333,2014,1,0,-2.9211202904822278,1.6240088066411384
6119,1963,4,0,36736.0,1,1,2013-05-10,52,10,0,3,0,0,4,1,1,0,2,6,0,0,0,0,0,0,3,11,0,17,3,2,0,0.25,0.25,0.5,0.0,0.14285714285714285,2013,5,0,-3.6864322181211135,-0.3704934063472793
5236,1979,2,4,77568.0,0,1,2012-08-25,30,1230,0,396,232,178,158,1,10,2,8,5,0,1,1,1,0,0,3,11,0,2194,20,1,3,0.047619047619047616,0.47619047619047616,0.38095238095238093,0.09523809523809523,1.6666666666666667,2012,8,1,6.8296949580053266,1.6604545133789084
5723,1976,4,4,49187.0,0,1,2014-01-11,63,81,1,31,2,1,0,1,1,1,5,2,0,0,0,0,0,0,3,11,0,116,7,1,0,0.125,0.125,0.625,0.125,0.3333333333333333,2014,1,0,-1.9355871086828802,-2.320726712215834
1710,1978,2,0,30168.0,1,0,2013-03-07,51,154,20,66,0,12,27,7,6,1,4,9,0,0,0,0,0,0,3,11,0,279,11,1,0,0.5833333333333334,0.5,0.3333333333333333,0.08333333333333333,0.6,2013,3,0,-2.126054530847867,2.1745866874620727
1970,1968,3,4,34053.0,0,1,2012-09-10,14,63,0,21,7,0,12,1,3,0,3,8,0,0,0,0,0,0,3,11,0,103,6,1,0,0.14285714285714285,0.42857142857142855,0.42857142857142855,0.0,0.3333333333333333,2012,9,0,-2.6559221179532813,0.8678366354985824
5313,1971,3,4,38196.0,1,1,2014-04-18,20,30,0,11,0,0,3,3,2,0,4,5,0,0,0,0,0,0,3,11,0,44,6,2,0,0.42857142857142855,0.2857142857142857,0.5714285714285714,0.0,0.3333333333333333,2014,4,0,-3.4562809615929915,-0.21773948286771042
10634,1951,3,4,59412.0,0,0,2014-04-19,56,90,67,165,30,43,11,1,4,2,8,3,0,0,0,0,0,0,3,11,0,406,14,0,0,0.06666666666666667,0.26666666666666666,0.5333333333333333,0.13333333333333333,1.0,2014,4,0,0.5203984409101282,-1.7255274694128935
7010,1965,1,4,70924.0,0,0,2014-04-07,41,635,114,254,132,152,76,1,6,6,7,3,0,0,1,0,0,0,3,11,0,1363,19,0,1,0.05,0.3,0.35,0.3,1.5,2014,4,1,4.995381879989896,-1.603273807789919
8562,1969,2,4,54165.0,0,0,2013-05-28,72,127,4,73,15,6,11,1,2,1,7,2,0,0,0,0,0,0,3,11,0,236,10,0,0,0.09090909090909091,0.18181818181818182,0.6363636363636364,0.09090909090909091,0.6666666666666666,2013,5,0,-0.9216023024784846,-2.603482296144783
3158,1973,2,4,32300.0,1,0,2013-01-03,1,13,3,6,6,5,6,1,1,0,3,8,0,0,0,0,0,0,3,11,0,39,4,1,0,0.2,0.2,0.6,0.0,0.1111111111111111,2013,1,0,-3.538831433825671,-1.9138420342048503
4436,1976,2,0,20180.0,0,0,2013-02-20,27,18,42,24,15,20,18,1,2,1,4,7,0,0,0,0,0,0,3,11,0,137,7,0,0,0.125,0.25,0.5,0.125,0.25,2013,2,0,-1.7924051419736655,-1.9927689014615975
5287,1973,2,4,34961.0,1,0,2014-06-19,77,45,2,26,4,1,1,3,3,1,3,7,0,0,0,0,0,0,3,11,0,79,7,1,0,0.375,0.375,0.375,0.125,0.375,2014,6,0,-2.6978390687968177,-0.1383669929557956
2445,1974,4,4,28440.0,1,0,2013-07-07,87,38,1,24,0,0,0,1,2,0,3,8,0,0,0,0,0,0,3,11,0,63,5,1,0,0.16666666666666666,0.3333333333333333,0.5,0.0,0.2222222222222222,2013,7,0,-3.324579438758751,-0.6477986191907429
6059,1953,4,4,64504.0,1,2,2013-03-04,81,986,36,168,16,0,108,7,11,3,4,7,0,0,0,0,0,0,3,11,1,1314,18,3,0,0.3684210526315789,0.5789473684210527,0.21052631578947367,0.15789473684210525,1.375,2013,3,1,0.9205371158252867,6.497963091120709
4550,1966,3,4,33564.0,0,1,2014-06-24,51,61,0,3,0,0,7,1,1,1,3,5,0,0,0,0,0,0,3,11,0,71,5,1,0,0.16666666666666666,0.16666666666666666,0.5,0.16666666666666666,0.16666666666666666,2014,6,0,-2.429213186466625,-1.490855768998017
4240,1978,2,4,17345.0,1,0,2012-11-03,79,4,9,16,17,0,12,2,2,1,2,8,0,0,0,0,0,0,3,11,0,58,5,1,0,0.3333333333333333,0.3333333333333333,0.3333333333333333,0.16666666666666666,0.2222222222222222,2012,11,0,-2.8868839050059525,0.024638661550506948
8911,1967,4,4,56320.0,0,1,2013-04-08,11,201,53,172,116,77,83,3,5,4,9,4,0,0,0,0,0,0,3,11,0,702,18,1,0,0.15789473684210525,0.2631578947368421,0.47368421052631576,0.21052631578947367,1.0,2013,4,1,1.6117037694594247,0.3378524792900473
3706,1978,2,0,28647.0,1,0,2013-08-21,54,19,8,29,0,12,26,1,2,2,2,7,1,0,0,0,0,0,3,11,1,94,6,1,1,0.14285714285714285,0.2857142857142857,0.2857142857142857,0.2857142857142857,0.25,2013,8,0,-1.591367415642965,-0.515839071570162
3628,1987,0,0,15038.0,1,0,2013-01-29,93,4,8,11,19,12,26,2,2,1,2,9,0,0,0,0,0,0,3,11,0,80,5,1,0,0.3333333333333333,0.3333333333333333,0.3333333333333333,0.16666666666666666,0.2,2013,1,0,-3.013966666528265,-0.7463196745052816
10175,1958,4,1,32173.0,0,1,2013-08-01,0,18,0,2,0,0,2,1,1,0,3,4,0,0,0,0,0,0,3,11,0,22,4,1,0,0.2,0.2,0.6,0.0,0.2,2013,8,0,-2.868625412568716,-1.2682695595443174
8985,1964,1,4,68316.0,0,1,2012-11-04,54,806,80,161,120,11,33,5,10,7,10,6,0,0,0,0,0,0,3,11,0,1211,27,1,0,0.17857142857142858,0.35714285714285715,0.35714285714285715,0.25,1.4285714285714286,2012,11,1,3.1500180473121917,2.8995437393607295
5204,1971,2,4,74538.0,0,0,2013-06-29,21,380,98,733,110,112,28,1,8,8,5,3,0,0,1,0,0,0,3,11,1,1461,21,0,1,0.045454545454545456,0.36363636363636365,0.22727272727272727,0.36363636363636365,2.0,2013,6,1,5.80845102036481,-0.4711523931848489
9220,1971,2,0,91700.0,0,0,2013-01-17,58,576,172,961,125,115,19,1,8,6,5,3,0,0,0,0,0,0,3,11,1,1968,19,0,0,0.05,0.4,0.25,0.3,2.0,2013,1,1,5.80239798917997,-0.44283875599853484
9888,1969,2,4,68695.0,0,0,2014-06-25,3,458,81,356,106,50,40,1,4,4,7,2,0,0,0,0,0,0,3,11,0,1091,15,0,0,0.0625,0.25,0.4375,0.25,1.3333333333333333,2014,6,1,2.479938800239293,-1.9411274700504555
5263,1977,1,4,31056.0,1,0,2013-01-22,99,5,10,13,3,8,16,1,1,0,3,8,0,0,0,0,0,0,3,11,0,55,4,1,0,0.2,0.2,0.6,0.0,0.1111111111111111,2013,1,0,-3.5009143519823107,-2.05957570409751
1020,1973,2,4,79593.0,0,0,2014-05-12,70,350,60,568,110,133,145,1,5,6,7,2,0,0,1,0,0,0,3,11,0,1366,18,0,1,0.05263157894736842,0.2631578947368421,0.3684210526315789,0.3157894736842105,1.6666666666666667,2014,5,1,5.0280277951138155,-1.911412593466905
9503,1980,2,0,28071.0,0,0,2012-08-29,65,39,33,130,41,26,44,2,5,1,5,8,0,0,0,0,0,0,3,11,0,313,11,0,0,0.16666666666666666,0.4166666666666667,0.4166666666666667,0.08333333333333333,0.5555555555555556,2012,8,0,-0.9136246592516535,0.06888413121901418
10613,1958,4,4,37334.0,1,1,2014-02-26,44,26,1,16,2,2,15,4,3,0,4,4,0,0,0,0,0,0,3,11,0,62,7,2,0,0.5,0.375,0.5,0.0,0.6,2014,2,0,-3.048194974405255,0.8302134470561469
67,1972,3,0,46423.0,1,1,2013-09-18,6,68,0,16,0,0,8,3,2,0,4,7,0,0,0,0,0,0,3,11,0,92,6,2,0,0.42857142857142855,0.2857142857142857,0.5714285714285714,0.0,0.25,2013,9,0,-3.4251264446585674,0.31422421765643077
6019,1971,4,4,37126.0,1,0,2014-03-30,9,45,3,9,4,4,7,1,1,2,2,6,1,0,0,0,0,0,3,11,1,72,5,1,1,0.16666666666666666,0.16666666666666666,0.3333333333333333,0.3333333333333333,0.14285714285714285,2014,3,0,-1.627523770075479,-1.3787606719662182
5863,1953,2,4,47703.0,0,1,2013-05-29,95,359,0,134,13,26,123,4,6,3,8,5,0,0,0,0,0,0,3,11,0,655,17,1,0,0.2222222222222222,0.3333333333333333,0.4444444444444444,0.16666666666666666,1.0,2013,5,0,0.4866969847564845,1.5825024836129957
3717,1959,2,4,61180.0,0,1,2014-04-23,70,403,24,29,6,24,218,2,5,5,6,3,1,0,0,0,0,0,3,11,0,704,16,1,1,0.11764705882352941,0.29411764705882354,0.35294117647058826,0.29411764705882354,1.25,2014,4,1,1.7917401891323548,0.7693629347212695
6730,1954,2,4,38998.0,1,1,2012-11-03,92,34,1,14,0,0,5,3,2,0,3,8,0,0,0,0,0,1,3,11,0,54,5,2,0,0.5,0.3333333333333333,0.5,0.0,0.2222222222222222,2012,11,0,-3.7358484448382865,1.2443638887804576
10749,1991,2,0,8028.0,0,0,2012-09-18,62,73,18,66,7,12,2,15,0,1,0,19,0,0,0,0,0,0,3,11,0,178,1,0,0,7.5,0.0,0.0,0.5,0.0,2012,9,0,-4.046293210449376,4.1640577602720095
4998,1962,2,4,76081.0,0,0,2014-05-23,85,292,30,415,63,33,200,1,4,5,4,2,0,0,0,1,0,0,3,11,0,1033,13,0,1,0.07142857142857142,0.2857142857142857,0.2857142857142857,0.35714285714285715,1.3333333333333333,2014,5,1,3.476267605325114,-1.3146988258678127
6287,1986,2,4,34728.0,1,0,2013-07-30,2,14,0,16,0,0,6,1,1,1,2,6,0,0,0,0,0,0,3,11,1,36,4,1,0,0.2,0.2,0.4,0.2,0.14285714285714285,2013,7,0,-2.5911698540128527,-1.5430384703224953
5985,1965,3,0,33168.0,0,1,2012-10-13,0,80,1,37,0,1,3,3,2,1,4,7,0,0,0,0,0,0,3,11,0,122,7,1,0,0.375,0.25,0.5,0.125,0.25,2012,10,0,-2.348888738921946,0.2632959577877255
4754,1966,3,4,33585.0,0,1,2013-09-25,91,30,11,33,13,6,29,1,2,0,4,4,0,0,0,0,0,0,3,11,0,122,6,1,0,0.14285714285714285,0.2857142857142857,0.5714285714285714,0.0,0.4,2013,9,0,-2.3022478817653655,-0.7993713839986267
4002,1960,4,4,77037.0,0,1,2013-10-13,3,463,96,333,168,53,10,1,7,7,12,3,0,0,0,0,0,0,3,11,0,1123,26,1,0,0.037037037037037035,0.25925925925925924,0.4444444444444444,0.25925925925925924,1.75,2013,10,1,3.844964634331019,0.45347191794033975
8870,1984,2,4,35196.0,1,0,2012-11-13,68,75,12,141,43,39,187,6,6,1,5,8,0,0,0,0,0,0,3,11,1,497,12,1,0,0.46153846153846156,0.46153846153846156,0.38461538461538464,0.07692307692307693,0.6666666666666666,2012,11,0,-0.6475996260088934,2.354323133355945
966,1966,2,4,44529.0,0,1,2013-07-05,98,538,13,91,17,6,26,6,6,2,11,5,0,1,0,0,0,0,3,11,0,691,19,1,1,0.3,0.3,0.55,0.1,1.0,2013,7,1,0.6332404243479396,1.733033064827086
4767,1965,1,4,70924.0,0,0,2014-04-07,41,635,114,254,132,152,76,1,6,6,7,3,0,0,1,0,0,0,3,11,0,1363,19,0,1,0.05,0.3,0.35,0.3,1.5,2014,4,1,4.995381879989896,-1.603273807789919
9725,1966,4,4,28764.0,1,1,2014-06-05,16,8,0,3,0,0,1,1,1,0,2,8,1,0,0,0,0,0,3,11,0,12,3,2,1,0.25,0.25,0.5,0.0,0.1111111111111111,2014,6,0,-3.658300624335599,-0.2921405773928386
4475,1949,4,4,69098.0,0,0,2013-02-16,82,1315,22,780,145,0,178,1,7,8,9,5,0,0,0,0,0,0,3,11,0,2440,24,0,0,0.04,0.28,0.36,0.32,1.1666666666666667,2013,2,1,5.493115277199527,0.4933056960507289
5740,1970,1,1,25959.0,1,1,2013-02-14,1,4,2,12,7,5,26,2,1,2,2,6,0,0,0,0,0,0,3,11,1,56,5,2,0,0.3333333333333333,0.16666666666666666,0.3333333333333333,0.3333333333333333,0.14285714285714285,2013,2,0,-2.4584151326401944,-0.3638838677740812
5731,1983,3,4,27100.0,1,0,2013-04-05,64,12,0,13,2,0,10,1,1,0,3,7,0,0,0,0,0,0,3,11,0,37,4,1,0,0.2,0.2,0.6,0.0,0.125,2013,4,0,-3.5400516116666187,-1.9311047860875101
7290,1985,2,0,70596.0,0,0,2012-10-05,68,347,44,534,17,0,26,1,3,5,12,2,0,0,0,0,0,0,3,11,0,968,20,0,0,0.047619047619047616,0.14285714285714285,0.5714285714285714,0.23809523809523808,1.0,2012,10,1,2.1119832716882225,-2.1274321264659495
3846,1974,2,4,42557.0,0,1,2012-08-29,98,192,5,53,0,5,15,4,6,1,4,8,0,0,0,0,0,0,3,11,0,270,11,1,0,0.3333333333333333,0.5,0.3333333333333333,0.08333333333333333,0.6666666666666666,2012,8,0,-1.6027865792840852,2.4578695306185177
8104,1951,4,4,53312.0,0,0,2013-08-09,32,241,0,12,0,0,25,1,5,1,5,7,0,0,0,0,0,0,3,11,0,278,11,0,0,0.08333333333333333,0.4166666666666667,0.4166666666666667,0.08333333333333333,0.625,2013,8,0,-0.9768639142334173,0.3631830997168991
4507,1952,2,0,72228.0,0,0,2012-11-27,87,631,28,491,30,14,56,1,6,7,8,3,0,0,0,0,0,0,3,11,0,1250,21,0,0,0.045454545454545456,0.2727272727272727,0.36363636363636365,0.3181818181818182,1.5,2012,11,1,3.2173682195829656,-0.0061495384747832
11013,1987,2,4,67605.0,0,0,2013-03-31,84,336,28,282,184,54,54,1,2,8,6,1,0,0,0,0,0,0,3,11,0,938,16,0,0,0.058823529411764705,0.11764705882352941,0.35294117647058826,0.47058823529411764,1.0,2013,3,1,3.0095269421573887,-2.7157118010709684
4491,1949,3,4,62845.0,1,1,2012-10-01,3,1099,0,45,0,0,34,11,3,4,10,8,0,1,0,0,0,0,3,11,0,1178,17,2,1,0.6111111111111112,0.16666666666666666,0.5555555555555556,0.2222222222222222,0.3333333333333333,2012,10,0,0.28749712089438373,3.4501340683941075
3759,1958,2,4,65196.0,0,2,2013-07-25,34,743,19,181,12,0,200,2,7,6,11,5,1,0,0,0,0,0,3,11,0,1155,24,2,1,0.08,0.28,0.44,0.24,1.1666666666666667,2013,7,1,2.5182040970337654,2.630126508477331
1162,1987,4,0,42000.0,0,0,2013-01-10,23,124,83,267,85,59,35,2,5,2,11,5,0,0,0,0,0,0,3,11,1,653,18,0,0,0.10526315789473684,0.2631578947368421,0.5789473684210527,0.10526315789473684,0.8333333333333334,2013,1,1,1.3928099618216339,-1.347558880849647
2055,1973,4,1,35860.0,1,1,2014-05-19,37,15,0,8,4,2,20,2,1,1,2,5,1,0,0,0,0,0,3,11,0,49,4,2,1,0.4,0.2,0.4,0.2,0.16666666666666666,2014,5,0,-2.6827832442482085,-0.4315144950556811
10766,1964,4,4,65526.0,0,1,2014-04-11,22,397,19,69,12,0,9,1,4,4,8,2,0,0,0,0,0,0,3,11,0,506,16,1,0,0.058823529411764705,0.23529411764705882,0.47058823529411764,0.23529411764705882,1.3333333333333333,2014,4,0,0.5096514577341049,-0.4722885874347128
4415,1961,2,4,16860.0,1,1,2012-09-12,19,10,4,4,3,3,14,3,1,1,3,7,0,0,0,0,0,0,3,11,0,38,5,2,0,0.5,0.16666666666666666,0.5,0.16666666666666666,0.125,2012,9,0,-3.388748601049382,0.16981762279042387
3005,1992,2,0,83528.0,0,0,2014-05-01,7,530,117,678,134,44,147,1,4,10,8,1,1,0,0,1,0,0,3,11,1,1650,22,0,2,0.043478260869565216,0.17391304347826086,0.34782608695652173,0.43478260869565216,2.0,2014,5,1,6.858174860988768,-2.2432447089826493
2223,1965,1,1,64176.0,0,1,2012-08-03,52,1215,33,249,64,116,149,8,8,9,8,6,0,0,0,0,0,0,3,11,0,1826,25,1,0,0.3076923076923077,0.3076923076923077,0.3076923076923077,0.34615384615384615,1.1428571428571428,2012,8,1,4.209752413465086,3.3151136655660176
4817,1956,2,1,22304.0,0,0,2012-08-04,91,3,2,7,0,4,2,1,1,0,2,8,0,0,0,0,0,0,3,11,0,18,3,0,0,0.25,0.25,0.5,0.0,0.1111111111111111,2012,8,0,-2.948874738819556,-1.35600039483503
2875,1978,2,4,67023.0,0,0,2014-03-04,93,444,44,382,11,8,17,1,3,7,13,2,0,0,0,0,0,1,3,11,0,906,23,0,0,0.041666666666666664,0.125,0.5416666666666666,0.2916666666666667,1.0,2014,3,1,2.22068351903261,-2.4816981682607895
10536,1971,4,4,32892.0,1,0,2014-05-25,78,26,0,15,2,1,2,2,3,0,3,8,0,0,0,0,0,0,3,11,0,46,6,1,0,0.2857142857142857,0.42857142857142855,0.42857142857142855,0.0,0.3333333333333333,2014,5,0,-3.191789926718832,0.01674276280067462
11112,1966,2,4,70713.0,0,1,2012-12-03,23,736,114,279,82,76,190,6,5,6,8,3,0,0,0,0,0,0,3,11,0,1477,19,1,0,0.3,0.25,0.4,0.3,1.25,2012,12,1,3.654090072203007,1.6027416171827704
3807,1955,2,4,59925.0,0,1,2012-11-30,83,473,21,176,19,21,56,3,9,2,9,6,0,0,0,0,0,0,3,11,0,766,20,1,0,0.14285714285714285,0.42857142857142855,0.42857142857142855,0.09523809523809523,1.2857142857142858,2012,11,1,0.8944922124571514,2.64241366364674
9197,1953,2,4,39722.0,0,1,2014-02-24,92,32,0,5,2,0,8,2,2,0,3,5,0,0,0,0,0,0,3,11,0,47,5,1,0,0.3333333333333333,0.3333333333333333,0.5,0.0,0.3333333333333333,2014,2,0,-2.750064353358898,-0.4961579814259688
10832,1958,2,4,46610.0,0,0,2013-07-18,4,288,10,30,4,10,125,1,6,1,6,6,0,0,0,0,0,0,3,11,0,467,13,0,0,0.07142857142857142,0.42857142857142855,0.42857142857142855,0.07142857142857142,0.8571428571428571,2013,7,0,-0.1912472530194585,0.3383450599014984
6421,1961,2,4,88347.0,0,0,2013-07-03,32,1050,178,555,77,138,118,1,4,7,9,1,0,0,0,1,0,0,3,11,0,2116,20,0,1,0.047619047619047616,0.19047619047619047,0.42857142857142855,0.3333333333333333,2.0,2013,7,1,6.845681533438378,-1.8613780419799986
4207,1981,4,4,87171.0,0,0,2013-05-01,27,1001,44,107,58,44,44,1,6,7,11,2,1,0,1,0,0,0,3,11,0,1298,24,0,2,0.04,0.24,0.44,0.28,2.0,2013,5,1,4.967862361710939,-0.842638860231281
577,1976,1,4,26907.0,1,1,2013-08-20,10,9,1,7,0,3,2,2,1,0,3,7,0,0,0,0,0,0,3,11,0,22,4,2,0,0.4,0.2,0.6,0.0,0.125,2013,8,0,-3.9999686584132945,-0.7679394969771145
10855,1968,3,0,50014.0,1,0,2014-01-22,9,234,14,77,19,10,42,2,4,1,8,5,0,0,0,0,0,0,3,11,0,396,13,1,0,0.14285714285714285,0.2857142857142857,0.5714285714285714,0.07142857142857142,0.6666666666666666,2014,1,0,-1.1976232287430104,-0.963527628008392
3081,1978,4,4,41014.0,1,0,2013-04-22,65,7,2,6,2,0,3,1,1,0,2,7,0,0,0,0,0,0,3,11,0,20,3,1,0,0.25,0.25,0.5,0.0,0.125,2013,4,0,-3.4310862448859947,-1.3794000348931459
3535,1965,2,0,66294.0,0,0,2014-03-17,68,251,108,334,65,92,117,1,4,3,5,2,0,0,0,0,0,0,3,11,0,967,12,0,0,0.07692307692307693,0.3076923076923077,0.38461538461538464,0.23076923076923078,1.3333333333333333,2014,3,1,2.3549638178206056,-1.7476775683462464
247,1971,2,4,36715.0,1,0,2012-11-17,16,172,10,125,21,13,16,6,7,2,4,9,0,0,0,0,0,0,3,11,1,357,13,1,0,0.42857142857142855,0.5,0.2857142857142857,0.14285714285714285,0.7,2012,11,0,-1.1499548494040464,2.9187782104358138
8707,1956,2,4,79456.0,0,0,2012-08-22,12,565,42,548,64,83,99,1,5,6,4,3,0,0,0,0,0,0,3,11,1,1401,15,0,0,0.0625,0.3125,0.25,0.375,1.25,2012,8,1,3.7840749543315537,-0.03968691297121224
9523,1982,2,4,40479.0,1,0,2013-08-17,95,5,0,8,2,0,0,1,0,0,3,4,0,0,0,0,0,0,3,11,0,15,3,1,0,0.25,0.0,0.75,0.0,0.0,2013,8,0,-3.5035715568022265,-3.530764293706122
6072,1970,3,0,75345.0,0,0,2013-02-02,16,918,57,842,99,38,133,1,5,8,6,3,0,0,0,1,0,0,3,11,1,2087,19,0,1,0.05,0.25,0.3,0.4,1.25,2013,2,1,6.0103416716379785,-0.982620851102859
6295,1977,2,4,54233.0,0,1,2013-02-04,46,652,8,158,21,0,142,4,11,6,5,8,0,0,0,0,0,0,3,11,0,981,22,1,0,0.17391304347826086,0.4782608695652174,0.21739130434782608,0.2608695652173913,1.2222222222222223,2013,2,1,1.6554412930027993,3.547367198196337
10914,1970,2,0,24163.0,1,1,2013-10-12,3,4,1,7,2,1,2,2,1,0,3,4,0,0,0,0,0,0,3,11,0,17,4,2,0,0.4,0.2,0.6,0.0,0.2,2013,10,0,-3.715483335019919,-0.9190592560866482
1509,1958,4,4,84460.0,0,0,2013-01-04,80,152,27,103,106,54,81,0,9,9,4,5,0,1,1,1,1,0,3,11,1,523,22,0,4,0.0,0.391304347826087,0.17391304347826086,0.391304347826087,1.5,2013,1,1,6.15787196957723,0.4547111049182294
5577,1983,2,4,43776.0,1,0,2014-05-03,77,8,0,9,2,1,3,1,1,0,2,6,0,0,0,0,0,0,3,11,0,23,3,1,0,0.25,0.25,0.5,0.0,0.14285714285714285,2014,5,0,-3.43287858223016,-1.994901650758767
7348,1958,4,0,71691.0,0,0,2014-03-17,0,336,130,411,240,32,43,1,4,7,5,2,0,0,0,0,0,0,3,11,1,1192,16,0,0,0.058823529411764705,0.23529411764705882,0.29411764705882354,0.4117647058823529,1.3333333333333333,2014,3,1,4.1985965564710375,-1.6687003154517461
1127,1973,4,4,85844.0,0,0,2014-05-29,62,938,19,843,25,95,38,1,6,6,7,2,0,0,1,0,0,0,3,11,0,1958,19,0,1,0.05,0.3,0.35,0.3,2.0,2014,5,1,5.248632888654972,-1.1175002231002436
1833,1974,4,0,39190.0,1,0,2014-04-26,91,68,8,18,19,8,12,2,2,1,4,5,0,0,0,0,0,0,3,11,0,133,7,1,0,0.25,0.25,0.5,0.125,0.3333333333333333,2014,4,0,-2.3116479417679545,-1.4000086263015006
4944,1959,2,4,71367.0,0,0,2013-08-23,24,227,23,389,42,21,75,1,4,5,7,2,0,0,0,0,0,0,3,11,0,777,16,0,0,0.058823529411764705,0.23529411764705882,0.4117647058823529,0.29411764705882354,1.3333333333333333,2013,8,1,1.9613409307333503,-1.2553819062197402
9080,1972,4,0,38578.0,1,1,2013-06-22,2,38,4,22,3,3,3,3,3,0,3,8,0,0,0,0,0,0,3,11,0,73,6,2,0,0.42857142857142855,0.42857142857142855,0.42857142857142855,0.0,0.3333333333333333,2013,6,0,-3.419413768001243,1.4195893165606643
6466,1965,4,4,57236.0,1,1,2014-03-12,22,105,0,9,2,1,4,3,2,1,4,3,0,0,0,0,0,0,3,11,0,121,7,2,0,0.375,0.25,0.5,0.125,0.5,2014,3,0,-2.4835985511462844,-0.19004307270273704
9964,1979,2,0,61825.0,0,1,2013-08-07,56,162,50,100,55,30,27,1,4,2,8,4,0,0,0,0,0,0,3,11,0,424,14,1,0,0.06666666666666667,0.26666666666666666,0.5333333333333333,0.13333333333333333,0.8,2013,8,0,-0.011673483065420579,-0.7385147206033843
4790,1958,2,1,79803.0,0,1,2014-06-02,54,574,8,216,21,16,33,1,4,3,5,1,0,0,0,0,0,0,3,11,0,868,12,1,0,0.07692307692307693,0.3076923076923077,0.38461538461538464,0.23076923076923078,2.0,2014,6,1,1.095893254128615,-0.24171850121353816
10245,1986,1,0,80910.0,0,0,2012-10-31,71,160,80,369,67,39,41,1,3,3,8,1,0,0,0,0,0,0,3,11,0,756,14,0,0,0.06666666666666667,0.2,0.5333333333333333,0.2,1.5,2012,10,1,1.8401608888042378,-2.3603342757666494
1109,1982,3,4,27590.0,1,0,2013-04-23,38,6,0,5,0,0,1,1,1,0,2,7,0,0,0,0,0,0,3,11,0,12,3,1,0,0.25,0.25,0.5,0.0,0.125,2013,4,0,-3.6263057237861647,-1.5380017209920822
6001,1979,2,4,56775.0,0,1,2013-01-02,62,614,35,160,58,35,35,2,5,8,10,5,0,0,0,0,0,0,3,11,0,937,23,1,0,0.08333333333333333,0.20833333333333334,0.4166666666666667,0.3333333333333333,0.8333333333333334,2013,1,1,2.065850487554161,0.08181174382104946
5538,1975,2,1,83829.0,0,0,2013-10-08,78,897,161,430,186,161,27,0,4,7,6,1,1,0,1,1,0,0,3,11,1,1862,17,0,3,0.0,0.2222222222222222,0.3333333333333333,0.3888888888888889,2.0,2013,10,1,7.872847928644975,-2.4929342959577228
10552,1979,1,4,54210.0,0,1,2013-05-20,18,70,54,109,80,9,45,2,4,1,7,5,0,0,0,0,0,0,3,11,0,367,12,1,0,0.15384615384615385,0.3076923076923077,0.5384615384615384,0.07692307692307693,0.6666666666666666,2013,5,0,-0.6410443360936493,-0.4783213197047731
1545,1986,2,4,38508.0,1,0,2013-08-02,95,120,19,206,25,19,54,6,7,2,5,8,0,0,0,0,0,0,3,11,0,443,14,1,0,0.4,0.4666666666666667,0.3333333333333333,0.13333333333333333,0.7777777777777778,2013,8,0,-1.0232607561172329,1.964707109546302
7409,1970,2,4,53187.0,1,0,2013-10-26,66,211,2,30,7,7,10,2,4,1,6,5,0,0,0,0,0,0,3,11,0,267,11,1,0,0.16666666666666666,0.3333333333333333,0.5,0.08333333333333333,0.6666666666666666,2013,10,0,-1.6508829816860036,-0.28192550932943433
4444,1972,2,4,30023.0,1,0,2014-03-24,28,11,0,16,7,6,21,1,2,0,3,8,0,0,0,0,0,0,3,11,0,61,5,1,0,0.16666666666666666,0.3333333333333333,0.5,0.0,0.2222222222222222,2014,3,0,-3.3156652166701592,-1.1868218689530945
146,1960,4,0,76045.0,0,0,2013-11-15,78,760,53,400,17,93,0,1,4,5,11,2,0,0,0,1,0,0,3,11,0,1323,20,0,1,0.047619047619047616,0.19047619047619047,0.5238095238095238,0.23809523809523808,1.3333333333333333,2013,11,1,3.9510269395308546,-1.6443032593977112
6271,1952,4,4,50870.0,0,1,2014-06-19,13,53,0,8,0,0,2,1,2,0,3,5,0,0,0,0,0,0,3,11,0,63,5,1,0,0.16666666666666666,0.3333333333333333,0.5,0.0,0.3333333333333333,2014,6,0,-2.5400925077339176,-0.43114543549010415
10065,1970,1,4,15315.0,0,0,2013-08-03,27,7,4,13,15,8,17,2,2,0,4,5,0,0,0,0,0,0,3,11,0,64,6,0,0,0.2857142857142857,0.2857142857142857,0.5714285714285714,0.0,0.3333333333333333,2013,8,0,-2.4623486813541207,-1.7358851783765172
4741,1974,1,4,65463.0,1,0,2014-01-30,17,391,32,70,21,32,16,2,6,2,9,5,0,1,0,0,0,0,3,11,0,562,17,1,1,0.1111111111111111,0.3333333333333333,0.5,0.1111111111111111,1.0,2014,1,0,0.39718807781714277,-0.26589361901015274
246,1965,2,4,66480.0,1,1,2014-05-31,71,199,9,57,20,21,6,7,4,1,7,4,0,0,0,0,0,0,3,11,0,312,12,2,0,0.5384615384615384,0.3076923076923077,0.5384615384615384,0.07692307692307693,0.8,2014,5,0,-1.7247132572048347,1.1775405799742735
375,1954,2,1,76773.0,0,0,2013-02-25,79,516,56,449,86,33,16,1,2,2,11,1,0,0,0,0,0,0,3,11,0,1156,15,0,0,0.0625,0.125,0.6875,0.125,1.0,2013,2,1,1.9638317657395499,-3.001509211299177
1524,1983,1,0,81698.0,0,0,2013-03-01,1,709,45,115,30,160,45,1,8,2,5,5,0,0,0,1,0,0,3,11,1,1104,15,0,1,0.0625,0.5,0.3125,0.125,1.3333333333333333,2013,3,1,3.2053835718324395,0.10157249450098231
10022,1973,4,0,54466.0,1,1,2014-02-09,78,12,0,4,0,0,0,1,1,0,2,5,0,0,0,0,0,0,3,11,0,16,3,2,0,0.25,0.25,0.5,0.0,0.16666666666666666,2014,2,0,-3.5365865416947266,-0.9289712704411921
7451,1960,3,0,98777.0,0,0,2014-02-17,23,1000,19,711,125,115,38,0,4,6,9,1,0,1,0,0,0,0,3,11,0,2008,19,0,1,0.0,0.2,0.45,0.3,2.0,2014,2,1,5.5521571985586355,-1.9330501634718418
11010,1984,4,0,16269.0,1,0,2013-08-30,75,19,3,18,3,1,0,3,3,0,3,8,0,0,0,0,0,0,3,11,0,44,6,1,0,0.42857142857142855,0.42857142857142855,0.42857142857142855,0.0,0.3333333333333333,2013,8,0,-3.3672161579655553,0.35518459533310703
4356,1971,2,4,71819.0,0,1,2013-08-28,70,1224,28,140,0,14,168,3,3,3,5,6,0,1,1,0,0,0,3,11,0,1574,11,1,2,0.25,0.25,0.4166666666666667,0.25,0.42857142857142855,2013,8,1,2.6991499577425104,0.6540709612403643
3885,1983,4,4,33569.0,1,0,2013-10-16,10,16,2,18,3,0,24,1,1,1,2,8,1,0,0,0,0,0,3,11,1,63,4,1,1,0.2,0.2,0.4,0.2,0.1111111111111111,2013,10,0,-2.2507423309486376,-0.891519304447814
1175,1983,3,4,36262.0,0,0,2013-09-20,24,88,39,54,64,28,153,1,3,5,3,6,1,0,0,0,0,0,3,11,1,426,11,0,1,0.08333333333333333,0.25,0.25,0.4166666666666667,0.42857142857142855,2013,9,1,1.31013159467422,-0.6290682831458707
880,1966,0,4,22634.0,0,0,2013-01-16,47,2,23,11,8,6,46,1,2,1,2,8,0,0,0,0,0,0,3,11,0,96,5,0,0,0.16666666666666666,0.3333333333333333,0.3333333333333333,0.16666666666666666,0.2222222222222222,2013,1,0,-2.0272700179410816,-1.1869155675772733
2320,1978,1,4,47025.0,0,1,2013-09-12,98,508,11,59,23,5,29,5,11,1,6,9,0,0,0,0,0,0,3,11,0,635,18,1,0,0.2631578947368421,0.5789473684210527,0.3157894736842105,0.05263157894736842,1.1,2013,9,0,-0.3444169933817851,3.7448406427793874
850,1968,2,0,70566.0,0,1,2013-10-06,4,381,28,215,84,28,21,2,6,5,9,3,0,0,0,0,0,0,3,11,0,757,20,1,0,0.09523809523809523,0.2857142857142857,0.42857142857142855,0.23809523809523808,1.5,2013,10,1,1.7623356268848882,0.41423751033819
4713,1979,4,4,31605.0,1,0,2012-11-22,15,74,0,42,2,1,6,2,2,1,4,7,0,0,0,0,0,0,3,11,0,125,7,1,0,0.25,0.25,0.5,0.125,0.25,2012,11,0,-2.6269159141536673,-0.4784366553545758
675,1973,3,1,52034.0,1,1,2013-05-17,67,146,0,93,7,13,73,5,4,2,5,7,0,0,0,0,0,0,3,11,0,332,11,2,0,0.4166666666666667,0.3333333333333333,0.4166666666666667,0.16666666666666666,0.5,2013,5,0,-1.7546486984702159,1.7053167620996528
5025,1979,2,0,48526.0,1,0,2013-12-24,32,23,17,23,43,20,9,1,2,1,4,3,0,0,0,0,0,0,3,11,0,135,7,1,0,0.125,0.25,0.5,0.125,0.5,2013,12,0,-1.8344089879017231,-1.7575029573970196
2308,1954,2,4,46734.0,0,1,2012-11-18,40,110,5,137,26,23,29,2,6,1,5,7,0,0,0,0,0,0,3,11,0,330,12,1,0,0.15384615384615385,0.46153846153846156,0.38461538461538464,0.07692307692307693,0.75,2012,11,0,-0.9580464876902098,1.8817394022813778
5995,1962,2,1,39552.0,1,1,2012-12-18,54,165,3,147,4,24,41,7,6,2,5,8,0,0,0,0,0,0,3,11,1,384,13,2,0,0.5,0.42857142857142855,0.35714285714285715,0.14285714285714285,0.6666666666666666,2012,12,0,-1.373332761415071,3.5871455438138584
6749,1966,2,0,86358.0,1,1,2012-08-08,78,957,47,494,82,47,95,4,5,3,6,8,0,0,0,0,0,0,3,11,0,1722,14,2,0,0.26666666666666666,0.3333333333333333,0.4,0.2,0.5555555555555556,2012,8,1,1.5530890729848459,2.0749225501191653
1010,1977,2,4,46931.0,2,1,2014-04-24,94,41,0,17,3,1,16,2,1,1,3,3,0,0,0,0,0,0,3,11,0,78,5,3,0,0.3333333333333333,0.16666666666666666,0.5,0.16666666666666666,0.25,2014,4,0,-3.4742643149606116,-0.8591507276668371
8977,1985,0,0,16581.0,0,0,2013-01-12,51,1,3,4,2,3,11,1,0,0,3,4,0,0,0,0,0,0,3,11,0,24,3,0,0,0.25,0.0,0.75,0.0,0.0,2013,1,0,-3.0860752980913952,-4.444124156332186
4756,1952,1,1,63998.0,0,0,2013-12-20,42,176,29,818,0,33,112,1,7,6,11,4,0,0,0,0,0,0,3,11,1,1168,24,0,0,0.04,0.28,0.44,0.24,1.4,2013,12,1,3.4704213089676172,-0.16990781507463143
3412,1951,3,4,67381.0,0,1,2013-01-15,67,815,8,53,11,0,70,4,2,2,9,7,0,1,0,0,0,0,3,11,0,957,13,1,1,0.2857142857142857,0.14285714285714285,0.6428571428571429,0.14285714285714285,0.25,2013,1,0,0.3635171518202705,0.271947236171507
606,1967,2,0,25930.0,1,1,2013-10-10,87,6,1,2,2,0,4,1,1,0,2,7,0,0,0,0,0,0,3,11,0,15,3,2,0,0.25,0.25,0.5,0.0,0.125,2013,10,0,-3.914377140669757,-0.4153813350543343
5961,1978,2,4,42693.0,1,0,2014-06-07,29,8,4,20,6,3,16,1,1,0,3,5,0,0,0,0,0,0,3,11,0,57,4,1,0,0.2,0.2,0.6,0.0,0.16666666666666666,2014,6,0,-3.1916572083942407,-2.4138639920872964
2975,1976,2,4,85606.0,0,1,2012-11-12,89,717,42,864,219,30,84,2,6,7,9,3,0,0,0,1,0,0,3,11,0,1956,22,1,1,0.08695652173913043,0.2608695652173913,0.391304347826087,0.30434782608695654,1.5,2012,11,1,5.554436523194732,0.22034094096799667
2894,1985,2,0,72903.0,0,0,2013-10-29,74,1067,138,750,0,19,39,1,7,5,8,4,0,1,1,1,0,0,3,11,1,2013,20,0,3,0.047619047619047616,0.3333333333333333,0.38095238095238093,0.23809523809523808,1.4,2013,10,1,6.500388274646727,-0.697497673738833
7613,1974,1,4,49669.0,1,0,2014-05-24,97,166,5,107,11,8,29,2,5,1,6,6,0,0,0,0,0,0,3,11,0,326,12,1,0,0.15384615384615385,0.38461538461538464,0.46153846153846156,0.07692307692307693,0.7142857142857143,2014,5,0,-1.5346985583149941,-0.2825519826369172
10542,1968,4,4,36778.0,1,1,2012-08-05,63,29,4,34,2,4,4,3,3,0,3,9,0,0,0,0,0,0,3,11,0,77,6,2,0,0.42857142857142855,0.42857142857142855,0.42857142857142855,0.0,0.3,2012,8,0,-3.453971903637726,1.9429746636876761
8015,1962,4,1,85696.0,0,0,2013-05-03,88,714,76,395,116,0,12,1,4,6,9,1,0,0,0,0,0,0,3,11,1,1313,19,0,0,0.05,0.2,0.45,0.3,2.0,2013,5,1,3.8449610300047032,-1.3147969241777733
10617,1989,3,1,10979.0,0,0,2014-05-22,34,8,4,10,2,2,4,2,3,0,3,5,0,0,0,0,0,0,3,11,0,30,6,0,0,0.2857142857142857,0.42857142857142855,0.42857142857142855,0.0,0.5,2014,5,0,-2.5542822821818887,-1.1079757899683076
11166,1961,2,4,49678.0,0,1,2013-02-02,81,229,5,56,3,2,20,2,6,2,4,7,0,0,0,0,0,0,3,11,0,315,12,1,0,0.15384615384615385,0.46153846153846156,0.3076923076923077,0.15384615384615385,0.75,2013,2,0,-1.014599907420502,1.6120154718648727
849,1953,3,4,56129.0,0,1,2013-06-20,65,320,48,133,39,72,48,4,6,2,10,4,0,0,0,0,0,0,3,11,0,660,18,1,0,0.21052631578947367,0.3157894736842105,0.5263157894736842,0.10526315789473684,1.2,2013,6,1,0.9087490294469338,1.0663120832912512
523,1989,2,4,37155.0,1,0,2013-01-31,51,23,0,26,7,15,3,1,2,0,4,5,0,0,0,0,0,0,3,11,0,74,6,1,0,0.14285714285714285,0.2857142857142857,0.5714285714285714,0.0,0.3333333333333333,2013,1,0,-2.946871842217575,-1.8418806209849865
4066,1978,1,1,21282.0,1,0,2014-05-11,76,1,5,8,4,8,20,2,2,1,2,6,0,0,0,0,0,0,3,11,0,46,5,1,0,0.3333333333333333,0.3333333333333333,0.3333333333333333,0.16666666666666666,0.2857142857142857,2014,5,0,-2.8158361917870285,-0.9683658480165322
8414,1962,4,0,33419.0,0,1,2013-08-17,76,56,0,12,0,0,18,2,2,0,4,7,0,0,0,0,0,0,3,11,0,86,6,1,0,0.2857142857142857,0.2857142857142857,0.5714285714285714,0.0,0.25,2013,8,0,-2.7747114927412,-0.138000932951768
819,1945,2,2,63285.0,0,0,2013-11-05,84,508,124,249,50,38,134,1,6,5,13,3,0,0,0,0,0,0,3,11,0,1103,24,0,0,0.04,0.24,0.52,0.2,1.5,2013,11,1,3.5476413335700223,-0.5554440585271236
4961,1974,3,4,21255.0,1,0,2014-01-21,56,29,0,25,2,2,3,4,2,1,4,4,0,0,0,0,0,0,3,11,0,61,7,1,0,0.5,0.25,0.5,0.125,0.4,2014,1,0,-2.736934290864165,-1.1270111402092267
749,1981,2,4,42162.0,1,0,2013-11-19,31,46,7,59,2,4,27,2,3,1,3,6,1,0,0,0,0,0,3,11,1,145,7,1,1,0.25,0.375,0.375,0.125,0.42857142857142855,2013,11,0,-1.67348668735957,0.06023303085691064
5430,1956,2,4,54450.0,1,1,2012-09-14,0,454,0,171,8,19,32,12,9,2,8,8,0,0,0,0,0,0,3,11,0,684,19,2,0,0.6,0.45,0.4,0.1,1.0,2012,9,0,-0.6889110510062911,5.270666875627586
7755,1954,4,4,57744.0,0,1,2013-11-12,91,350,3,39,0,0,19,2,9,1,4,8,0,0,0,0,0,0,3,11,0,411,14,1,0,0.13333333333333333,0.6,0.26666666666666666,0.06666666666666667,1.0,2013,11,0,-0.7342364066221513,3.412485256790402
10525,1986,2,0,26576.0,1,0,2012-10-13,40,10,0,8,0,0,9,1,1,0,2,9,1,0,0,0,0,0,3,11,1,27,3,1,1,0.25,0.25,0.5,0.0,0.1,2012,10,0,-3.1255679471120605,-0.8951300953346619
1453,1943,4,2,57513.0,0,0,2013-07-06,59,735,40,183,52,20,30,2,9,3,13,6,0,0,0,0,0,0,3,11,0,1060,25,0,0,0.07692307692307693,0.34615384615384615,0.5,0.11538461538461539,1.2857142857142858,2013,7,1,2.325806632786089,1.0816571521347558
8310,1964,2,4,68142.0,0,1,2012-08-29,96,897,126,196,91,112,37,3,10,4,7,6,0,0,0,0,0,0,3,11,0,1459,21,1,0,0.13636363636363635,0.45454545454545453,0.3181818181818182,0.18181818181818182,1.4285714285714286,2012,8,1,3.2863048827212364,2.6251752912289104
10710,1979,2,4,7500.0,0,1,2012-08-29,61,5,2,3,3,0,5,1,1,0,2,8,0,0,0,0,0,0,3,11,0,18,3,1,0,0.25,0.25,0.5,0.0,0.1111111111111111,2012,8,0,-3.526872272555807,-0.6199635586239284
5031,1974,2,4,83145.0,0,0,2012-09-22,14,777,35,731,39,137,114,1,5,9,11,2,0,0,1,0,0,0,3,11,1,1833,25,0,1,0.038461538461538464,0.19230769230769232,0.4230769230769231,0.34615384615384615,1.6666666666666667,2012,9,1,6.491424493293481,-1.1490328992752077
2613,1960,3,4,54197.0,0,1,2014-04-03,16,162,6,37,6,13,13,2,1,3,6,1,0,0,0,0,0,0,3,11,0,237,10,1,0,0.18181818181818182,0.09090909090909091,0.5454545454545454,0.2727272727272727,0.5,2014,4,0,-0.767566510608665,-1.8809837804092895
213,1963,4,0,23091.0,1,1,2014-05-28,98,35,0,11,0,0,2,4,2,1,3,7,0,0,0,0,0,0,3,11,0,48,6,2,0,0.5714285714285714,0.2857142857142857,0.42857142857142855,0.14285714285714285,0.25,2014,5,0,-3.3188032690262643,0.7079381259574173
967,1976,2,4,46049.0,1,1,2013-07-21,11,342,9,112,19,14,19,10,5,2,9,7,0,0,0,0,0,0,3,11,1,515,16,2,0,0.5882352941176471,0.29411764705882354,0.5294117647058824,0.11764705882352941,0.625,2013,7,0,-1.186662771328052,2.7101386037316346
1077,1974,2,4,56715.0,0,0,2012-12-05,52,258,105,239,237,172,9,1,7,3,4,4,0,0,0,0,0,0,3,11,0,1020,14,0,0,0.06666666666666667,0.4666666666666667,0.26666666666666666,0.2,1.4,2012,12,1,3.0421335043356414,-0.07560336643230645
7959,1961,2,4,79410.0,0,0,2014-05-29,19,658,80,483,123,13,13,1,3,2,5,1,0,0,0,0,0,0,3,11,0,1370,10,0,0,0.09090909090909091,0.2727272727272727,0.45454545454545453,0.18181818181818182,1.5,2014,5,1,2.208157073976959,-2.170452390850892
640,1951,2,4,57304.0,0,1,2013-03-11,61,356,80,329,138,17,106,2,7,6,10,5,0,0,0,0,0,0,3,11,0,1026,23,1,0,0.08333333333333333,0.2916666666666667,0.4166666666666667,0.25,1.1666666666666667,2013,3,1,2.7807203895879917,0.899025132513587
4252,1965,2,4,44375.0,0,1,2014-03-23,73,213,5,28,7,7,41,1,4,1,6,5,0,0,0,0,0,0,3,11,0,301,11,1,0,0.08333333333333333,0.3333333333333333,0.5,0.08333333333333333,0.6666666666666666,2014,3,0,-1.3051426281764793,-0.29346429969710225
8432,1956,2,4,54450.0,1,1,2012-09-14,0,454,0,171,8,19,32,12,9,2,8,8,0,0,0,0,0,0,3,11,0,684,19,2,0,0.6,0.45,0.4,0.1,1.0,2012,9,0,-0.6889110510062911,5.270666875627586
6218,1965,2,4,59594.0,0,1,2012-10-20,74,457,4,29,0,0,9,1,8,1,7,7,0,1,0,0,0,0,3,11,0,499,16,1,1,0.058823529411764705,0.47058823529411764,0.4117647058823529,0.058823529411764705,1.0,2012,10,0,0.06539413236865113,2.3303251101394467
6905,1994,2,4,80685.0,0,0,2012-08-22,55,241,45,604,34,26,54,1,6,4,10,2,0,0,0,0,0,0,3,11,0,1004,20,0,0,0.047619047619047616,0.2857142857142857,0.47619047619047616,0.19047619047619047,2.0,2012,8,1,2.668819284243259,-1.0087572606331936
5922,1974,4,4,40344.0,0,1,2013-10-13,48,210,0,6,0,0,2,2,4,1,5,7,0,0,0,0,0,0,3,11,0,218,10,1,0,0.18181818181818182,0.36363636363636365,0.45454545454545453,0.09090909090909091,0.5,2013,10,0,-1.8496147043152114,0.8060698405171091
3598,1972,2,4,62710.0,0,1,2013-05-23,53,441,35,83,7,29,11,4,4,2,12,4,0,0,0,0,0,0,3,11,0,606,18,1,0,0.21052631578947367,0.21052631578947367,0.631578947368421,0.10526315789473684,0.8,2013,5,0,0.16156280240082702,-0.10605907301902
6116,1968,1,4,48985.0,0,1,2013-07-05,13,19,13,18,10,7,8,1,1,1,3,3,0,0,0,0,0,0,3,11,0,75,5,1,0,0.16666666666666666,0.16666666666666666,0.5,0.16666666666666666,0.25,2013,7,0,-1.9941136656817158,-1.7203782757576758
6263,1968,2,4,35322.0,1,2,2012-08-22,34,28,9,37,12,7,13,3,2,0,4,8,0,0,0,0,0,0,3,11,0,106,6,3,0,0.42857142857142855,0.2857142857142857,0.5714285714285714,0.0,0.2222222222222222,2012,8,0,-3.7929793147040427,1.562532447293816
10486,1948,2,4,77142.0,0,0,2013-05-29,54,476,75,162,29,151,97,1,4,4,8,2,0,0,0,0,0,0,3,11,0,990,16,0,0,0.058823529411764705,0.23529411764705882,0.47058823529411764,0.23529411764705882,1.3333333333333333,2013,5,1,2.849140153942585,-1.3663113312250845
2410,1969,2,0,81657.0,0,0,2014-01-22,69,364,40,425,158,60,50,1,3,4,8,1,0,0,0,0,0,0,3,11,0,1097,15,0,0,0.0625,0.1875,0.5,0.25,1.5,2014,1,1,2.7612819769112096,-2.760817210205322
193,1996,0,4,14421.0,0,0,2014-02-17,81,0,0,2,3,3,8,1,1,0,2,5,1,0,0,0,0,0,3,11,0,16,3,0,1,0.25,0.25,0.5,0.0,0.16666666666666666,2014,2,0,-2.721174587265012,-2.886842498545152
3363,1974,1,4,20130.0,0,0,2014-03-17,99,0,6,3,7,6,12,1,1,0,3,8,0,0,0,0,0,0,3,11,0,34,4,0,0,0.2,0.2,0.6,0.0,0.1111111111111111,2014,3,0,-3.0432007874396523,-2.675179399457905
8278,1990,4,4,74214.0,0,0,2012-08-26,3,863,83,547,86,99,33,1,8,2,5,5,0,0,0,0,0,0,3,11,0,1711,15,0,0,0.0625,0.5,0.3125,0.125,1.3333333333333333,2012,8,1,3.139254335219788,0.7029342202209597
10660,1957,3,4,66726.0,1,1,2014-01-12,61,349,7,35,0,0,47,3,8,2,4,7,0,1,0,0,0,0,3,11,0,438,14,2,1,0.2,0.5333333333333333,0.26666666666666666,0.13333333333333333,1.0,2014,1,0,-0.5100278224893243,3.1817525567917073
8686,1979,0,4,23724.0,1,0,2013-01-08,65,5,23,15,0,18,14,2,2,0,3,8,0,0,0,0,0,0,3,11,0,75,5,1,0,0.3333333333333333,0.3333333333333333,0.5,0.0,0.2222222222222222,2013,1,0,-3.3306783098964745,-1.086967836343511
1604,1960,3,4,47353.0,0,1,2013-11-13,93,184,2,19,8,8,4,3,2,2,6,5,0,0,0,0,0,0,3,11,0,225,10,1,0,0.2727272727272727,0.18181818181818182,0.5454545454545454,0.18181818181818182,0.3333333333333333,2013,11,0,-1.4495513547819947,-0.31405144634303306
5907,1952,3,4,33444.0,1,1,2012-11-03,24,8,0,8,0,0,2,1,1,0,2,8,0,0,0,0,0,0,3,11,0,18,3,2,0,0.25,0.25,0.5,0.0,0.1111111111111111,2012,11,0,-3.8265054544758943,0.3221072492344545
10669,1981,2,4,54386.0,0,1,2013-05-17,8,277,21,64,62,21,25,2,3,2,10,3,0,0,0,0,0,0,3,11,0,470,15,1,0,0.125,0.1875,0.625,0.125,0.75,2013,5,0,-0.15844665984107068,-1.1564731800499426
2918,1981,2,1,28510.0,1,1,2013-04-13,72,44,5,19,0,4,19,3,2,0,4,5,0,0,0,0,0,0,3,11,0,91,6,2,0,0.42857142857142855,0.2857142857142857,0.5714285714285714,0.0,0.3333333333333333,2013,4,0,-3.4083658919446034,-0.21063694812987793
5735,1991,3,0,90638.0,0,0,2014-02-13,29,1156,120,915,94,144,96,1,3,4,10,1,0,0,1,0,0,0,3,11,0,2525,17,0,1,0.05555555555555555,0.16666666666666666,0.5555555555555556,0.2222222222222222,1.5,2014,2,1,6.350880108073743,-3.3660193618519973
359,1950,2,4,48070.0,0,1,2013-01-13,33,373,14,83,6,9,19,3,8,2,6,7,0,0,0,0,0,1,3,11,0,504,16,1,0,0.17647058823529413,0.47058823529411764,0.35294117647058826,0.11764705882352941,1.0,2013,1,0,-0.4519742010093626,2.3356804479928694
8387,1957,2,4,43140.0,0,1,2013-01-05,68,134,8,76,6,0,11,1,4,1,5,6,0,0,0,0,0,0,3,11,0,235,10,1,0,0.09090909090909091,0.36363636363636365,0.45454545454545453,0.09090909090909091,0.5714285714285714,2013,1,0,-1.5720351236957568,0.19474521712722606
1829,1961,4,1,54959.0,0,1,2013-01-19,55,1148,0,60,0,0,24,3,9,5,4,7,0,1,0,0,0,0,3,11,1,1232,18,1,1,0.15789473684210525,0.47368421052631576,0.21052631578947367,0.2631578947368421,1.125,2013,1,1,2.094182694301722,3.557557768277941
3839,1958,0,0,15056.0,1,1,2013-05-03,76,6,12,3,21,6,40,5,2,2,3,5,0,0,0,0,0,0,3,11,0,88,7,2,0,0.625,0.25,0.375,0.25,0.3333333333333333,2013,5,0,-2.6070638964314496,0.6169311260892333
9392,1971,2,0,26954.0,1,0,2014-05-08,17,4,1,11,0,0,1,1,1,0,2,7,0,0,0,0,0,0,3,11,0,17,3,1,0,0.25,0.25,0.5,0.0,0.125,2014,5,0,-3.637460947678428,-1.8212425700636203
2292,1985,2,0,22327.0,1,0,2013-08-02,94,5,4,8,2,0,5,1,1,0,3,5,0,0,0,0,0,0,3,11,0,24,4,1,0,0.2,0.2,0.6,0.0,0.16666666666666666,2013,8,0,-3.441750348004113,-2.2564417137347514
10466,1965,2,4,44393.0,1,1,2013-08-22,86,24,2,20,2,2,10,2,1,0,4,4,0,0,0,0,0,0,3,11,0,60,5,2,0,0.3333333333333333,0.16666666666666666,0.6666666666666666,0.0,0.2,2013,8,0,-3.3738631636933842,-1.0768169842245976
9855,1952,4,0,62000.0,0,1,2013-08-25,25,899,0,101,0,0,20,1,6,6,13,4,0,0,0,1,0,0,3,11,0,1020,25,1,1,0.038461538461538464,0.23076923076923078,0.5,0.23076923076923078,1.2,2013,8,1,2.7338502272628005,0.6345112671866123
4088,1962,4,4,31497.0,0,1,2012-12-06,22,108,1,28,13,1,4,2,3,1,4,8,0,0,0,0,0,0,3,11,0,155,8,1,0,0.2222222222222222,0.3333333333333333,0.4444444444444444,0.1111111111111111,0.3333333333333333,2012,12,0,-2.142105213523211,0.9918207052422392
5231,1974,1,4,45894.0,0,2,2014-02-27,15,27,2,7,0,2,13,1,1,0,3,5,0,0,0,0,0,0,3,11,0,51,4,2,0,0.2,0.2,0.6,0.0,0.16666666666666666,2014,2,0,-3.2944097630907523,-1.0547380801156672
590,1970,3,1,78579.0,0,0,2012-12-22,35,816,66,549,216,66,99,1,5,6,4,3,0,0,0,0,0,0,3,11,1,1812,15,0,0,0.0625,0.3125,0.25,0.375,1.25,2012,12,1,4.795464530433584,-0.22113829256570539
8732,1969,3,2,67369.0,0,1,2012-11-17,81,1298,0,70,37,14,42,4,7,4,10,4,0,1,1,0,0,0,3,11,1,1461,21,1,2,0.18181818181818182,0.3181818181818182,0.45454545454545453,0.18181818181818182,1.4,2012,11,1,3.7909821968513957,2.1787533833672676
2315,1960,2,1,58401.0,0,1,2014-04-20,55,10,0,11,17,29,29,1,1,2,2,4,0,0,0,0,0,0,3,11,0,96,5,1,0,0.16666666666666666,0.16666666666666666,0.3333333333333333,0.3333333333333333,0.2,2014,4,0,-1.3515888908999174,-1.4064027782185125
3515,1952,2,0,62307.0,0,1,2014-02-17,94,87,13,34,10,6,10,1,4,0,4,5,0,0,0,0,0,0,3,11,0,160,8,1,0,0.1111111111111111,0.4444444444444444,0.4444444444444444,0.0,0.6666666666666666,2014,2,0,-1.771534197793759,0.1140002735226932
2245,1969,3,4,43641.0,1,1,2013-04-22,50,57,2,51,4,2,23,3,2,1,4,6,0,0,0,0,0,0,3,11,0,139,7,2,0,0.375,0.25,0.5,0.125,0.2857142857142857,2013,4,0,-2.7812596876981734,0.22682430612343302
6283,1968,3,1,63841.0,0,1,2013-04-21,64,635,15,100,20,7,131,1,9,3,9,6,0,0,0,0,0,0,3,11,0,908,21,1,0,0.045454545454545456,0.4090909090909091,0.4090909090909091,0.13636363636363635,1.2857142857142858,2013,4,1,1.4131455220988116,1.9388754915256958
2246,1965,1,4,46891.0,0,1,2013-09-01,91,43,12,23,29,15,61,1,2,1,4,4,0,0,0,0,0,0,3,11,0,183,7,1,0,0.125,0.25,0.5,0.125,0.4,2013,9,0,-1.537471843424016,-0.928393595810698
6606,1969,3,4,70091.0,1,0,2013-03-31,11,964,34,137,15,0,11,2,5,2,10,8,0,1,0,0,0,0,3,11,0,1161,17,1,1,0.1111111111111111,0.2777777777777778,0.5555555555555556,0.1111111111111111,0.5555555555555556,2013,3,1,0.7809779020401879,0.35188337779068213
5545,1972,4,4,78075.0,0,0,2014-04-05,72,572,8,259,34,35,80,1,3,5,5,1,0,0,0,0,0,0,3,11,0,988,13,0,0,0.07142857142857142,0.21428571428571427,0.35714285714285715,0.35714285714285715,1.5,2014,4,1,2.1467483316807936,-1.6144158674068125
7342,1961,1,2,59184.0,0,1,2012-09-09,6,341,142,113,259,151,66,3,6,6,12,5,0,0,0,0,0,0,3,11,0,1072,24,1,0,0.12,0.24,0.48,0.24,1.0,2012,9,1,3.863283964329972,0.28227952109679655
837,1977,2,4,54809.0,1,1,2013-09-11,0,63,6,57,13,13,22,4,2,1,5,4,0,0,0,0,0,0,3,11,0,174,8,2,0,0.4444444444444444,0.2222222222222222,0.5555555555555556,0.1111111111111111,0.4,2013,9,0,-2.405295201008001,-0.07195638072691884
9500,1959,2,4,58113.0,0,1,2013-01-25,66,221,104,169,102,78,84,3,9,2,8,7,0,0,0,0,0,1,3,11,0,758,19,1,0,0.15,0.45,0.4,0.1,1.125,2013,1,1,1.4116900186588266,1.9003432820737127
3602,1958,3,4,51412.0,0,1,2013-12-31,42,140,3,29,4,5,14,2,3,2,4,4,0,0,0,0,0,0,3,11,0,195,9,1,0,0.2,0.3,0.4,0.2,0.6,2013,12,0,-1.2106365569100297,0.30936722638042413
234,1979,2,1,15287.0,1,0,2012-10-10,60,1,2,8,4,3,13,2,1,1,2,7,1,0,0,0,0,0,3,11,1,31,4,1,1,0.4,0.2,0.4,0.2,0.125,2012,10,0,-2.4315235979873617,-0.7187962533065739
2995,1957,3,4,66636.0,0,0,2013-08-17,64,291,10,689,84,10,0,1,3,4,9,1,0,0,0,0,0,0,3,11,0,1084,16,0,0,0.058823529411764705,0.17647058823529413,0.5294117647058824,0.23529411764705882,1.5,2013,8,1,2.163651852354856,-2.061980492855373
1118,1956,3,4,50965.0,0,1,2013-02-20,87,544,13,85,8,6,29,3,10,4,5,8,1,0,0,0,0,0,3,11,0,685,19,1,1,0.15,0.5,0.25,0.2,1.1111111111111112,2013,2,1,0.8647957334225675,3.3437968252124652
7789,1965,4,4,84618.0,0,0,2013-11-22,96,684,100,801,21,66,0,1,6,9,10,2,0,0,1,0,0,0,3,11,0,1672,25,0,1,0.038461538461538464,0.23076923076923078,0.38461538461538464,0.34615384615384615,2.0,2013,11,1,5.843462829036387,-1.0346956567226935
3068,1990,2,4,18351.0,0,0,2013-10-29,1,1,12,9,0,14,7,1,2,0,3,7,0,0,0,0,0,0,3,11,0,43,5,0,0,0.16666666666666666,0.3333333333333333,0.5,0.0,0.25,2013,10,0,-2.7028418997924617,-1.5709028012621356
8955,1957,4,4,40451.0,0,2,2014-02-16,54,35,0,4,0,0,10,1,1,1,2,5,1,0,0,0,0,0,3,11,0,49,4,2,1,0.2,0.2,0.4,0.2,0.16666666666666666,2014,2,0,-2.2987551794610375,0.00954924703023539
945,1965,2,4,36317.0,0,1,2013-05-22,53,87,3,25,3,2,13,2,3,0,4,7,0,0,0,0,0,0,3,11,0,133,7,1,0,0.25,0.375,0.5,0.0,0.375,2013,5,0,-2.5525716411092017,0.2541075713586141
5644,1957,2,4,42213.0,0,1,2013-10-12,96,309,3,24,4,3,20,2,5,1,7,7,0,1,0,0,0,0,3,11,0,363,13,1,1,0.14285714285714285,0.35714285714285715,0.5,0.07142857142857142,0.625,2013,10,0,-0.7122918490843877,1.1766977469365683
7192,1955,2,4,65748.0,0,1,2013-04-15,58,172,73,93,95,78,34,2,2,4,10,1,0,0,0,0,0,1,3,11,0,545,16,1,0,0.11764705882352941,0.11764705882352941,0.5882352941176471,0.23529411764705882,1.0,2013,4,1,1.24740004285939,-1.5818373530378862
2324,1972,2,4,77044.0,0,1,2013-10-27,12,625,38,242,50,34,76,2,7,11,11,4,1,0,0,0,0,0,3,11,0,1065,29,1,1,0.06666666666666667,0.23333333333333334,0.36666666666666664,0.36666666666666664,1.4,2013,10,1,3.957272848409762,1.144243513000288
697,1969,2,4,74918.0,0,0,2013-03-12,78,972,59,913,25,19,59,1,5,9,6,3,0,0,1,0,0,0,3,11,0,2047,20,0,1,0.047619047619047616,0.23809523809523808,0.2857142857142857,0.42857142857142855,1.25,2013,3,1,5.421058199726209,-1.226415693138526
3439,1972,2,4,56721.0,1,1,2012-10-31,64,157,6,39,6,13,75,5,4,1,5,6,0,0,0,0,0,0,3,11,0,296,10,2,0,0.45454545454545453,0.36363636363636365,0.45454545454545453,0.09090909090909091,0.5714285714285714,2012,10,0,-1.9472462520459777,1.974948326987662
1506,1975,2,0,42160.0,1,1,2013-06-28,26,48,9,45,3,15,20,4,2,1,4,6,0,0,0,0,0,0,3,11,1,140,7,2,0,0.5,0.25,0.5,0.125,0.2857142857142857,2013,6,0,-2.5367257198050903,0.36757885029418497
232,1965,2,0,61559.0,0,1,2013-07-17,8,279,83,88,32,14,34,1,4,2,10,3,0,0,0,0,0,0,3,11,0,530,16,1,0,0.058823529411764705,0.23529411764705882,0.5882352941176471,0.11764705882352941,1.0,2013,7,0,0.4485138218443473,-0.790450494693924
8876,1963,4,4,33629.0,1,1,2012-08-08,49,132,0,16,0,0,4,5,3,1,4,9,0,0,0,0,0,0,3,11,0,152,8,2,0,0.5555555555555556,0.3333333333333333,0.4444444444444444,0.1111111111111111,0.3,2012,8,0,-3.040908947322408,2.168041527088469
4500,1991,4,4,68682.0,0,0,2013-10-06,56,919,0,505,99,30,45,1,4,9,10,2,0,0,0,0,0,0,3,11,0,1598,23,0,0,0.041666666666666664,0.16666666666666666,0.4166666666666667,0.375,1.3333333333333333,2013,10,1,3.9873392680442703,-1.3446328215492276
9739,1963,2,0,34377.0,0,1,2013-01-19,55,62,0,22,3,1,26,2,2,2,2,7,0,0,0,0,0,0,3,11,0,114,6,1,0,0.2857142857142857,0.2857142857142857,0.2857142857142857,0.2857142857142857,0.25,2013,1,0,-1.9132400276745636,0.09045219031415551
10395,1986,0,0,8940.0,1,0,2012-08-22,25,1,45,3,4,6,42,3,3,1,3,8,0,0,0,0,0,0,3,11,0,101,7,1,0,0.375,0.375,0.375,0.125,0.3333333333333333,2012,8,0,-2.685021732441214,0.06776909004878562
1176,1973,2,4,26228.0,1,0,2013-09-22,50,2,6,4,3,1,9,1,1,0,2,8,0,0,0,0,0,0,3,11,0,25,3,1,0,0.25,0.25,0.5,0.0,0.1111111111111111,2013,9,0,-3.6254960416682724,-1.3156304693809455
1627,1957,1,1,77297.0,0,0,2013-01-26,84,408,61,109,48,122,41,1,5,7,9,4,0,0,0,1,0,0,3,11,0,789,21,0,1,0.045454545454545456,0.22727272727272727,0.4090909090909091,0.3181818181818182,1.0,2013,1,1,3.627109022746749,-1.5047613231851729
938,1981,2,4,40211.0,1,1,2013-07-30,30,51,1,7,2,1,25,2,2,1,2,8,1,0,0,0,0,0,3,11,0,87,5,2,1,0.3333333333333333,0.3333333333333333,0.3333333333333333,0.16666666666666666,0.2222222222222222,2013,7,0,-2.7584180588120364,0.7703228103663045
2740,1958,4,2,33438.0,1,1,2013-09-22,81,62,1,16,3,2,6,4,2,1,4,5,0,0,0,0,0,0,3,11,0,90,7,2,0,0.5,0.25,0.5,0.125,0.3333333333333333,2013,9,0,-2.8706874829397226,0.678990399342179
257,1959,4,4,75032.0,0,1,2013-04-28,74,952,12,180,47,12,12,2,5,4,9,3,0,0,0,0,0,0,3,11,0,1215,18,1,0,0.10526315789473684,0.2631578947368421,0.47368421052631576,0.21052631578947367,1.25,2013,4,1,1.7589417536226843,0.5834327731714031
4058,1955,4,0,61284.0,0,0,2013-10-12,76,618,15,106,20,7,45,1,11,2,8,6,0,1,0,0,0,0,3,11,0,811,21,0,1,0.045454545454545456,0.5,0.36363636363636365,0.09090909090909091,1.5714285714285714,2013,10,1,2.018780148370822,2.1574947730177967
7736,1986,2,4,22518.0,1,0,2012-10-22,36,11,7,12,2,2,27,2,2,1,2,5,1,0,0,0,0,0,3,11,1,61,5,1,1,0.3333333333333333,0.3333333333333333,0.3333333333333333,0.16666666666666666,0.3333333333333333,2012,10,0,-2.0065130330787238,-0.1188810611777064
8210,1975,3,4,54730.0,0,1,2013-08-15,64,318,3,17,4,7,56,5,4,1,8,4,0,0,0,0,0,0,3,11,0,405,13,1,0,0.35714285714285715,0.2857142857142857,0.5714285714285714,0.07142857142857142,0.8,2013,8,0,-0.910796593858841,0.6949598095409969
833,1955,3,4,38452.0,1,1,2014-03-30,62,56,0,14,0,0,2,3,3,0,3,7,0,0,0,0,0,0,3,11,0,72,6,2,0,0.42857142857142855,0.42857142857142855,0.42857142857142855,0.0,0.375,2014,3,0,-3.3986537751307133,1.1755543284131
6230,1971,2,1,44421.0,1,1,2013-02-15,53,110,5,59,7,1,7,5,5,0,4,8,0,0,0,0,0,0,3,11,0,189,9,2,0,0.5,0.5,0.4,0.0,0.5555555555555556,2013,2,0,-2.913137343623735,2.316863016335278
7325,1986,4,4,38197.0,1,0,2013-06-29,86,23,0,11,2,1,3,1,1,0,3,5,0,0,0,0,0,0,3,11,0,40,4,1,0,0.2,0.2,0.6,0.0,0.16666666666666666,2013,6,0,-3.2614119467349596,-2.0268665720201393
1307,1978,2,1,41986.0,0,1,2014-02-09,15,27,5,8,8,3,12,3,3,0,4,4,0,0,0,0,0,0,3,11,0,63,7,1,0,0.375,0.375,0.5,0.0,0.6,2014,2,0,-2.411324222183834,-0.36917287011969857
1502,1983,2,4,28427.0,1,0,2013-03-21,67,18,3,19,3,3,6,2,2,0,3,8,0,0,0,0,0,0,3,11,0,52,5,1,0,0.3333333333333333,0.3333333333333333,0.5,0.0,0.2222222222222222,2013,3,0,-3.4380776141037432,-0.8259074159159635
6211,1976,4,4,37395.0,1,0,2014-05-02,47,18,0,9,0,1,11,1,1,0,3,6,0,0,0,0,0,0,3,11,0,39,4,1,0,0.2,0.2,0.6,0.0,0.14285714285714285,2014,5,0,-3.3518364988717675,-2.074342047804944
843,1971,2,4,64722.0,1,0,2014-05-26,47,303,0,280,60,147,15,4,8,2,11,6,0,0,0,0,0,0,3,11,0,805,21,1,0,0.18181818181818182,0.36363636363636365,0.5,0.09090909090909091,1.1428571428571428,2014,5,1,1.026265684798444,0.5545522423567937
4174,1956,3,4,55249.0,0,1,2014-04-17,81,97,1,19,2,0,11,1,2,1,4,3,0,0,0,0,0,0,3,11,0,130,7,1,0,0.125,0.25,0.5,0.125,0.5,2014,4,0,-1.7290899232018881,-1.0650830371771478
9757,1972,2,4,84906.0,0,0,2013-10-04,98,997,15,414,99,30,76,1,5,6,12,2,0,1,1,0,1,0,3,11,0,1631,23,0,3,0.041666666666666664,0.20833333333333334,0.5,0.25,1.6666666666666667,2013,10,1,6.072235783843715,-1.272275517735756
6918,1989,2,4,28691.0,1,0,2013-07-04,56,5,4,13,8,0,4,1,1,0,3,8,0,0,0,0,0,0,3,11,0,34,4,1,0,0.2,0.2,0.6,0.0,0.1111111111111111,2013,7,0,-3.6336900940132972,-1.9662383119092122
286,1952,2,0,44213.0,1,1,2013-11-29,48,95,11,35,0,4,7,4,2,1,5,6,0,0,0,0,0,0,3,11,0,152,8,2,0,0.4444444444444444,0.2222222222222222,0.5555555555555556,0.1111111111111111,0.2857142857142857,2013,11,0,-2.7139536950691667,0.43169045428178826
11086,1984,0,0,25707.0,1,0,2014-01-18,18,1,6,2,3,6,3,1,1,0,3,7,0,0,0,0,0,0,3,11,0,21,4,1,0,0.2,0.2,0.6,0.0,0.125,2014,1,0,-3.6646941275795943,-2.703303192228177
1921,1967,4,4,59062.0,2,1,2013-10-03,74,46,1,12,3,0,9,2,2,0,3,4,0,0,0,0,0,0,3,11,0,71,5,3,0,0.3333333333333333,0.3333333333333333,0.5,0.0,0.4,2013,10,0,-3.6545929856059742,0.7747730994356834
4138,1962,2,0,76624.0,0,1,2014-05-24,68,411,106,147,54,115,66,1,5,10,7,1,1,0,0,0,0,0,3,11,0,899,22,1,1,0.043478260869565216,0.21739130434782608,0.30434782608695654,0.43478260869565216,2.5,2014,5,1,4.292483034786663,-0.2997490601531991
7718,1947,3,4,66000.0,0,0,2014-04-20,36,244,51,270,101,0,45,1,1,3,5,1,0,0,0,0,0,0,3,11,0,711,9,0,0,0.1,0.1,0.5,0.3,0.5,2014,4,1,0.9689798877095922,-3.0237683845265004
1291,1978,4,4,27683.0,1,0,2012-08-04,90,152,9,121,12,12,45,4,6,2,4,8,0,0,0,0,0,0,3,11,0,351,12,1,0,0.3076923076923077,0.46153846153846156,0.3076923076923077,0.15384615384615385,0.6666666666666666,2012,8,0,-1.400922412778798,1.9991987827123991
6862,1971,2,1,1730.0,0,0,2014-05-18,65,1,1,3,1,1,1,15,0,0,0,20,0,0,0,0,0,0,3,11,0,8,0,0,0,15.0,0.0,0.0,0.0,0.0,2014,5,0,-6.938823781353573,6.0219762469582605
4136,1992,0,0,7500.0,1,0,2012-12-03,63,10,17,18,8,26,40,4,3,2,2,9,0,0,0,0,0,0,3,11,0,119,7,1,0,0.5,0.375,0.25,0.25,0.3,2012,12,0,-2.465844351209565,0.7164028950877541
803,1968,2,4,40521.0,1,1,2013-04-05,82,12,0,5,0,0,4,1,0,1,2,5,0,0,0,0,0,0,3,11,0,21,3,2,0,0.25,0.0,0.5,0.25,0.0,2013,4,0,-3.152139895696789,-1.8229324653975194
4298,1973,4,4,20427.0,1,0,2014-03-24,63,5,0,4,0,0,1,1,1,0,2,8,0,0,0,0,0,0,3,11,0,10,3,1,0,0.25,0.25,0.5,0.0,0.1111111111111111,2014,3,0,-3.76199004237088,-1.5006177559463934
10833,1975,2,4,65106.0,0,1,2014-05-24,55,790,19,133,12,0,19,3,8,3,13,6,0,1,0,0,0,0,3,11,0,973,24,1,1,0.12,0.32,0.52,0.12,1.1428571428571428,2014,5,1,1.74021849072935,1.4194995642143593
9606,1965,4,4,69969.0,0,0,2013-08-27,64,882,29,514,38,29,44,1,4,2,6,3,0,0,1,1,0,0,3,11,1,1536,12,0,2,0.07692307692307693,0.3076923076923077,0.46153846153846156,0.15384615384615385,1.0,2013,8,1,3.867554375895246,-1.344822922540005
8534,1952,2,4,67433.0,0,2,2013-07-16,51,615,28,259,12,48,30,4,6,5,13,4,0,1,0,0,0,0,3,11,0,992,24,2,1,0.16,0.24,0.52,0.2,1.2,2013,7,1,2.2475769681601063,2.214084144360428
5153,1967,4,4,77766.0,0,1,2013-02-22,97,1004,59,265,115,59,27,2,11,10,11,6,1,0,0,0,0,0,3,11,1,1529,32,1,1,0.06060606060606061,0.3333333333333333,0.3333333333333333,0.30303030303030304,1.5714285714285714,2013,2,1,5.219017381343441,2.5573478395786506
961,1972,2,4,74716.0,0,1,2013-09-12,92,133,27,421,13,195,71,2,7,3,5,4,0,0,0,0,0,0,3,11,0,860,15,1,0,0.125,0.4375,0.3125,0.1875,1.4,2013,9,1,1.9152941046716339,1.1130496978981574
5011,1963,2,1,68118.0,0,1,2013-10-18,51,595,23,123,10,23,154,2,8,9,4,6,0,0,0,0,0,0,3,11,0,928,21,1,0,0.09090909090909091,0.36363636363636365,0.18181818181818182,0.4090909090909091,1.1428571428571428,2013,10,1,2.4337312544427077,2.3594543264512717
6653,1970,4,4,55158.0,1,1,2012-07-30,72,293,0,87,4,11,23,4,7,2,5,7,0,0,0,0,0,0,3,11,1,418,14,2,0,0.26666666666666666,0.4666666666666667,0.3333333333333333,0.13333333333333333,0.875,2012,7,0,-0.9847763628130601,3.3055280721131854
9094,1955,1,4,62972.0,0,1,2012-08-03,39,313,15,47,20,0,192,2,7,4,3,6,0,0,0,0,0,0,3,11,1,587,14,1,0,0.13333333333333333,0.4666666666666667,0.2,0.26666666666666666,1.0,2012,8,1,1.0224337072170955,2.798002362399673
810,1975,2,4,74190.0,0,1,2014-05-12,49,151,81,86,168,91,64,2,4,2,11,2,0,0,0,0,0,0,3,11,0,641,17,1,0,0.1111111111111111,0.2222222222222222,0.6111111111111112,0.1111111111111111,1.3333333333333333,2014,5,1,1.6493307000265098,-1.3745889438692926
5493,1976,2,4,39356.0,1,1,2014-03-19,21,15,0,2,0,0,6,1,1,0,2,6,1,0,0,0,0,0,3,11,0,23,3,2,1,0.25,0.25,0.5,0.0,0.14285714285714285,2014,3,0,-3.4636837485565546,-0.894825013043925
2147,1969,2,4,76653.0,0,0,2013-08-16,91,736,63,946,219,189,126,1,4,7,11,2,0,0,1,1,0,0,3,11,0,2279,22,0,2,0.043478260869565216,0.17391304347826086,0.4782608695652174,0.30434782608695654,1.3333333333333333,2013,8,1,7.967211641220429,-2.7057827711327005
5107,1973,4,1,35860.0,1,1,2014-05-19,37,15,0,8,4,2,20,2,1,1,2,5,1,0,0,0,0,0,3,11,0,49,4,2,1,0.4,0.2,0.4,0.2,0.16666666666666666,2014,5,0,-2.6827832442482085,-0.4315144950556811
3979,1983,4,1,90687.0,0,0,2013-05-22,98,982,17,672,23,34,51,1,6,2,8,2,0,0,1,0,0,0,3,11,1,1779,16,0,1,0.058823529411764705,0.35294117647058826,0.47058823529411764,0.11764705882352941,2.0,2013,5,1,4.159944607995461,-0.801983344206099
6049,1982,3,4,73450.0,0,0,2013-12-05,85,1142,51,415,90,69,37,1,7,8,11,3,1,0,0,1,0,0,3,11,0,1804,26,0,2,0.037037037037037035,0.25925925925925924,0.4074074074074074,0.2962962962962963,1.75,2013,12,1,5.923532185314619,-0.4570764702187757
8147,1960,2,4,31454.0,1,1,2013-07-06,40,28,0,11,0,0,9,3,2,0,3,8,0,0,0,0,0,0,3,11,0,48,5,2,0,0.5,0.3333333333333333,0.5,0.0,0.2222222222222222,2013,7,0,-3.754761286474366,0.7854167038792288
1857,1952,2,0,47139.0,1,1,2014-03-06,2,46,0,12,0,2,23,2,2,1,2,7,0,0,0,0,0,0,3,11,1,83,5,2,0,0.3333333333333333,0.3333333333333333,0.3333333333333333,0.16666666666666666,0.25,2014,3,0,-2.64618766603458,0.6386208458390014
3910,1975,2,1,83829.0,0,0,2013-10-08,78,897,161,430,186,161,27,0,4,7,6,1,1,0,1,1,0,0,3,11,1,1862,17,0,3,0.0,0.2222222222222222,0.3333333333333333,0.3888888888888889,2.0,2013,10,1,7.872847928644975,-2.4929342959577228
5207,1963,4,4,53378.0,1,1,2012-09-24,41,489,6,152,8,6,132,10,9,4,6,8,0,0,0,0,0,0,3,11,1,793,19,2,0,0.5,0.45,0.3,0.2,1.0,2012,9,0,0.3504107669630856,5.525828079015908
11114,1970,2,4,19656.0,1,0,2013-02-08,94,25,4,9,6,8,32,3,2,1,3,7,0,0,0,0,0,0,3,11,0,84,6,1,0,0.42857142857142855,0.2857142857142857,0.42857142857142855,0.14285714285714285,0.25,2013,2,0,-2.809427871169569,-0.5217893121964191
5429,1948,4,4,45579.0,0,1,2013-08-20,10,145,1,33,2,1,1,1,4,1,4,6,0,0,0,0,0,0,3,11,0,183,9,1,0,0.1,0.4,0.4,0.1,0.5714285714285714,2013,8,0,-1.646284567223926,0.9257883569865298
9400,1958,1,0,85485.0,0,0,2014-06-21,73,630,26,611,44,18,54,1,6,6,6,2,0,0,0,0,0,0,3,11,0,1383,18,0,0,0.05263157894736842,0.3157894736842105,0.3157894736842105,0.3157894736842105,2.0,2014,6,1,3.3414583010629935,-0.7622572182976632
1740,1944,2,4,55956.0,0,0,2014-04-07,22,760,38,104,50,9,38,2,7,3,4,4,0,1,0,0,0,0,3,11,0,999,14,0,1,0.13333333333333333,0.4666666666666667,0.26666666666666666,0.2,1.4,2014,4,1,1.970854418606056,0.9724689871921596
7488,1963,3,0,64191.0,0,1,2013-01-22,30,420,15,186,151,38,15,3,5,3,13,3,0,0,0,0,0,0,3,11,0,825,21,1,0,0.13636363636363635,0.22727272727272727,0.5909090909090909,0.13636363636363635,1.25,2013,1,1,1.623797082447467,-0.18156082728230538
195,1972,2,0,38808.0,1,0,2012-08-26,21,125,17,52,3,19,30,4,5,1,4,8,1,0,0,0,0,0,3,11,1,246,10,1,1,0.36363636363636365,0.45454545454545453,0.36363636363636365,0.09090909090909091,0.5555555555555556,2012,8,0,-1.3196424773361495,1.6531563651191024
635,1966,3,4,57183.0,1,1,2013-03-19,51,464,5,64,7,0,70,8,9,1,7,8,0,0,0,0,0,0,3,11,0,610,17,2,0,0.4444444444444444,0.5,0.3888888888888889,0.05555555555555555,1.0,2013,3,0,-1.0252028384660696,4.287553121387022
7527,1968,3,1,23748.0,1,0,2012-11-21,97,6,6,29,12,15,8,3,2,1,3,8,0,0,0,0,0,0,3,11,0,76,6,1,0,0.42857142857142855,0.2857142857142857,0.42857142857142855,0.14285714285714285,0.2222222222222222,2012,11,0,-2.7637240888458297,0.058842424400567556
10319,1971,2,4,66303.0,0,1,2013-02-26,56,1090,12,96,16,12,60,4,3,4,11,8,0,1,0,0,0,0,3,11,0,1286,18,1,1,0.21052631578947367,0.15789473684210525,0.5789473684210527,0.21052631578947367,0.3333333333333333,2013,2,1,1.459811273658901,0.5656724896010866
2296,1975,3,4,37368.0,1,0,2013-12-16,4,3,2,11,2,2,10,1,1,0,2,6,1,0,0,0,0,0,3,11,0,30,3,1,1,0.25,0.25,0.5,0.0,0.14285714285714285,2013,12,0,-2.994714356589654,-1.2752817133097292
10637,1964,2,4,40800.0,1,2,2013-01-01,77,24,0,27,8,30,10,2,3,0,3,7,0,0,0,0,0,1,3,11,0,99,6,3,0,0.2857142857142857,0.42857142857142855,0.42857142857142855,0.0,0.375,2013,1,0,-3.6123500354648357,1.8671330704599862
2931,1978,2,1,71847.0,0,0,2012-09-21,95,737,21,106,55,63,210,0,6,7,9,3,0,0,0,1,0,0,3,11,0,1192,22,0,1,0.0,0.2608695652173913,0.391304347826087,0.30434782608695654,1.5,2012,9,1,4.461169745479494,-0.5150544592947544
907,1975,2,4,46149.0,0,1,2013-11-29,36,254,6,71,4,0,27,5,5,1,7,5,0,0,0,0,0,0,3,11,0,362,13,1,0,0.35714285714285715,0.35714285714285715,0.5,0.07142857142857142,0.8333333333333334,2013,11,0,-1.1548931435908083,1.2295932811062635
3698,1983,2,4,78687.0,0,0,2012-08-09,13,817,185,687,145,55,241,1,4,6,8,2,0,0,1,0,0,0,3,11,1,2130,18,0,1,0.05263157894736842,0.21052631578947367,0.42105263157894735,0.3157894736842105,1.3333333333333333,2012,8,1,6.796523699906781,-1.6630433952451134
9516,1971,1,1,49118.0,0,0,2012-08-18,90,620,54,239,99,98,119,2,9,7,10,7,0,1,0,0,1,0,3,11,1,1229,26,0,2,0.07407407407407407,0.3333333333333333,0.37037037037037035,0.25925925925925924,1.125,2012,8,1,5.108496983978276,1.1646373754966999
679,1957,4,4,37633.0,1,1,2012-09-20,49,13,4,20,0,0,1,2,1,0,3,9,0,0,0,0,0,0,3,11,0,38,4,2,0,0.4,0.2,0.6,0.0,0.1,2012,9,0,-3.849175272162139,0.28174988348943447
7384,1951,3,4,39767.0,0,0,2013-07-21,18,113,61,204,34,26,47,2,7,1,7,8,0,0,0,0,0,0,3,11,0,485,15,0,0,0.125,0.4375,0.4375,0.0625,0.7777777777777778,2013,7,0,0.04197929767189703,0.7166125066077161
5043,1951,0,4,26997.0,0,0,2012-11-05,89,7,23,78,133,49,144,2,4,2,5,7,0,0,0,0,0,0,3,11,0,434,11,0,0,0.16666666666666666,0.3333333333333333,0.4166666666666667,0.16666666666666666,0.5,2012,11,0,0.13501882080318794,-0.19567110633402515
5267,1970,2,1,33986.0,1,0,2013-03-14,43,16,2,18,2,1,5,1,1,0,3,7,0,0,0,0,0,0,3,11,0,44,4,1,0,0.2,0.2,0.6,0.0,0.125,2013,3,0,-3.4417067271034667,-1.9690452124680793
339,1972,4,4,57091.0,0,1,2012-11-23,82,462,0,24,6,0,4,2,9,2,5,7,0,1,0,0,0,0,3,11,1,496,16,1,1,0.11764705882352941,0.5294117647058824,0.29411764705882354,0.11764705882352941,1.125,2012,11,0,0.5483403758511782,3.4563332801944715
2516,1969,1,4,46831.0,1,1,2013-06-08,84,22,2,10,6,4,34,2,1,2,2,4,0,0,0,0,0,0,3,11,0,78,5,2,0,0.3333333333333333,0.16666666666666666,0.3333333333333333,0.3333333333333333,0.2,2013,6,0,-2.307360679594968,-0.516236985807488
9010,1972,3,4,83151.0,0,0,2013-02-10,80,968,147,842,137,42,210,1,5,7,10,2,1,0,1,1,0,0,3,11,1,2346,22,0,3,0.043478260869565216,0.21739130434782608,0.43478260869565216,0.30434782608695654,1.6666666666666667,2013,2,1,8.495381183059079,-1.6346079815748316
378,1971,2,4,52531.0,0,0,2012-12-30,68,283,112,151,51,72,125,2,7,2,10,6,0,0,0,0,0,0,3,11,0,794,19,0,0,0.1,0.35,0.5,0.1,1.0,2012,12,1,1.8618461482624686,0.26536318405071446
4808,1956,2,4,15759.0,0,0,2013-09-05,12,1,2,5,6,0,3,1,1,0,2,7,0,0,0,0,0,0,3,11,0,17,3,0,0,0.25,0.25,0.5,0.0,0.125,2013,9,0,-2.9769817230943936,-1.6641982475030612
5068,1971,2,0,22804.0,1,0,2013-07-31,75,14,1,7,2,1,1,1,2,0,2,9,0,0,0,0,0,0,3,11,0,26,4,1,0,0.2,0.4,0.4,0.0,0.2,2013,7,0,-3.5594966483328383,-0.33913264625628353
7628,1973,1,4,43050.0,1,0,2014-03-18,10,30,5,24,6,3,8,2,2,0,4,5,0,0,0,0,0,0,3,11,0,76,6,1,0,0.2857142857142857,0.2857142857142857,0.5714285714285714,0.0,0.3333333333333333,2014,3,0,-2.966723203572648,-1.707357846238647
7128,1977,4,0,42997.0,1,1,2013-12-07,91,4,0,5,0,1,5,1,1,0,2,7,0,0,0,0,0,0,3,11,0,15,3,2,0,0.25,0.25,0.5,0.0,0.125,2013,12,0,-3.7415427954739795,-0.2647731785526533
2811,1963,4,0,48918.0,1,1,2014-04-12,21,52,0,9,0,0,1,2,1,0,4,4,0,0,0,0,0,0,3,11,0,62,5,2,0,0.3333333333333333,0.16666666666666666,0.6666666666666666,0.0,0.2,2014,4,0,-3.3687016191649044,-1.255099255214933
3551,1954,3,4,60033.0,0,1,2014-03-29,28,62,1,57,19,11,48,2,2,1,5,2,0,0,0,0,0,0,3,11,0,198,8,1,0,0.2222222222222222,0.2222222222222222,0.5555555555555556,0.1111111111111111,0.6666666666666666,2014,3,0,-1.268915729921798,-1.1160458575272239
1663,1978,4,4,34043.0,1,0,2013-10-25,97,20,2,14,3,0,10,1,2,0,2,9,0,0,0,0,0,0,3,11,0,49,4,1,0,0.2,0.4,0.4,0.0,0.2,2013,10,0,-3.3740870574534156,-0.05413703859674594
5543,1966,2,4,57811.0,0,1,2013-06-24,49,545,7,114,37,21,78,5,7,2,11,5,0,1,0,0,0,0,3,11,0,802,20,1,1,0.23809523809523808,0.3333333333333333,0.5238095238095238,0.09523809523809523,1.1666666666666667,2013,6,1,1.3277729352981156,1.9096100825978741
1577,1946,2,4,78569.0,0,0,2014-02-19,14,558,79,622,207,175,95,1,4,6,4,1,0,0,1,0,0,0,3,11,1,1736,14,0,1,0.06666666666666667,0.26666666666666666,0.26666666666666666,0.4,2.0,2014,2,1,6.274092247218894,-1.908614295234819
10641,1978,2,0,7500.0,1,1,2012-12-27,5,6,5,4,13,4,25,4,2,1,3,6,0,0,0,0,0,0,3,11,0,57,6,2,0,0.5714285714285714,0.2857142857142857,0.42857142857142855,0.14285714285714285,0.2857142857142857,2012,12,0,-3.2322250122098377,0.8850556379774713
5336,1971,3,4,157733.0,1,0,2013-06-04,37,39,1,9,2,0,8,0,1,0,1,1,0,0,0,0,0,0,3,11,0,59,2,1,0,0.0,0.3333333333333333,0.3333333333333333,0.0,0.5,2013,6,0,-1.6383380995991685,-1.510693453478321
6024,1953,2,4,94384.0,0,0,2013-03-04,62,1111,24,790,160,45,172,0,5,8,5,2,0,1,1,1,0,0,3,11,1,2302,18,0,3,0.0,0.2631578947368421,0.2631578947368421,0.42105263157894735,1.6666666666666667,2013,3,1,8.216462675453341,-0.9907916975539643
1878,1985,1,4,23148.0,0,0,2014-02-18,83,4,6,8,6,3,10,1,2,0,3,7,0,0,0,0,0,0,3,11,0,37,5,0,0,0.16666666666666666,0.3333333333333333,0.5,0.0,0.25,2014,2,0,-2.777367869838824,-2.034591293024246
3099,1970,2,1,44267.0,1,1,2013-02-25,48,183,5,65,3,5,49,5,5,2,4,9,0,0,0,0,0,0,3,11,0,310,11,2,0,0.4166666666666667,0.4166666666666667,0.3333333333333333,0.16666666666666666,0.5,2013,2,0,-2.07034953749191,2.3915779905451986
6055,1979,2,4,71626.0,0,0,2012-11-01,94,546,72,376,94,145,72,1,5,5,8,3,0,1,0,0,0,0,3,11,0,1305,18,0,1,0.05263157894736842,0.2631578947368421,0.42105263157894735,0.2631578947368421,1.25,2012,11,1,4.104911784924039,-0.8127879745194474
5841,1966,2,4,60894.0,0,1,2013-06-28,61,606,7,155,10,0,54,5,10,3,8,7,0,0,0,0,0,0,3,11,0,832,21,1,0,0.22727272727272727,0.45454545454545453,0.36363636363636365,0.13636363636363635,1.25,2013,6,1,0.8133296190787149,3.185265481235762
3972,1976,2,4,50200.0,1,1,2013-04-03,70,266,6,51,8,6,64,6,7,1,5,8,0,0,0,0,0,0,3,11,0,401,13,2,0,0.42857142857142855,0.5,0.35714285714285715,0.07142857142857142,0.7777777777777778,2013,4,0,-1.7696373732714408,3.214265768226957
4394,1965,4,4,81051.0,0,0,2014-05-23,43,1142,29,249,38,29,14,1,5,5,12,2,0,1,1,0,0,0,3,11,0,1501,22,0,2,0.043478260869565216,0.21739130434782608,0.5217391304347826,0.21739130434782608,1.6666666666666667,2014,5,1,4.6384102786472585,-1.2554664169689203
5758,1982,2,4,65169.0,0,0,2014-01-14,23,1074,0,69,0,0,46,1,10,4,13,6,1,0,1,1,1,0,3,11,1,1189,27,0,4,0.03571428571428571,0.35714285714285715,0.4642857142857143,0.14285714285714285,1.4285714285714286,2014,1,1,5.183055549352067,0.06297266383037688
6658,1972,2,4,59868.0,0,1,2013-07-22,37,771,51,154,54,10,154,7,11,2,12,6,0,0,0,0,0,0,3,11,0,1194,25,1,0,0.2692307692307692,0.4230769230769231,0.46153846153846156,0.07692307692307693,1.5714285714285714,2013,7,1,2.1919678301146925,3.526532815738886
4603,1960,4,4,65695.0,0,1,2014-01-31,50,371,32,189,0,58,6,2,5,4,10,4,0,0,0,0,0,0,3,11,0,656,19,1,0,0.1,0.25,0.5,0.2,1.0,2014,1,1,0.9705673993541977,-0.03317118161951741
8427,1956,3,0,64857.0,0,0,2012-11-23,78,556,14,717,210,0,43,1,7,5,10,4,0,0,0,0,0,0,3,11,0,1540,22,0,0,0.043478260869565216,0.30434782608695654,0.43478260869565216,0.21739130434782608,1.4,2012,11,1,3.716719784901405,-0.08124993118726791
10260,1965,3,4,45143.0,0,1,2013-08-26,74,202,5,74,11,5,14,3,6,1,5,7,0,0,0,0,0,0,3,11,0,311,12,1,0,0.23076923076923078,0.46153846153846156,0.38461538461538464,0.07692307692307693,0.75,2013,8,0,-1.2827225295617948,1.8330146137644834
7143,1955,1,4,74805.0,0,1,2013-11-06,14,209,162,209,41,162,37,5,4,7,10,2,0,0,0,0,0,0,3,11,0,820,21,1,0,0.22727272727272727,0.18181818181818182,0.45454545454545453,0.3181818181818182,1.3333333333333333,2013,11,1,3.215320415826927,-0.050433676984609446
8789,1989,1,4,59060.0,1,0,2014-01-11,77,35,40,111,36,40,12,3,3,1,7,4,0,0,0,0,0,0,3,11,0,274,11,1,0,0.25,0.25,0.5833333333333334,0.08333333333333333,0.6,2014,1,0,-1.3458531767235995,-1.8743599188655737
6197,1962,4,0,27238.0,1,1,2013-04-20,39,37,0,17,0,0,3,3,3,0,3,9,0,0,0,0,0,0,3,11,0,57,6,2,0,0.42857142857142855,0.42857142857142855,0.42857142857142855,0.0,0.3,2013,4,0,-3.637386785177039,1.6154700803678057
4554,1965,2,4,47009.0,0,1,2013-10-01,89,171,45,73,59,10,90,4,3,2,8,4,0,0,0,0,0,0,3,11,0,448,13,1,0,0.2857142857142857,0.21428571428571427,0.5714285714285714,0.14285714285714285,0.6,2013,10,0,-0.2718049858039708,-0.09296457945720603
4937,1973,1,4,46094.0,1,1,2014-06-10,62,12,2,20,3,2,5,1,1,0,3,7,0,0,0,0,0,0,3,11,0,44,4,2,0,0.2,0.2,0.6,0.0,0.125,2014,6,0,-3.752829003785909,-1.2937160520362363
1920,1972,2,4,40321.0,1,1,2013-07-29,59,44,4,21,6,0,27,2,3,0,3,7,0,0,0,0,0,0,3,11,0,102,6,2,0,0.2857142857142857,0.42857142857142855,0.42857142857142855,0.0,0.375,2013,7,0,-3.2273529845970756,0.9997610155321061
8749,1984,2,4,37235.0,1,0,2014-02-01,68,20,2,9,4,6,20,1,1,1,2,4,0,0,0,0,0,0,3,11,0,61,4,1,0,0.2,0.2,0.4,0.2,0.2,2014,2,0,-2.5864478176968375,-2.2254354345150427
1650,1960,3,4,81843.0,0,0,2013-04-22,13,779,86,537,34,69,138,1,5,9,12,3,0,0,0,0,0,0,3,11,0,1643,26,0,0,0.037037037037037035,0.18518518518518517,0.4444444444444444,0.3333333333333333,1.25,2013,4,1,4.9528677847780616,-0.8895041800418718
10377,1958,3,4,46692.0,0,1,2013-06-06,37,170,6,97,24,12,88,3,6,1,5,6,0,0,0,0,0,0,3,11,0,397,12,1,0,0.23076923076923078,0.46153846153846156,0.38461538461538464,0.07692307692307693,0.8571428571428571,2013,6,0,-0.7520683331911296,1.862731512315005
9206,1968,2,4,77382.0,0,1,2014-01-07,36,491,48,231,112,105,134,2,5,7,12,1,0,0,1,0,0,0,3,11,0,1121,24,1,1,0.08,0.2,0.48,0.28,2.5,2014,1,1,4.79180371674343,-0.8257348777023505
10971,1977,2,0,37774.0,2,0,2012-09-03,28,173,8,107,7,2,176,4,7,2,3,9,1,0,0,0,0,1,3,11,1,473,12,2,1,0.3076923076923077,0.5384615384615384,0.23076923076923078,0.15384615384615385,0.7,2012,9,0,-1.0840565908204727,3.44195822188693
6398,1974,0,4,18393.0,1,0,2014-03-29,2,7,10,13,16,0,4,2,3,0,3,8,0,0,0,0,0,0,3,11,0,50,6,1,0,0.2857142857142857,0.42857142857142855,0.42857142857142855,0.0,0.3333333333333333,2014,3,0,-3.354231212305253,-0.5522170117472363
9212,1962,3,4,72828.0,0,1,2013-02-14,17,1205,0,235,19,14,205,6,6,3,13,7,0,0,0,0,0,0,3,11,0,1678,22,1,0,0.2608695652173913,0.2608695652173913,0.5652173913043478,0.13043478260869565,0.75,2013,2,1,2.297690770259374,2.1954967411935318
7937,1982,2,4,24711.0,0,0,2014-04-18,86,10,7,25,6,3,7,1,3,0,3,7,0,0,0,0,0,0,3,11,0,58,6,0,0,0.14285714285714285,0.42857142857142855,0.42857142857142855,0.0,0.375,2014,4,0,-2.5003403807688254,-1.1584247838461095
839,1975,4,4,45503.0,1,0,2013-09-25,54,97,4,44,6,1,18,1,3,1,4,5,0,0,0,0,0,0,3,11,0,170,8,1,0,0.1111111111111111,0.3333333333333333,0.4444444444444444,0.1111111111111111,0.5,2013,9,0,-2.0277394689845485,-0.5338015158744469
4246,1982,3,0,6560.0,0,0,2013-12-12,2,67,11,26,4,3,262,0,1,0,1,17,0,0,0,0,0,0,3,11,0,373,2,0,0,0.0,0.3333333333333333,0.3333333333333333,0.0,0.05555555555555555,2013,12,0,-2.618624362396714,0.09265736609635289
158,1945,4,4,71604.0,0,0,2013-11-17,3,345,53,528,98,75,97,1,8,3,5,4,1,0,0,0,0,0,3,11,1,1196,16,0,1,0.058823529411764705,0.47058823529411764,0.29411764705882354,0.17647058823529413,1.6,2013,11,1,3.567025044178747,1.17762605672417
4832,1979,2,4,27244.0,1,0,2014-03-07,84,6,5,17,3,24,46,2,2,2,2,7,0,0,0,0,0,0,3,11,0,101,6,1,0,0.2857142857142857,0.2857142857142857,0.2857142857142857,0.2857142857142857,0.25,2014,3,0,-2.217237279006809,-0.8075004078019345
5621,1969,2,4,48752.0,1,1,2012-12-12,8,73,57,100,71,15,0,5,6,1,5,9,0,0,0,0,0,0,3,11,1,316,12,2,0,0.38461538461538464,0.46153846153846156,0.38461538461538464,0.07692307692307693,0.6,2012,12,0,-1.4459339213290137,2.9483576200207096
1945,1962,2,4,71434.0,0,1,2013-09-18,4,711,36,217,172,96,168,3,7,4,7,4,0,1,0,1,0,0,3,11,0,1400,18,1,2,0.15789473684210525,0.3684210526315789,0.3684210526315789,0.21052631578947367,1.4,2013,9,1,4.567323417792487,1.4586873987193556
5147,1948,2,0,90842.0,0,0,2013-07-29,57,774,70,118,182,187,93,1,4,9,13,1,0,0,0,0,0,0,3,11,0,1424,26,0,0,0.037037037037037035,0.14814814814814814,0.48148148148148145,0.3333333333333333,2.0,2013,7,1,5.736939324337939,-1.6149021331019777
2535,1978,3,4,88097.0,1,0,2012-08-18,24,163,0,480,0,126,75,1,6,5,8,9,0,1,1,1,0,0,3,11,1,844,19,1,3,0.05,0.3,0.4,0.25,0.6,2012,8,1,3.776956007609632,0.23485674755518482
11039,1975,2,4,51948.0,0,1,2013-09-17,51,82,33,54,71,30,41,2,5,2,4,5,0,0,0,0,0,0,3,11,0,311,11,1,0,0.16666666666666666,0.4166666666666667,0.3333333333333333,0.16666666666666666,0.8333333333333334,2013,9,0,-0.443824169755074,0.7956700439871666
9495,1982,2,4,71853.0,0,0,2013-05-08,29,358,108,413,141,97,32,1,2,8,6,1,0,0,0,0,0,0,3,11,0,1149,16,0,0,0.058823529411764705,0.11764705882352941,0.35294117647058826,0.47058823529411764,1.0,2013,5,1,3.723377657439626,-2.847692678222633
9635,1983,3,4,35876.0,0,0,2014-04-20,13,66,2,40,4,3,14,1,3,1,3,6,0,0,0,0,0,0,3,11,0,129,7,0,0,0.125,0.375,0.375,0.125,0.42857142857142855,2014,4,0,-1.777947920522677,-1.1919388490962468
2173,1952,2,2,40049.0,0,1,2013-10-16,23,13,6,7,0,3,3,1,1,0,3,6,0,0,0,0,0,0,3,11,0,32,4,1,0,0.2,0.2,0.6,0.0,0.14285714285714285,2013,10,0,-2.940201990778432,-1.1548315770707342
942,1982,2,0,39660.0,1,0,2012-08-08,36,139,13,78,20,13,36,3,7,1,3,9,0,0,0,0,0,0,3,11,1,299,11,1,0,0.25,0.5833333333333334,0.25,0.08333333333333333,0.7,2012,8,0,-1.416079633618453,2.3675269038248765
9386,1962,2,4,50127.0,0,1,2014-05-29,88,274,0,21,4,6,15,1,5,1,6,6,0,1,0,0,0,0,3,11,0,320,12,1,1,0.07692307692307693,0.38461538461538464,0.46153846153846156,0.07692307692307693,0.7142857142857143,2014,5,0,-0.7120877204847467,0.5524837337541049
5510,1977,3,4,43263.0,0,1,2012-11-21,2,262,6,61,0,10,102,3,5,2,6,5,0,0,0,0,0,0,3,11,0,441,13,1,0,0.21428571428571427,0.35714285714285715,0.42857142857142855,0.14285714285714285,0.8333333333333334,2012,11,0,-0.500312027384308,1.41177065323839
873,1949,3,4,62845.0,1,1,2012-10-01,3,1099,0,45,0,0,34,11,3,4,10,8,0,1,0,0,0,0,3,11,1,1178,17,2,1,0.6111111111111112,0.16666666666666666,0.5555555555555556,0.2222222222222222,0.3333333333333333,2012,10,0,0.5490280647441862,3.5886091323572415
2253,1990,2,4,18929.0,0,0,2013-02-16,15,32,0,8,23,4,18,1,1,0,4,6,0,0,0,0,0,0,3,11,0,85,5,0,0,0.16666666666666666,0.16666666666666666,0.6666666666666666,0.0,0.14285714285714285,2013,2,0,-2.732390756519835,-2.983362873319365
5181,1982,0,0,24367.0,1,0,2013-03-20,58,2,4,2,0,11,5,1,1,0,2,9,0,0,0,0,0,0,3,11,0,24,3,1,0,0.25,0.25,0.5,0.0,0.1,2013,3,0,-3.7994164842190616,-1.7515810790668358
979,1975,2,0,33249.0,1,0,2013-02-20,11,6,10,21,19,14,42,2,2,1,3,6,0,0,0,0,0,0,3,11,0,112,6,1,0,0.2857142857142857,0.2857142857142857,0.42857142857142855,0.14285714285714285,0.2857142857142857,2013,2,0,-2.404661246166579,-1.0306276638581136
10390,1959,1,4,26887.0,0,1,2013-02-10,27,6,7,4,3,4,6,1,1,0,3,6,0,0,0,0,0,0,3,11,0,30,4,1,0,0.2,0.2,0.6,0.0,0.14285714285714285,2013,2,0,-3.1107214820304305,-1.5121861574595366
4698,1983,4,4,50150.0,0,0,2013-06-20,32,135,46,92,65,61,11,2,5,2,7,5,0,0,0,0,0,0,3,11,0,410,14,0,0,0.13333333333333333,0.3333333333333333,0.4666666666666667,0.13333333333333333,0.8333333333333334,2013,6,0,0.2841102396951542,-0.7519802018619385
7793,1976,2,4,62061.0,0,1,2013-08-31,12,641,7,84,0,30,38,3,10,4,7,6,0,1,0,0,0,0,3,11,0,800,21,1,1,0.13636363636363635,0.45454545454545453,0.3181818181818182,0.18181818181818182,1.4285714285714286,2013,8,1,1.6640126685261833,2.8683815661690626
1745,1962,4,1,85696.0,0,0,2013-05-03,88,714,76,395,116,0,12,1,4,6,9,1,0,0,0,0,0,0,3,11,1,1313,19,0,0,0.05,0.2,0.45,0.3,2.0,2013,5,1,3.8449610300047032,-1.3147969241777733
10590,1956,4,4,76542.0,0,0,2013-03-30,91,794,73,573,0,29,14,1,4,8,10,2,0,0,0,0,0,0,3,11,0,1483,22,0,0,0.043478260869565216,0.17391304347826086,0.43478260869565216,0.34782608695652173,1.3333333333333333,2013,3,1,3.776067021899289,-1.2350959086348616
5080,1993,2,0,70515.0,0,0,2013-10-21,12,420,0,452,182,64,140,1,6,6,4,2,0,0,0,0,0,0,3,11,1,1258,16,0,0,0.058823529411764705,0.35294117647058826,0.23529411764705882,0.35294117647058826,2.0,2013,10,1,3.875096255876272,-0.43468783431411
8369,1987,2,4,18227.0,1,0,2012-11-08,21,1,2,7,4,3,11,1,0,1,2,8,0,0,0,0,0,0,3,11,0,28,3,1,0,0.25,0.0,0.5,0.25,0.0,2012,11,0,-3.1952833225884314,-2.2816182422615365
5232,1965,2,4,69139.0,0,1,2014-01-27,23,86,12,75,33,15,6,1,4,1,5,4,0,0,0,0,0,0,3,11,0,227,10,1,0,0.09090909090909091,0.36363636363636365,0.45454545454545453,0.09090909090909091,0.8,2014,1,0,-1.0529227721387588,-0.4462315765593125
2407,1982,2,4,69109.0,0,0,2012-11-09,10,823,25,459,124,29,95,1,6,6,7,4,0,0,1,0,0,0,3,11,1,1555,19,0,1,0.05,0.3,0.35,0.3,1.2,2012,11,1,4.573456712913815,-0.4062663622627364
3834,1962,2,0,69627.0,0,1,2013-03-17,35,231,161,215,171,30,53,2,8,2,11,5,0,0,0,0,0,0,3,11,0,861,21,1,0,0.09090909090909091,0.36363636363636365,0.5,0.09090909090909091,1.3333333333333333,2013,3,1,2.328314721207028,0.5828254315269916
7912,1978,2,4,38136.0,1,0,2013-04-22,69,8,15,27,0,20,33,2,3,1,2,8,1,0,0,0,0,0,3,11,0,103,6,1,1,0.2857142857142857,0.42857142857142855,0.2857142857142857,0.14285714285714285,0.3333333333333333,2013,4,0,-2.1087652807179795,0.3482989933081244
7712,1946,4,0,62159.0,0,0,2014-04-28,68,182,17,259,77,70,29,1,6,2,10,4,0,0,0,0,0,0,3,11,0,634,18,0,0,0.05263157894736842,0.3157894736842105,0.5263157894736842,0.10526315789473684,1.2,2014,4,1,1.3583642697890135,-0.8655120778717812
1065,1963,2,0,80695.0,0,0,2013-12-29,85,557,129,984,193,37,18,1,5,8,5,2,0,0,0,0,0,0,3,11,0,1918,18,0,0,0.05263157894736842,0.2631578947368421,0.2631578947368421,0.42105263157894735,1.6666666666666667,2013,12,1,5.3040125377246365,-1.2947228904185986
7275,1971,3,0,33316.0,1,1,2013-10-04,34,79,1,31,4,4,12,3,2,1,4,6,0,0,0,0,0,0,3,11,0,131,7,2,0,0.375,0.25,0.5,0.125,0.2857142857142857,2013,10,0,-2.9034906776758738,0.27184797006531564
1343,1968,2,4,58554.0,1,1,2012-09-26,55,368,24,68,38,0,88,6,8,2,6,7,0,0,0,0,0,0,3,11,0,586,16,2,0,0.35294117647058826,0.47058823529411764,0.35294117647058826,0.11764705882352941,1.0,2012,9,0,-0.5771286660612681,3.7205213032383337
1384,1992,0,4,17256.0,1,0,2013-11-23,10,6,4,14,8,8,22,2,2,1,2,8,1,0,0,0,0,0,3,11,0,62,5,1,1,0.3333333333333333,0.3333333333333333,0.3333333333333333,0.16666666666666666,0.2222222222222222,2013,11,0,-2.677331855289486,-0.5047246996473504
9967,1974,2,1,53034.0,1,1,2013-05-30,30,160,15,196,15,11,50,8,6,1,7,8,0,0,0,0,0,0,3,11,0,447,14,2,0,0.5333333333333333,0.4,0.4666666666666667,0.06666666666666667,0.6666666666666666,2013,5,0,-1.6481949367998867,2.7621588490818327
6181,1950,1,4,52203.0,0,0,2012-07-31,36,488,21,238,56,108,28,1,8,7,11,6,0,0,0,0,0,0,3,11,0,939,26,0,0,0.037037037037037035,0.2962962962962963,0.4074074074074074,0.25925925925925924,1.1428571428571428,2012,7,1,2.9438454657182413,0.38494225956606926
10507,1977,1,1,59601.0,0,1,2013-07-25,14,691,7,69,0,7,23,4,2,2,7,8,0,1,0,0,0,0,3,11,0,797,11,1,1,0.3333333333333333,0.16666666666666666,0.5833333333333334,0.16666666666666666,0.2222222222222222,2013,7,0,-0.3774523145788466,-0.03556552681162286
2674,1958,3,0,75154.0,0,1,2012-09-04,79,543,10,205,160,143,82,1,6,3,6,3,0,0,0,0,0,0,3,11,1,1143,15,1,0,0.0625,0.375,0.375,0.1875,1.5,2012,9,1,2.8649641263449612,1.036483135908036
2698,1976,2,0,47025.0,0,1,2013-11-07,52,254,7,108,20,0,26,3,6,3,5,6,0,0,0,0,0,0,3,11,0,415,14,1,0,0.2,0.4,0.3333333333333333,0.2,0.8571428571428571,2013,11,0,-0.46662450003540773,1.4463191128069064
3231,1973,2,4,37971.0,1,0,2013-11-25,97,5,4,10,2,2,7,1,1,0,3,8,0,0,0,0,0,0,3,11,0,30,4,1,0,0.2,0.2,0.6,0.0,0.1111111111111111,2013,11,0,-3.488351002753287,-1.658604440502914
4096,1968,3,1,41335.0,1,0,2013-12-26,24,112,19,21,16,14,5,3,4,1,4,7,0,0,0,0,0,0,3,11,0,187,9,1,0,0.3,0.4,0.4,0.1,0.5,2013,12,0,-2.041170067278573,0.5803254917190729
10476,1958,2,4,67267.0,0,1,2014-05-13,0,134,11,59,15,2,30,1,3,2,5,2,0,0,0,0,0,0,3,11,0,251,10,1,0,0.09090909090909091,0.2727272727272727,0.45454545454545453,0.18181818181818182,1.0,2014,5,0,-0.6499435070369625,-0.8219313916721303
5948,1975,2,0,57338.0,0,1,2014-04-29,96,143,6,52,11,8,17,2,4,1,5,5,0,0,0,0,0,0,3,11,0,237,10,1,0,0.18181818181818182,0.36363636363636365,0.45454545454545453,0.09090909090909091,0.6666666666666666,2014,4,0,-1.4173996279375711,-0.1260246322376593
9140,1960,1,4,50523.0,1,1,2013-12-25,89,51,4,24,4,7,1,2,2,0,4,6,0,0,0,0,0,0,3,11,0,91,6,2,0,0.2857142857142857,0.2857142857142857,0.5714285714285714,0.0,0.2857142857142857,2013,12,0,-3.2174622861585718,-0.007349668936321526
10258,1965,3,0,35791.0,2,1,2013-05-06,94,27,0,5,0,0,3,2,1,0,3,8,0,0,0,0,0,0,3,11,0,35,4,3,0,0.4,0.2,0.6,0.0,0.1111111111111111,2013,5,0,-4.539537928928664,0.012136241330285385
5675,1960,4,1,50611.0,0,1,2012-10-04,98,459,0,24,6,0,4,6,4,5,7,6,0,1,0,0,0,0,3,11,0,493,16,1,1,0.35294117647058826,0.23529411764705882,0.4117647058823529,0.29411764705882354,0.5714285714285714,2012,10,0,0.43264777527898396,2.0346630642098718
4743,1969,4,4,56242.0,0,1,2013-03-03,72,689,8,167,11,8,88,5,8,4,11,6,0,0,0,0,0,0,3,11,0,971,23,1,0,0.20833333333333334,0.3333333333333333,0.4583333333333333,0.16666666666666666,1.1428571428571428,2013,3,1,1.4010199099172231,2.3774313201191037
8805,1960,2,0,48904.0,0,1,2012-12-02,1,283,10,38,0,13,27,4,7,2,4,8,0,0,0,0,0,0,3,11,0,371,13,1,0,0.2857142857142857,0.5,0.2857142857142857,0.14285714285714285,0.7777777777777778,2012,12,0,-0.8446875329224784,2.9876400271507157
1542,1975,2,0,56243.0,1,2,2013-12-30,26,347,0,35,4,3,7,6,4,2,8,5,0,0,0,0,0,0,3,11,0,396,14,3,0,0.4,0.26666666666666666,0.5333333333333333,0.13333333333333333,0.6666666666666666,2013,12,0,-1.9187799247830521,2.277055500610721
6770,1985,2,4,21355.0,1,0,2013-08-20,5,5,13,14,0,5,31,2,2,1,2,6,1,0,0,0,0,0,3,11,1,68,5,1,1,0.3333333333333333,0.3333333333333333,0.3333333333333333,0.16666666666666666,0.2857142857142857,2013,8,0,-2.1004264131175,-0.32697823922228114
8773,1971,3,4,57420.0,0,1,2013-06-25,22,280,0,18,0,0,24,3,5,1,6,7,0,1,0,0,0,0,3,11,0,322,12,1,1,0.23076923076923078,0.38461538461538464,0.46153846153846156,0.07692307692307693,0.625,2013,6,0,-0.794734040216508,1.4154762190202597
10420,1955,3,1,46390.0,0,1,2014-05-05,56,95,14,64,2,9,38,1,4,2,3,7,0,0,0,0,0,0,3,11,0,222,9,1,0,0.1,0.4,0.3,0.2,0.5,2014,5,0,-1.2694162266805216,0.6716498704060858
7514,1956,1,4,54342.0,1,1,2013-07-03,74,84,10,34,11,10,28,4,3,1,4,6,0,0,0,0,0,0,3,11,0,177,8,2,0,0.4444444444444444,0.3333333333333333,0.4444444444444444,0.1111111111111111,0.42857142857142855,2013,7,0,-2.414540215606957,1.0799881783304517
793,1973,2,4,20895.0,1,0,2012-10-06,24,18,3,17,3,0,4,1,2,0,3,9,0,0,0,0,0,0,3,11,0,45,5,1,0,0.16666666666666666,0.3333333333333333,0.5,0.0,0.2,2012,10,0,-3.4764900330844926,-0.42786415606105527
10909,1948,2,4,92344.0,0,0,2014-01-15,9,992,24,694,51,19,119,0,5,10,5,1,1,0,1,0,0,0,3,11,0,1899,20,0,2,0.0,0.23809523809523808,0.23809523809523808,0.47619047619047616,2.5,2014,1,1,6.422251768456693,-1.127252173516702
8702,1976,1,4,26907.0,1,1,2013-08-20,10,9,1,7,0,3,2,2,1,0,3,7,0,0,0,0,0,0,3,11,0,22,4,2,0,0.4,0.2,0.6,0.0,0.125,2013,8,0,-3.9999686584132945,-0.7679394969771145
4791,1980,2,4,44964.0,1,1,2012-12-16,35,19,1,17,2,0,2,1,1,0,3,8,0,0,0,0,0,0,3,11,0,41,4,2,0,0.2,0.2,0.6,0.0,0.1111111111111111,2012,12,0,-3.776448256189052,-0.496949145959139
2963,1979,2,4,75507.0,0,0,2014-05-02,56,709,93,374,104,80,80,1,8,6,6,3,0,0,0,0,0,0,3,11,0,1440,20,0,0,0.047619047619047616,0.38095238095238093,0.2857142857142857,0.2857142857142857,2.0,2014,5,1,4.084793760357404,-0.2773930441793278
8216,1972,3,4,53761.0,1,1,2013-10-11,7,158,0,76,13,7,71,6,4,4,3,5,0,0,0,0,0,0,3,11,0,325,11,2,0,0.5,0.3333333333333333,0.25,0.3333333333333333,0.6666666666666666,2013,10,0,-1.0847283428420775,2.267800988309392
8140,1973,2,4,22682.0,1,0,2013-10-03,51,10,14,29,4,2,36,3,2,1,4,4,0,0,0,0,0,0,3,11,0,95,7,1,0,0.375,0.25,0.5,0.125,0.4,2013,10,0,-2.4397369956381496,-0.9619236368552537
10146,1972,4,4,38887.0,1,0,2014-03-02,17,25,1,13,0,0,3,1,1,0,3,7,0,0,0,0,0,0,3,11,0,42,4,1,0,0.2,0.2,0.6,0.0,0.125,2014,3,0,-3.4296623526085157,-1.9859590277795192
5289,1975,1,0,41658.0,1,1,2012-11-09,30,8,4,12,15,4,29,2,1,1,2,4,0,0,0,0,0,0,3,11,0,72,4,2,0,0.4,0.2,0.4,0.2,0.2,2012,11,0,-2.7566984627861086,-0.3370955206965514
2587,1972,4,4,29791.0,1,0,2014-05-15,21,14,0,6,0,0,0,2,2,0,3,5,0,0,0,0,0,0,3,11,0,20,5,1,0,0.3333333333333333,0.3333333333333333,0.5,0.0,0.3333333333333333,2014,5,0,-3.2072708226945537,-0.9971957680139767
4405,1956,3,4,63915.0,0,2,2013-07-30,2,622,7,115,30,0,15,2,6,3,12,5,0,0,0,0,0,0,3,11,0,789,21,2,0,0.09090909090909091,0.2727272727272727,0.5454545454545454,0.13636363636363635,1.0,2013,7,0,0.4894718711471269,1.8004862108788287
8663,1974,2,1,39996.0,1,1,2014-05-22,85,11,0,3,0,0,1,1,1,0,2,6,0,0,0,0,0,0,3,11,0,15,3,2,0,0.25,0.25,0.5,0.0,0.14285714285714285,2014,5,0,-3.8036180224956504,-0.9659363063844358
2589,1972,2,1,26759.0,1,0,2014-02-07,65,25,3,16,8,5,2,2,2,1,3,6,0,0,0,0,0,0,3,11,0,59,6,1,0,0.2857142857142857,0.2857142857142857,0.42857142857142855,0.14285714285714285,0.2857142857142857,2014,2,0,-2.776157770637933,-1.259794689898518
3421,1968,3,1,63841.0,0,1,2013-04-21,64,635,15,100,20,7,131,1,9,3,9,6,0,0,0,0,0,0,3,11,0,908,21,1,0,0.045454545454545456,0.4090909090909091,0.4090909090909091,0.13636363636363635,1.2857142857142858,2013,4,1,1.4131455220988116,1.9388754915256958
10490,1969,4,4,51039.0,1,1,2012-12-10,11,100,64,79,65,0,109,2,6,2,4,7,0,0,0,0,0,0,3,11,0,417,12,2,0,0.15384615384615385,0.46153846153846156,0.3076923076923077,0.15384615384615385,0.75,2012,12,0,-0.7346137533169288,2.560272875420805
4094,1961,2,4,60544.0,1,1,2012-08-25,92,201,2,43,3,5,35,4,5,1,5,6,0,0,0,0,0,0,3,11,0,289,11,2,0,0.3333333333333333,0.4166666666666667,0.4166666666666667,0.08333333333333333,0.7142857142857143,2012,8,0,-1.85595872692552,2.258553999232466
9958,1972,2,4,65685.0,0,1,2014-03-29,54,642,14,49,0,7,57,1,9,2,9,5,0,0,0,0,0,0,3,11,0,769,20,1,0,0.047619047619047616,0.42857142857142855,0.42857142857142855,0.09523809523809523,1.5,2014,3,1,0.7771722133105077,1.3858514276541078
2534,1953,2,4,37716.0,0,1,2014-04-21,4,97,1,41,6,2,41,2,4,1,3,7,0,0,0,0,0,0,3,11,0,188,8,1,0,0.2222222222222222,0.4444444444444444,0.3333333333333333,0.1111111111111111,0.5,2014,4,0,-1.8751148866322864,0.9579024250715665
4188,1957,2,0,36864.0,0,1,2012-08-13,53,204,5,39,17,0,89,3,5,2,4,8,0,0,0,0,0,0,3,11,1,354,11,1,0,0.25,0.4166666666666667,0.3333333333333333,0.16666666666666666,0.5555555555555556,2012,8,0,-0.7892949872878144,2.1650139442807994
6613,1970,3,4,44511.0,1,0,2012-10-12,39,513,7,133,46,14,14,6,8,4,8,8,0,0,0,0,0,0,3,11,0,727,20,1,0,0.2857142857142857,0.38095238095238093,0.38095238095238093,0.19047619047619047,0.8888888888888888,2012,10,0,0.1787625975270067,2.5389045407968935
10827,1967,4,4,36947.0,1,1,2012-08-07,49,88,3,21,4,1,29,4,3,0,4,9,0,0,0,0,0,0,3,11,0,146,7,2,0,0.5,0.375,0.5,0.0,0.3,2012,8,0,-3.2984203091312474,1.9273417052985167
5491,1951,3,4,47352.0,0,1,2013-04-11,70,172,12,112,8,0,15,4,6,1,5,7,0,0,0,0,0,0,3,11,0,319,12,1,0,0.3076923076923077,0.46153846153846156,0.38461538461538464,0.07692307692307693,0.75,2013,4,0,-1.2284375256957165,2.1081488518866767
8402,1953,3,4,67087.0,0,1,2013-12-17,40,329,35,222,130,35,43,2,7,5,8,4,0,0,0,0,0,0,3,11,0,794,20,1,0,0.09523809523809523,0.3333333333333333,0.38095238095238093,0.23809523809523808,1.4,2013,12,1,2.0552329758549757,1.2463242173613602
8783,1950,2,4,57045.0,0,1,2012-09-08,40,296,13,104,11,13,17,3,4,2,9,3,0,0,0,0,0,0,3,11,0,454,15,1,0,0.1875,0.25,0.5625,0.125,1.0,2012,9,0,-0.14821873247481776,0.4260896910741544
10010,1953,4,1,36957.0,1,1,2012-09-06,43,100,2,16,2,1,31,4,3,2,2,9,0,0,0,0,0,0,3,11,1,152,7,2,0,0.5,0.375,0.25,0.25,0.3,2012,9,0,-2.225972132917441,2.762055429482382
618,1977,4,4,69389.0,0,1,2012-09-28,17,422,7,238,69,46,15,1,7,2,12,4,0,0,0,0,0,0,3,11,0,797,21,1,0,0.045454545454545456,0.3181818181818182,0.5454545454545454,0.09090909090909091,1.4,2012,9,1,1.3548239907927566,0.7957618509544648
9121,1972,2,4,80134.0,1,0,2013-05-20,40,1218,16,272,104,0,80,2,5,3,6,6,0,1,1,1,0,0,3,11,1,1690,14,1,3,0.13333333333333333,0.3333333333333333,0.4,0.2,0.7142857142857143,2013,5,1,4.049901899296077,0.1020211841852575
361,1969,3,4,43142.0,1,1,2014-02-18,84,5,1,7,2,1,4,1,1,0,2,7,0,0,0,0,0,0,3,11,0,20,3,2,0,0.25,0.25,0.5,0.0,0.125,2014,2,0,-3.7974657525148876,-0.7209352867362049
4310,1944,2,4,80589.0,0,0,2014-01-22,25,507,93,520,242,40,26,1,5,10,5,1,0,0,0,1,0,0,3,11,1,1428,20,0,1,0.047619047619047616,0.23809523809523808,0.23809523809523808,0.47619047619047616,2.5,2014,1,1,6.273868336866324,-1.4766914063122498
2678,1990,2,0,34412.0,1,0,2013-02-13,62,52,12,50,4,36,55,3,5,0,3,9,0,0,0,0,0,0,3,11,0,209,8,1,0,0.3333333333333333,0.5555555555555556,0.3333333333333333,0.0,0.5,2013,2,0,-2.4702759242454593,1.0896246013907336
6376,1979,2,0,57537.0,1,0,2013-06-10,83,191,56,139,51,8,100,4,4,3,8,4,0,0,0,0,0,0,3,11,0,545,15,1,0,0.25,0.25,0.5,0.1875,0.8,2013,6,0,0.10712888420672462,-0.4482867366595462
524,1966,0,4,22634.0,0,0,2013-01-16,47,2,23,11,8,6,46,1,2,1,2,8,0,0,0,0,0,0,3,11,0,96,5,0,0,0.16666666666666666,0.3333333333333333,0.3333333333333333,0.16666666666666666,0.2222222222222222,2013,1,0,-2.0272700179410816,-1.1869155675772733
10341,1948,2,4,51315.0,0,0,2014-02-23,45,68,28,39,16,30,41,1,2,2,5,2,0,0,0,0,0,0,3,11,0,222,9,0,0,0.1,0.2,0.5,0.2,0.6666666666666666,2014,2,0,-0.4142285865094945,-2.394946225634276
5654,1972,2,4,36026.0,2,1,2014-03-16,34,20,4,10,6,4,17,2,2,0,3,6,0,0,0,0,0,0,3,11,0,61,5,3,0,0.3333333333333333,0.3333333333333333,0.5,0.0,0.2857142857142857,2014,3,0,-4.133128787575163,0.25050625461957576
4098,1973,2,4,24639.0,1,1,2014-01-28,3,20,3,16,0,4,1,3,2,0,4,6,0,0,0,0,0,0,3,11,0,44,6,2,0,0.42857142857142855,0.2857142857142857,0.5714285714285714,0.0,0.2857142857142857,2014,1,0,-3.6841941214880487,-0.3460815332230818
5824,1972,4,4,34578.0,2,1,2014-04-11,1,7,0,1,0,0,0,1,1,0,2,6,0,0,0,0,0,0,3,11,0,8,3,3,0,0.25,0.25,0.5,0.0,0.14285714285714285,2014,4,0,-4.460066672051507,-0.28223672096264246
7000,1972,1,0,65704.0,0,0,2013-10-13,18,279,172,74,38,8,246,1,2,10,10,1,0,0,0,0,0,0,3,11,0,817,22,0,0,0.043478260869565216,0.08695652173913043,0.43478260869565216,0.43478260869565216,1.0,2013,10,1,3.853803112639729,-2.207023098427109
2561,1966,2,0,63810.0,0,1,2012-11-11,45,977,12,253,16,12,101,4,4,3,12,8,0,1,0,0,0,0,3,11,0,1371,19,1,1,0.2,0.2,0.6,0.15,0.4444444444444444,2012,11,1,1.775963700360294,1.3186854534340706
5229,1969,4,4,54132.0,0,1,2014-02-16,81,30,1,8,0,0,3,1,1,0,3,7,0,0,0,0,0,0,3,11,0,42,4,1,0,0.2,0.2,0.6,0.0,0.125,2014,2,0,-2.9896756157609903,-1.4297827708520163
4086,1959,2,4,18690.0,0,0,2012-12-28,77,6,1,7,23,4,19,1,1,1,2,8,0,0,0,0,0,0,3,11,0,60,4,0,0,0.2,0.2,0.4,0.2,0.1111111111111111,2012,12,0,-2.211945424967117,-1.2133924330425292
2428,1970,2,4,28164.0,1,0,2013-05-04,23,3,18,26,11,8,12,3,2,0,4,7,0,0,0,0,0,0,3,11,0,78,6,1,0,0.42857142857142855,0.2857142857142857,0.5714285714285714,0.0,0.25,2013,5,0,-3.133020300691194,-0.8527533639359058
8254,1974,4,4,34596.0,1,0,2013-04-13,48,14,0,2,0,0,7,1,1,0,2,8,0,0,0,0,0,0,3,11,0,23,3,1,0,0.25,0.25,0.5,0.0,0.1111111111111111,2013,4,0,-3.5605561263509666,-1.209756840009115
2836,1972,4,4,43269.0,1,0,2013-09-16,61,10,1,7,0,0,1,1,1,0,2,8,0,0,0,0,0,0,3,11,0,19,3,1,0,0.25,0.25,0.5,0.0,0.1111111111111111,2013,9,0,-3.477892390361715,-1.0804416643795365
8418,1958,1,0,38741.0,1,1,2014-03-30,60,7,10,17,8,6,13,2,2,0,3,7,0,0,0,0,0,0,3,11,0,61,5,2,0,0.3333333333333333,0.3333333333333333,0.5,0.0,0.25,2014,3,0,-3.486894347571753,-0.11186489103094038
1362,1972,2,0,31907.0,0,0,2013-03-04,75,33,87,64,175,16,74,1,6,1,6,7,0,0,0,0,0,0,3,11,0,449,13,0,0,0.07142857142857142,0.42857142857142855,0.42857142857142855,0.07142857142857142,0.75,2013,3,0,0.2819912212809518,-0.5310152943605574
7152,1983,3,4,27100.0,1,0,2013-04-05,64,12,0,13,2,0,10,1,1,0,3,7,0,0,0,0,0,0,3,11,0,37,4,1,0,0.2,0.2,0.6,0.0,0.125,2013,4,0,-3.5400516116666187,-1.9311047860875101
10033,1973,1,1,31163.0,1,0,2014-02-13,54,2,3,10,11,2,10,1,1,0,3,6,0,0,0,0,0,0,3,11,0,38,4,1,0,0.2,0.2,0.6,0.0,0.14285714285714285,2014,2,0,-3.425504859702969,-2.513747608108858
9349,1985,2,4,92533.0,0,0,2013-12-19,84,693,21,118,110,147,42,1,6,5,11,2,0,0,1,1,0,0,3,11,0,1131,22,0,2,0.043478260869565216,0.2608695652173913,0.4782608695652174,0.21739130434782608,2.0,2013,12,1,5.308902124532789,-1.650111593742706
274,1973,2,0,34853.0,1,1,2013-12-23,75,9,3,15,2,3,2,2,2,0,3,6,0,0,0,0,0,0,3,11,0,34,5,2,0,0.3333333333333333,0.3333333333333333,0.5,0.0,0.2857142857142857,2013,12,0,-3.5263373987659428,0.1968349331363037
3388,1967,2,1,70844.0,1,1,2013-10-30,16,129,26,67,3,67,2,5,6,1,5,7,0,0,0,0,0,0,3,11,0,294,12,2,0,0.38461538461538464,0.46153846153846156,0.38461538461538464,0.07692307692307693,0.75,2013,10,0,-1.5049440905427909,2.4172485398255694
922,1979,1,4,31086.0,1,1,2013-05-04,79,16,2,11,3,0,16,2,1,1,2,8,1,0,0,0,0,0,3,11,0,48,4,2,1,0.4,0.2,0.4,0.2,0.1111111111111111,2013,5,0,-3.053285046710813,-0.20741783683869058
8588,1961,2,4,60544.0,1,1,2012-08-25,92,201,2,43,3,5,35,4,5,1,5,6,0,0,0,0,0,0,3,11,0,289,11,2,0,0.3333333333333333,0.4166666666666667,0.4166666666666667,0.08333333333333333,0.7142857142857143,2012,8,0,-1.85595872692552,2.258553999232466
2518,1986,1,4,20491.0,0,0,2013-01-25,16,5,4,5,4,2,10,1,0,1,2,7,0,0,0,0,0,0,3,11,0,30,3,0,0,0.25,0.0,0.5,0.25,0.0,2013,1,0,-2.5398168637325016,-3.419972932436295
574,1964,2,4,42523.0,0,0,2014-04-23,96,14,36,11,3,26,35,1,1,1,4,2,0,0,0,0,0,0,3,11,0,125,6,0,0,0.14285714285714285,0.14285714285714285,0.5714285714285714,0.14285714285714285,0.3333333333333333,2014,4,0,-1.3122068386090124,-3.1822128382540114
3220,1983,2,4,39922.0,1,0,2013-02-14,30,29,12,59,19,1,36,2,3,0,4,8,0,0,0,0,0,0,3,11,0,156,7,1,0,0.25,0.375,0.5,0.0,0.3333333333333333,2013,2,0,-2.7835537886568598,-0.4952340623142297
5967,1952,2,4,33402.0,1,1,2013-07-18,60,26,2,19,10,5,8,3,2,1,3,8,0,0,0,0,0,0,3,11,0,70,6,2,0,0.42857142857142855,0.2857142857142857,0.42857142857142855,0.14285714285714285,0.2222222222222222,2013,7,0,-3.1329404204053692,0.8330544729771846
1183,1949,3,4,36408.0,1,1,2013-09-21,11,9,1,4,3,2,3,1,1,0,2,6,0,0,0,0,0,0,3,11,0,22,3,2,0,0.25,0.25,0.5,0.0,0.14285714285714285,2013,9,0,-3.6421239951213544,-0.1687091680828672
6856,1979,2,4,21645.0,1,0,2012-09-03,75,14,0,23,4,5,19,3,3,0,3,9,0,0,0,0,0,0,3,11,1,65,6,1,0,0.42857142857142855,0.42857142857142855,0.42857142857142855,0.0,0.3,2012,9,0,-3.056029934553654,0.8219991971806836
4530,1948,3,2,78427.0,0,0,2012-10-24,36,972,19,595,180,26,138,3,3,7,10,3,0,0,0,1,0,0,3,11,1,1930,20,0,1,0.14285714285714285,0.14285714285714285,0.47619047619047616,0.3333333333333333,0.75,2012,10,1,5.565488561400919,-0.7883731823602416
1553,1946,2,4,82657.0,0,0,2013-09-27,71,966,168,672,246,105,126,1,7,5,10,4,0,1,0,1,0,0,3,11,0,2283,22,0,2,0.043478260869565216,0.30434782608695654,0.43478260869565216,0.21739130434782608,1.4,2013,9,1,7.5714723417871825,-0.5436194214518645
4682,1958,2,4,51876.0,0,0,2013-10-15,88,99,27,102,28,48,6,1,2,2,8,1,0,0,0,0,0,0,3,11,0,310,12,0,0,0.07692307692307693,0.15384615384615385,0.6153846153846154,0.15384615384615385,1.0,2013,10,0,0.0645848273962165,-2.5741005615666346
8204,1971,1,4,78041.0,0,0,2012-12-16,93,482,35,553,72,160,17,1,4,4,9,2,0,0,0,0,0,0,3,11,0,1319,17,0,0,0.05555555555555555,0.2222222222222222,0.5,0.2222222222222222,1.3333333333333333,2012,12,1,3.208391405420694,-1.6983737992359338
5221,1957,2,4,52852.0,0,1,2012-12-01,93,714,8,99,11,0,47,4,10,7,5,8,1,0,0,0,0,0,3,11,0,879,22,1,1,0.17391304347826086,0.43478260869565216,0.21739130434782608,0.30434782608695654,1.1111111111111112,2012,12,1,1.7760591894383408,3.940343619309109
1232,1982,4,4,70038.0,0,0,2013-10-25,54,587,54,348,71,54,130,1,4,4,8,2,0,0,0,0,0,0,3,11,0,1244,16,0,0,0.058823529411764705,0.23529411764705882,0.47058823529411764,0.23529411764705882,1.3333333333333333,2013,10,1,2.8225216280116174,-1.286252342004848
1927,1973,1,4,69401.0,0,1,2014-03-23,41,399,27,159,58,8,39,4,4,4,5,2,0,0,0,0,0,0,3,11,0,690,13,1,0,0.2857142857142857,0.2857142857142857,0.35714285714285715,0.2857142857142857,1.3333333333333333,2014,3,1,0.7628436978932258,0.011826474065330427
5788,1972,2,4,46053.0,1,0,2013-02-17,46,56,10,92,19,7,25,3,3,2,4,5,0,0,0,0,0,0,3,11,0,209,9,1,0,0.3,0.3,0.4,0.2,0.5,2013,2,0,-1.6327001455002392,-0.4836052475184926
6652,1965,2,4,77343.0,0,0,2014-06-09,28,227,151,573,98,54,31,1,3,4,9,1,0,0,0,0,0,0,3,11,0,1134,16,0,0,0.058823529411764705,0.17647058823529413,0.5294117647058824,0.23529411764705882,1.5,2014,6,1,3.1123090646698897,-2.862822353800321
6246,1953,2,0,73892.0,0,0,2013-11-13,40,703,102,601,0,58,43,1,3,11,8,1,0,0,0,0,0,0,3,11,1,1507,22,0,0,0.043478260869565216,0.13043478260869565,0.34782608695652173,0.4782608695652174,1.5,2013,11,1,4.892495452928565,-1.463919175374175
5975,1967,4,0,40304.0,1,0,2013-09-30,82,37,0,17,0,0,3,1,2,0,3,7,0,0,0,0,0,0,3,11,0,57,5,1,0,0.16666666666666666,0.3333333333333333,0.5,0.0,0.25,2013,9,0,-3.097538927481497,-0.6703198782432881
6875,1965,4,4,32727.0,0,0,2012-08-28,38,167,13,180,86,13,70,2,7,3,5,8,0,0,0,0,0,0,3,11,0,529,15,0,0,0.125,0.4375,0.3125,0.1875,0.7777777777777778,2012,8,0,0.4034038559396029,1.2999181427185869
4399,1969,2,4,68695.0,0,0,2014-06-25,3,458,81,356,106,50,40,1,4,4,7,2,0,0,0,0,0,0,3,11,0,1091,15,0,0,0.0625,0.25,0.4375,0.25,1.3333333333333333,2014,6,1,2.479938800239293,-1.9411274700504555
4042,1971,2,1,43300.0,0,1,2012-10-13,87,91,3,52,2,1,31,3,4,0,4,8,0,0,0,0,0,0,3,11,1,180,8,1,0,0.3333333333333333,0.4444444444444444,0.4444444444444444,0.0,0.4444444444444444,2012,10,0,-2.0268867400043056,1.5853501052596097
2157,1972,2,4,26290.0,1,1,2013-01-12,49,15,8,16,11,5,22,4,2,0,4,6,0,0,0,0,0,0,3,11,0,77,6,2,0,0.5714285714285714,0.2857142857142857,0.5714285714285714,0.0,0.2857142857142857,2013,1,0,-3.5065921272113414,0.18654480478994293
10133,1970,2,0,93790.0,0,0,2014-02-12,16,1302,68,731,89,114,45,0,6,7,12,2,0,1,1,1,0,0,3,11,1,2349,25,0,3,0.0,0.23076923076923078,0.46153846153846156,0.2692307692307692,2.0,2014,2,1,8.408760613968381,-1.8975340015923057
2525,1974,4,4,38410.0,0,0,2012-09-14,65,153,64,123,116,64,14,2,5,2,9,6,0,0,0,0,0,0,3,11,1,534,16,0,0,0.11764705882352941,0.29411764705882354,0.5294117647058824,0.11764705882352941,0.7142857142857143,2012,9,1,0.9771433579382407,-0.4207264998641978
8233,1950,3,2,64866.0,0,1,2014-01-26,9,508,5,21,7,5,10,4,7,3,7,5,0,1,0,0,0,0,3,11,0,556,17,1,1,0.2222222222222222,0.3888888888888889,0.3888888888888889,0.16666666666666666,1.1666666666666667,2014,1,1,0.705028647845433,1.940738931645276
9483,1959,2,4,57957.0,0,1,2013-08-19,24,290,59,177,77,5,29,7,4,6,8,3,0,0,0,0,0,1,3,11,0,637,18,1,0,0.3684210526315789,0.21052631578947367,0.42105263157894735,0.3157894736842105,1.0,2013,8,1,1.1096339301806348,0.9685853112844929
2945,1955,4,4,46015.0,1,1,2014-04-13,25,38,0,2,0,0,6,1,1,0,3,7,1,0,0,0,1,0,3,11,0,46,4,2,2,0.2,0.2,0.6,0.0,0.125,2014,4,0,-2.6220368788602086,-0.7588138514650138
10403,1978,2,4,16531.0,1,0,2014-06-18,43,2,13,6,7,5,11,3,3,0,3,7,0,0,0,0,0,0,3,11,0,44,6,1,0,0.42857142857142855,0.42857142857142855,0.42857142857142855,0.0,0.375,2014,6,0,-3.26643266987584,-0.15255231317564558
5074,1986,3,4,28072.0,1,0,2013-07-08,10,30,0,10,2,0,5,1,1,0,3,7,0,0,0,0,0,0,3,11,0,47,4,1,0,0.2,0.2,0.6,0.0,0.125,2013,7,0,-3.5411595554034494,-1.903203695690823
10524,1963,3,1,49476.0,0,1,2013-06-20,29,386,23,95,54,41,196,4,2,11,5,2,0,0,0,0,0,0,3,11,0,795,18,1,0,0.21052631578947367,0.10526315789473684,0.2631578947368421,0.5789473684210527,0.6666666666666666,2013,6,1,2.586223780556438,0.16428896453556074
4690,1953,2,4,50725.0,0,1,2013-02-13,45,443,10,75,0,10,48,4,8,1,8,8,0,0,0,0,0,0,3,11,0,586,17,1,0,0.2222222222222222,0.4444444444444444,0.4444444444444444,0.05555555555555555,0.8888888888888888,2013,2,0,-0.41238535031675544,2.4498852032250262
7521,1952,2,4,83844.0,0,0,2013-05-12,57,901,31,345,75,31,191,1,4,4,11,1,0,0,1,0,0,0,3,11,0,1574,19,0,1,0.05,0.2,0.55,0.2,2.0,2013,5,1,4.650330046518447,-1.5249693030681364
7196,1950,4,4,41145.0,1,1,2014-02-08,20,9,0,3,0,0,1,1,0,0,3,3,0,0,0,0,0,0,3,11,0,13,3,2,0,0.25,0.0,0.75,0.0,0.0,2014,2,0,-3.6671270614173515,-2.477533919388633
4406,1970,2,4,67419.0,0,1,2013-01-16,29,846,84,352,91,56,42,4,9,4,8,5,0,0,0,0,0,0,3,11,0,1471,21,1,0,0.18181818181818182,0.4090909090909091,0.36363636363636365,0.18181818181818182,1.5,2013,1,1,2.889492707370575,1.936109250811353
9672,1970,1,4,23162.0,1,1,2013-12-21,82,8,3,9,19,4,22,3,1,1,3,6,0,0,0,0,0,0,3,11,0,65,5,2,0,0.5,0.16666666666666666,0.5,0.16666666666666666,0.14285714285714285,2013,12,0,-3.2321220946839686,-0.346450525918975
4864,1977,2,4,34380.0,1,0,2013-05-02,68,72,7,58,13,1,24,4,4,1,3,8,0,0,0,0,0,0,3,11,0,175,8,1,0,0.4444444444444444,0.4444444444444444,0.3333333333333333,0.1111111111111111,0.4444444444444444,2013,5,0,-2.4202516067327866,0.9308814803094662
4706,1966,2,0,34704.0,0,1,2013-04-27,65,29,0,5,0,1,5,1,1,0,3,5,0,0,0,0,0,0,3,11,0,40,4,1,0,0.2,0.2,0.6,0.0,0.16666666666666666,2013,4,0,-2.9803462125876674,-1.5732066500019977
4070,1969,4,4,94871.0,0,2,2012-09-01,99,169,24,553,188,0,144,1,8,5,4,7,0,1,1,0,0,0,3,11,1,1078,17,2,2,0.05555555555555555,0.4444444444444444,0.2222222222222222,0.2777777777777778,1.0,2012,9,1,3.9389905447151534,3.1533883270485337
25,1958,2,4,65148.0,0,1,2012-11-16,9,460,35,422,33,12,153,2,6,6,7,4,0,0,0,0,0,0,3,11,0,1115,19,1,0,0.1,0.3,0.35,0.3,1.2,2012,11,1,2.4204653950514,1.429096098845773
3697,1954,2,4,39898.0,0,1,2013-02-12,20,69,8,26,12,7,12,2,3,0,4,7,0,0,0,0,0,0,3,11,0,134,7,1,0,0.25,0.375,0.5,0.0,0.375,2013,2,0,-2.417374050038637,0.27199852496340426
217,1956,3,0,64857.0,0,0,2012-11-23,78,556,14,717,210,0,43,1,7,5,10,4,0,0,0,0,0,0,3,11,0,1540,22,0,0,0.043478260869565216,0.30434782608695654,0.43478260869565216,0.21739130434782608,1.4,2012,11,1,3.716719784901405,-0.08124993118726791
4220,1970,4,4,59892.0,0,1,2013-11-02,26,73,0,13,0,1,0,1,2,1,3,3,0,0,0,0,0,0,3,11,0,87,6,1,0,0.14285714285714285,0.2857142857142857,0.42857142857142855,0.14285714285714285,0.5,2013,11,0,-1.7632690656599521,-0.46095826961483577
5286,1987,3,0,41020.0,0,0,2013-10-28,68,112,1,54,7,7,36,1,3,2,4,3,0,0,0,0,0,0,3,11,0,217,9,0,0,0.1,0.3,0.4,0.2,0.75,2013,10,0,-0.7937585172547558,-1.4131937574818476
9559,1961,4,4,57072.0,0,1,2014-01-24,79,944,0,60,0,0,30,2,7,5,13,5,1,0,0,0,0,0,3,11,0,1034,25,1,1,0.07692307692307693,0.2692307692307692,0.5,0.19230769230769232,1.1666666666666667,2014,1,1,1.9421396950272358,1.167269046652345
2849,1979,2,0,60474.0,0,1,2013-04-01,25,265,199,303,234,9,170,7,10,2,12,7,0,0,0,0,0,0,3,11,0,1180,24,1,0,0.28,0.4,0.48,0.08,1.25,2013,4,1,3.199786994164803,2.2899876102012784
7787,1960,2,4,62807.0,0,1,2012-08-31,83,526,28,135,10,21,99,3,5,3,12,5,0,0,0,0,0,0,3,11,0,819,20,1,0,0.14285714285714285,0.23809523809523808,0.5714285714285714,0.14285714285714285,0.8333333333333334,2012,8,1,1.0466289354725107,0.8947840631364364
3102,1981,1,4,19414.0,1,0,2013-10-16,32,2,3,12,3,5,7,1,1,0,3,8,0,0,0,0,0,0,3,11,0,32,4,1,0,0.2,0.2,0.6,0.0,0.1111111111111111,2013,10,0,-3.7033279014099283,-1.9035599346282124
5868,1980,2,4,19107.0,1,0,2013-08-22,49,2,4,9,10,5,16,2,1,0,3,7,0,0,0,0,0,0,3,11,0,46,4,1,0,0.4,0.2,0.6,0.0,0.125,2013,8,0,-3.585951409002869,-1.6706966200317908
8370,1976,1,4,75484.0,0,1,2012-08-02,50,378,97,259,197,194,34,2,7,3,6,4,0,0,0,0,0,0,3,11,0,1159,16,1,0,0.11764705882352941,0.4117647058823529,0.35294117647058826,0.17647058823529413,1.4,2012,8,1,3.070319792036298,0.6875618897011095
9988,1976,3,0,70379.0,0,1,2013-03-03,84,553,25,142,65,67,8,3,6,3,13,4,0,0,0,0,0,0,3,11,0,860,22,1,0,0.13043478260869565,0.2608695652173913,0.5652173913043478,0.13043478260869565,1.2,2013,3,1,1.568744262550344,0.29135354660549817
2939,1970,3,4,79419.0,0,0,2014-06-22,96,751,127,687,20,15,31,1,4,6,4,2,0,0,0,0,0,0,3,11,0,1631,14,0,0,0.06666666666666667,0.26666666666666666,0.26666666666666666,0.4,1.3333333333333333,2014,6,1,3.540392636464906,-1.3773105617383283
5529,1946,4,4,64014.0,2,1,2014-06-10,56,406,0,30,0,0,8,7,8,2,5,7,0,0,0,1,0,0,3,11,0,444,15,3,1,0.4375,0.5,0.3125,0.125,1.0,2014,6,0,-1.0522133757135381,4.161160064337065
9743,1955,2,4,76998.0,0,1,2013-01-11,85,1449,89,161,69,35,107,2,11,8,8,6,0,0,1,0,0,0,3,11,0,1910,27,1,1,0.07142857142857142,0.39285714285714285,0.2857142857142857,0.2857142857142857,1.5714285714285714,2013,1,1,5.389422217139645,2.4552087800803055
5763,1972,3,4,49854.0,1,0,2013-11-10,63,123,17,171,39,0,30,5,6,2,5,6,0,0,0,0,0,0,3,11,0,380,13,1,0,0.35714285714285715,0.42857142857142855,0.35714285714285715,0.14285714285714285,0.8571428571428571,2013,11,0,-0.9395280052494993,1.506772510268602
3478,1971,4,4,60585.0,1,1,2013-06-24,17,267,42,309,55,42,21,10,7,4,9,5,0,0,0,0,0,0,3,11,1,736,20,2,0,0.47619047619047616,0.3333333333333333,0.42857142857142855,0.19047619047619047,1.1666666666666667,2013,6,1,0.7571280121740596,3.286717278172108
7494,1950,4,1,42873.0,1,1,2013-01-21,11,209,0,40,3,2,15,4,6,1,4,8,0,0,0,0,0,0,3,11,0,269,11,2,0,0.3333333333333333,0.5,0.3333333333333333,0.08333333333333333,0.6666666666666666,2013,1,0,-2.187497147970639,2.932636682703356
1763,1988,2,4,87679.0,0,0,2013-07-27,62,1259,172,815,97,148,33,1,7,11,10,4,1,0,1,1,0,0,3,11,1,2524,28,0,3,0.034482758620689655,0.2413793103448276,0.3448275862068966,0.3793103448275862,1.4,2013,7,1,9.36780691241497,-1.2921667462598958
7250,1978,2,4,57867.0,1,0,2013-10-01,48,344,35,178,15,23,17,7,7,2,9,6,0,0,0,0,0,0,3,11,0,612,18,1,0,0.3684210526315789,0.3684210526315789,0.47368421052631576,0.10526315789473684,1.0,2013,10,0,-0.2065594109459718,1.581682098781787
2005,1990,2,4,35765.0,1,0,2013-12-11,86,22,3,30,0,5,15,2,2,0,4,6,0,0,0,0,0,0,3,11,0,75,6,1,0,0.2857142857142857,0.2857142857142857,0.5714285714285714,0.0,0.2857142857142857,2013,12,0,-3.0916000986896712,-1.2027874778476162
10770,1959,2,4,65492.0,0,0,2014-01-26,73,247,161,295,210,85,47,2,4,7,13,2,0,0,0,0,0,0,3,11,0,1045,24,0,0,0.08,0.16,0.52,0.28,1.3333333333333333,2014,1,1,4.248821425763732,-2.3729961085290725
6885,1977,2,1,32952.0,1,0,2013-12-01,36,38,0,12,3,1,1,1,2,0,3,7,0,0,0,0,0,0,3,11,0,55,5,1,0,0.16666666666666666,0.3333333333333333,0.5,0.0,0.25,2013,12,0,-3.2479267971153694,-0.9338573010204496
2072,1969,4,4,53374.0,0,1,2012-08-16,34,896,10,101,13,10,34,6,4,2,9,9,1,0,0,0,0,0,3,11,1,1064,15,1,1,0.375,0.25,0.5625,0.125,0.4,2012,8,0,0.47486886217264174,2.1108073205227513
9463,1959,2,4,71706.0,0,1,2012-11-13,16,931,56,253,91,98,14,4,9,5,7,5,0,0,0,0,0,0,3,11,0,1443,21,1,0,0.18181818181818182,0.4090909090909091,0.3181818181818182,0.22727272727272727,1.5,2012,11,1,3.0937067698458205,2.6620598844053913
6318,1988,2,4,68487.0,0,0,2013-01-13,48,758,12,385,33,89,89,1,9,7,13,4,0,0,0,0,0,0,3,11,0,1366,29,0,0,0.03333333333333333,0.3,0.43333333333333335,0.23333333333333334,1.8,2013,1,1,4.049428382719887,-0.0456333395970172
4093,1975,3,4,53253.0,1,1,2013-02-11,61,216,9,57,20,9,125,7,4,3,5,5,0,0,0,0,0,0,3,11,0,436,12,2,0,0.5384615384615384,0.3076923076923077,0.38461538461538464,0.23076923076923078,0.6666666666666666,2013,2,0,-1.0260376220197083,2.0136086693291966
5751,1973,1,1,31163.0,1,0,2014-02-13,54,2,3,10,11,2,10,1,1,0,3,6,0,0,0,0,0,0,3,11,0,38,4,1,0,0.2,0.2,0.6,0.0,0.14285714285714285,2014,2,0,-3.425504859702969,-2.513747608108858
3340,1977,2,4,42014.0,1,0,2012-08-17,56,244,15,108,4,15,50,6,7,1,6,8,0,0,0,0,0,0,3,11,1,436,14,1,0,0.4,0.4666666666666667,0.4,0.06666666666666667,0.7777777777777778,2012,8,0,-1.0252293600295581,2.4558238001724697
3594,1973,3,4,54108.0,1,1,2012-11-05,74,539,6,91,8,6,97,13,8,2,9,8,0,0,0,0,0,0,3,11,0,747,19,2,0,0.65,0.4,0.45,0.1,0.8888888888888888,2012,11,0,-0.6203964087695867,5.197566202082282
3584,1955,4,0,49667.0,0,0,2012-08-20,35,1181,26,120,17,13,39,2,5,10,5,8,1,0,0,0,0,0,3,11,1,1396,20,0,1,0.09523809523809523,0.23809523809523808,0.23809523809523808,0.47619047619047616,0.5555555555555556,2012,8,1,3.3193542833094254,1.2275174191423863
3643,1974,3,4,63206.0,0,0,2014-03-20,65,750,8,125,11,8,26,1,4,3,6,2,0,0,1,0,0,0,3,11,0,928,13,0,1,0.07142857142857142,0.2857142857142857,0.42857142857142855,0.21428571428571427,1.3333333333333333,2014,3,1,1.8395710407025763,-1.699061106018825
851,1972,3,4,57136.0,1,1,2013-07-09,48,306,5,109,21,109,92,9,5,2,10,6,0,0,0,0,0,0,3,11,0,642,17,2,0,0.5,0.2777777777777778,0.5555555555555556,0.1111111111111111,0.7142857142857143,2013,7,0,-0.3397807781665782,2.315912468914004
7706,1975,1,4,46772.0,0,1,2012-11-07,88,350,104,189,197,151,57,6,11,8,5,8,1,0,0,0,0,0,3,11,0,1048,24,1,1,0.24,0.44,0.2,0.32,1.2222222222222223,2012,11,1,3.814767977068356,3.417176691191903
3967,1971,4,4,78931.0,0,0,2013-10-25,19,331,197,170,58,152,35,1,2,8,13,1,0,0,0,0,0,0,3,11,0,943,23,0,0,0.041666666666666664,0.08333333333333333,0.5416666666666666,0.3333333333333333,1.0,2013,10,1,4.235247683894846,-2.716962120045581
10128,1958,2,4,53977.0,0,1,2013-06-08,21,620,16,165,0,24,82,5,5,5,12,5,0,0,0,0,0,0,3,11,0,907,22,1,0,0.21739130434782608,0.21739130434782608,0.5217391304347826,0.21739130434782608,0.8333333333333334,2013,6,1,1.3200035683004245,1.1391455974384173
486,1988,2,4,84219.0,0,0,2014-02-02,27,434,137,400,45,137,45,1,3,4,10,1,0,0,0,0,0,0,3,11,0,1198,17,0,0,0.05555555555555555,0.16666666666666666,0.5555555555555556,0.2222222222222222,1.5,2014,2,1,3.3236583892054896,-3.1379044182701747
9,1975,3,0,46098.0,1,1,2012-08-18,86,57,0,27,0,0,36,4,3,2,2,8,0,0,0,0,0,0,3,11,0,120,7,2,0,0.5,0.375,0.25,0.25,0.3333333333333333,2012,8,0,-2.4620822145941945,2.11298425056916
9451,1965,2,4,73538.0,0,1,2012-11-25,92,811,76,428,99,137,107,3,10,4,9,7,0,0,0,0,0,0,3,11,0,1658,23,1,0,0.125,0.4166666666666667,0.375,0.16666666666666666,1.25,2012,11,1,3.794703108946255,2.632251948884231
9264,1986,2,4,79529.0,0,0,2014-04-27,1,423,42,706,73,197,197,1,4,8,9,2,0,0,0,0,0,0,3,11,0,1638,21,0,0,0.045454545454545456,0.18181818181818182,0.4090909090909091,0.36363636363636365,1.3333333333333333,2014,4,1,5.1006912680333985,-2.15252971394928
3865,1977,1,4,20981.0,0,0,2013-04-30,14,2,12,10,6,13,30,1,3,1,2,8,0,0,0,0,0,0,3,11,1,73,6,0,0,0.14285714285714285,0.42857142857142855,0.2857142857142857,0.14285714285714285,0.3333333333333333,2013,4,0,-1.7652418601664535,-0.3818911603247106
2853,1980,2,0,51766.0,1,0,2014-03-11,74,60,51,87,6,20,51,2,4,2,4,5,0,0,0,0,0,0,3,11,0,275,10,1,0,0.18181818181818182,0.36363636363636365,0.36363636363636365,0.18181818181818182,0.6666666666666666,2014,3,0,-1.1145252674328046,-0.628795512753298
1490,1962,2,4,55759.0,0,1,2012-11-28,84,675,0,85,10,7,77,5,10,3,8,8,0,0,0,0,0,0,3,11,0,854,21,1,0,0.22727272727272727,0.45454545454545453,0.36363636363636365,0.13636363636363635,1.1111111111111112,2012,11,1,0.7860529944641963,3.802434059340356
6310,1978,2,4,33039.0,1,0,2013-09-09,4,30,8,12,8,8,12,1,2,0,4,5,0,0,0,0,0,0,3,11,0,78,6,1,0,0.14285714285714285,0.2857142857142857,0.5714285714285714,0.0,0.3333333333333333,2013,9,0,-2.8978431880085744,-1.5067485952100352
10380,1972,3,4,37787.0,1,0,2013-09-20,50,40,1,40,4,3,18,1,3,0,3,8,0,0,0,0,0,0,3,11,0,106,6,1,0,0.14285714285714285,0.42857142857142855,0.42857142857142855,0.0,0.3333333333333333,2013,9,0,-2.9333144151699178,0.02680941148634952
3887,1970,2,0,27242.0,1,0,2012-11-11,2,3,17,26,20,1,39,2,2,0,3,9,0,0,0,0,0,0,3,11,1,106,5,1,0,0.3333333333333333,0.3333333333333333,0.5,0.0,0.2,2012,11,0,-2.8918036977078465,-0.04025403806219184
4278,1983,4,0,87188.0,0,0,2013-06-03,73,910,111,724,49,74,55,1,10,2,6,3,0,0,0,0,0,0,3,11,1,1923,18,0,0,0.05263157894736842,0.5263157894736842,0.3157894736842105,0.10526315789473684,2.5,2013,6,1,4.519302251331278,1.004579611337032
8643,1971,2,4,69930.0,0,0,2013-05-26,21,252,98,827,219,70,196,1,4,5,12,3,0,0,0,0,0,0,3,11,0,1662,21,0,0,0.045454545454545456,0.18181818181818182,0.5454545454545454,0.22727272727272727,1.0,2013,5,1,4.732538348409783,-2.154224307073225
1998,1976,2,0,37697.0,1,0,2014-02-07,82,34,6,21,11,4,8,1,2,1,3,6,0,0,0,0,0,0,3,11,0,84,6,1,0,0.14285714285714285,0.2857142857142857,0.42857142857142855,0.14285714285714285,0.2857142857142857,2014,2,0,-2.573707882081888,-1.5592892918537282
10795,1973,4,4,37401.0,1,0,2014-05-06,14,19,3,19,3,1,3,2,2,0,3,7,0,0,0,0,0,0,3,11,0,48,5,1,0,0.3333333333333333,0.3333333333333333,0.5,0.0,0.25,2014,5,0,-3.2458914644474093,-0.8138617964720583
11110,1973,2,0,3502.0,1,0,2013-04-13,56,2,1,1,0,0,1,0,0,0,0,14,0,0,0,0,0,0,3,11,0,5,0,1,0,0.0,0.0,0.0,0.0,0.0,2013,4,0,-4.1479531910795435,-1.1221595816678076
2408,1976,2,4,58597.0,1,1,2012-11-20,20,490,0,184,10,28,21,12,7,4,9,7,0,0,0,0,0,0,3,11,0,733,20,2,0,0.5714285714285714,0.3333333333333333,0.42857142857142855,0.19047619047619047,0.875,2012,11,0,-0.266815324780583,4.168087967418195
202,1948,4,2,82032.0,0,0,2014-04-05,54,332,194,377,149,125,57,0,4,6,7,1,0,0,0,0,0,0,3,11,0,1234,17,0,0,0.0,0.2222222222222222,0.3888888888888889,0.3333333333333333,2.0,2014,4,1,4.66388445248645,-2.152246099800153
7998,1958,2,4,28087.0,1,1,2012-12-11,77,53,8,17,13,0,21,3,2,2,2,7,0,0,0,0,0,0,3,11,0,112,6,2,0,0.42857142857142855,0.2857142857142857,0.2857142857142857,0.2857142857142857,0.25,2012,12,0,-2.5355822906880956,1.3733126198461367
830,1987,4,0,74004.0,0,0,2014-02-24,5,784,48,560,42,176,48,1,4,6,4,3,0,0,1,1,0,0,3,11,1,1658,14,0,2,0.06666666666666667,0.26666666666666666,0.26666666666666666,0.4,1.0,2014,2,1,5.646181300753366,-2.093223181912118
3536,1960,2,4,19740.0,0,1,2013-03-24,65,7,11,3,10,4,20,2,1,1,3,5,0,0,0,0,0,0,3,11,0,55,5,1,0,0.3333333333333333,0.16666666666666666,0.5,0.16666666666666666,0.16666666666666666,2013,3,0,-2.459314821217922,-1.1259046315934105
6050,1975,1,4,57036.0,0,1,2012-12-11,33,1171,43,219,19,14,47,4,6,3,13,9,1,0,0,0,0,0,3,11,0,1513,22,1,1,0.17391304347826086,0.2608695652173913,0.5652173913043478,0.13043478260869565,0.6,2012,12,1,1.8784373098587186,1.7762764882006505
125,1958,1,4,53083.0,1,1,2013-05-15,65,215,7,33,3,0,13,6,5,1,5,7,0,1,0,0,0,0,3,11,0,271,11,2,1,0.5,0.4166666666666667,0.4166666666666667,0.08333333333333333,0.625,2013,5,0,-1.694366016380147,2.574732649684188
3463,1975,4,4,69283.0,0,1,2014-06-14,41,674,62,134,0,26,8,4,7,3,13,5,0,0,0,0,0,0,3,11,0,904,23,1,0,0.16666666666666666,0.2916666666666667,0.5416666666666666,0.125,1.1666666666666667,2014,6,1,1.3682651575641143,1.0720190419431732
2804,1975,3,0,46098.0,1,1,2012-08-18,86,57,0,27,0,0,36,4,3,2,2,8,0,0,0,0,0,0,3,11,1,120,7,2,0,0.5,0.375,0.25,0.25,0.3333333333333333,2012,8,0,-2.200551270744392,2.2514593145322936
3745,1988,1,4,23331.0,1,0,2012-09-04,92,5,36,7,0,10,45,2,3,0,3,8,0,0,0,0,0,0,3,11,0,103,6,1,0,0.2857142857142857,0.42857142857142855,0.42857142857142855,0.0,0.3333333333333333,2012,9,0,-2.9474705175889535,0.10371301618402474
9771,1988,1,0,23331.0,1,0,2012-10-05,97,104,20,101,24,15,5,6,5,1,5,9,0,0,0,0,0,0,3,11,0,269,11,1,0,0.5,0.4166666666666667,0.4166666666666667,0.08333333333333333,0.5,2012,10,0,-2.212285625013176,1.3878896887913343
451,1989,2,0,9255.0,1,0,2013-12-20,91,9,0,7,2,0,4,1,1,1,2,8,0,0,0,0,0,0,3,11,0,22,4,1,0,0.2,0.2,0.4,0.2,0.1111111111111111,2013,12,0,-3.255159739027065,-1.4527621412661895
10530,1959,4,2,67786.0,0,0,2013-12-07,0,431,82,441,80,20,102,1,3,6,6,1,0,0,0,0,0,0,3,11,1,1156,15,0,0,0.0625,0.1875,0.375,0.375,1.5,2013,12,1,3.427257160946244,-1.265386188024369
1079,1971,4,4,71969.0,0,1,2012-10-16,59,1000,0,76,0,0,10,3,3,4,9,8,0,1,0,0,0,0,3,11,0,1086,16,1,1,0.17647058823529413,0.17647058823529413,0.5294117647058824,0.23529411764705882,0.3333333333333333,2012,10,1,0.9802428070678293,1.0719176062446418
8920,1967,3,0,59235.0,1,0,2013-01-12,4,448,40,469,80,0,91,3,11,2,12,7,0,0,0,0,0,0,3,11,0,1128,25,1,0,0.11538461538461539,0.4230769230769231,0.46153846153846156,0.07692307692307693,1.375,2013,1,1,1.7790569285782036,1.809820340716107
6678,1989,2,4,31928.0,1,0,2014-03-28,5,33,4,24,4,2,5,2,3,0,4,7,0,0,0,0,0,0,3,11,0,72,7,1,0,0.25,0.375,0.5,0.0,0.375,2014,3,0,-3.1118971438373704,-0.9191280582979948
3852,1961,3,4,74881.0,1,1,2013-03-08,48,505,72,270,36,27,54,4,9,2,12,5,0,0,0,0,0,0,3,11,0,964,23,2,0,0.16666666666666666,0.375,0.5,0.08333333333333333,1.5,2013,3,1,1.2589407224642182,2.3790322604858836
528,1978,2,4,65819.0,0,0,2012-11-29,99,267,38,701,149,165,63,1,5,4,10,3,0,0,0,0,0,0,3,11,0,1383,19,0,0,0.05,0.25,0.5,0.2,1.25,2012,11,1,3.7028612828108094,-1.482754803060492
73,1953,4,0,51411.0,1,2,2013-05-26,81,14,0,3,0,0,1,1,0,0,3,5,0,0,0,0,0,0,3,11,0,18,3,3,0,0.25,0.0,0.75,0.0,0.0,2013,5,0,-4.022322870216188,-1.0538616383178838
5589,1964,2,1,51983.0,0,1,2012-08-31,95,631,0,115,10,7,30,3,9,2,10,7,0,0,0,0,0,0,3,11,0,793,21,1,0,0.13636363636363635,0.4090909090909091,0.45454545454545453,0.09090909090909091,1.125,2012,8,0,0.5101549282910977,2.511376250918114
10212,1986,3,4,42386.0,1,0,2013-01-13,43,65,4,16,0,4,11,1,3,0,3,8,0,0,0,0,0,0,3,11,0,100,6,1,0,0.14285714285714285,0.42857142857142855,0.42857142857142855,0.0,0.3333333333333333,2013,1,0,-2.9908013309172343,-0.32782221487772417
6365,1987,1,4,30390.0,0,0,2013-09-02,5,10,12,12,25,1,20,1,2,0,3,6,0,0,0,0,0,0,3,11,0,80,5,0,0,0.16666666666666666,0.3333333333333333,0.5,0.0,0.2857142857142857,2013,9,0,-2.417159143877136,-1.7588385509905184
5636,1963,2,0,30983.0,0,0,2012-11-09,50,51,4,50,12,1,49,1,4,0,3,8,0,0,0,0,0,0,3,11,1,167,7,0,0,0.125,0.5,0.375,0.0,0.4444444444444444,2012,11,0,-1.6608956725940527,0.5873137158852535
591,1957,2,2,66033.0,0,1,2013-01-20,76,293,35,179,46,59,65,2,8,3,7,7,0,0,0,0,0,0,3,11,0,677,18,1,0,0.10526315789473684,0.42105263157894735,0.3684210526315789,0.15789473684210525,1.0,2013,1,1,0.97354258269232,1.6536248799799524
2217,1975,1,4,37284.0,1,1,2013-03-29,46,11,1,2,2,1,6,1,0,0,3,6,0,0,0,0,0,0,3,11,0,23,3,2,0,0.25,0.0,0.75,0.0,0.0,2013,3,0,-4.021615312379243,-2.4873724192994238
2544,1951,3,1,57530.0,0,1,2013-10-12,68,50,1,27,6,7,1,1,1,1,4,1,0,0,0,0,0,0,3,11,0,92,6,1,0,0.14285714285714285,0.14285714285714285,0.5714285714285714,0.14285714285714285,0.5,2013,10,0,-1.6229283032531616,-1.6464206377442936
7725,1965,1,4,76800.0,0,0,2014-03-08,33,173,26,255,35,71,81,1,4,4,7,1,0,0,0,0,0,0,3,11,0,641,15,0,0,0.0625,0.25,0.4375,0.25,2.0,2014,3,1,1.9134790923839993,-1.8814571182883073
8091,1956,2,4,63943.0,0,1,2012-09-02,50,423,184,368,13,97,21,1,6,4,6,5,0,0,0,0,0,0,3,11,0,1106,16,1,0,0.058823529411764705,0.35294117647058826,0.35294117647058826,0.23529411764705882,1.0,2012,9,1,2.387257680211871,0.7462228363211206
7321,1962,2,4,76081.0,0,0,2014-05-23,85,292,30,415,63,33,200,1,4,5,4,2,0,0,0,1,0,0,3,11,0,1033,13,0,1,0.07142857142857142,0.2857142857142857,0.2857142857142857,0.35714285714285715,1.3333333333333333,2014,5,1,3.476267605325114,-1.3146988258678127
5462,1974,2,4,67445.0,0,1,2012-08-12,63,757,80,217,29,80,11,5,9,6,12,6,0,0,0,0,0,0,3,11,0,1174,27,1,0,0.17857142857142858,0.32142857142857145,0.42857142857142855,0.21428571428571427,1.2857142857142858,2012,8,1,2.8666272995802027,2.3471982554335247
7791,1967,3,4,37054.0,1,1,2013-09-15,89,12,1,6,0,1,5,2,1,0,3,7,0,0,0,0,0,0,3,11,0,25,4,2,0,0.4,0.2,0.6,0.0,0.125,2013,9,0,-3.8129994787715913,-0.3993523642149049
955,1962,3,4,47175.0,1,1,2012-10-28,81,167,2,44,6,2,19,7,4,2,4,8,1,0,0,0,0,0,3,11,1,240,10,2,1,0.6363636363636364,0.36363636363636365,0.36363636363636365,0.18181818181818182,0.4444444444444444,2012,10,0,-1.6329141027855256,3.1989345384572485
4037,1976,2,1,31859.0,1,0,2013-06-14,77,3,1,3,8,0,5,1,1,0,2,7,0,0,0,0,0,0,3,11,0,20,3,1,0,0.25,0.25,0.5,0.0,0.125,2013,6,0,-3.527742004048012,-1.5753862013402518
6642,1961,2,1,27215.0,2,1,2013-01-23,50,30,5,22,8,9,28,4,2,1,4,6,0,0,0,0,0,0,3,11,0,102,7,3,0,0.5,0.25,0.5,0.125,0.2857142857142857,2013,1,0,-3.596861144322025,0.7532921473182647
2793,1976,4,1,70179.0,0,1,2013-07-21,10,532,88,168,69,44,133,3,7,3,13,5,0,0,0,0,0,0,3,11,0,1034,23,1,0,0.125,0.2916666666666667,0.5416666666666666,0.125,1.1666666666666667,2013,7,1,2.3766288517604894,1.0659770069086787
5424,1983,2,4,39922.0,1,0,2013-02-14,30,29,12,59,19,1,36,2,3,0,4,8,0,0,0,0,0,0,3,11,0,156,7,1,0,0.25,0.375,0.5,0.0,0.3333333333333333,2013,2,0,-2.7835537886568598,-0.4952340623142297
879,1976,3,4,49681.0,0,2,2013-11-04,66,411,0,26,0,0,21,6,7,1,7,7,0,0,0,0,0,0,3,11,0,458,15,2,0,0.375,0.4375,0.4375,0.0625,0.875,2013,11,0,-1.3323061242964536,3.5789534623239265
9530,1988,2,4,24645.0,1,0,2012-11-01,16,5,3,4,4,1,0,1,1,0,2,8,0,0,0,0,0,0,3,11,0,17,3,1,0,0.25,0.25,0.5,0.0,0.1111111111111111,2012,11,0,-3.6933565263039316,-1.2029146403295528
4828,1954,2,1,79865.0,0,1,2014-06-18,12,71,99,278,185,121,38,1,5,10,5,1,0,0,0,0,0,0,3,11,0,792,20,1,0,0.047619047619047616,0.23809523809523808,0.23809523809523808,0.47619047619047616,2.5,2014,6,1,4.1737975011833015,-0.5405688314278208
10699,1985,2,4,44322.0,1,0,2014-06-16,30,46,0,40,3,0,3,2,3,0,3,8,0,0,0,0,0,0,3,11,0,92,6,1,0,0.2857142857142857,0.42857142857142855,0.42857142857142855,0.0,0.3333333333333333,2014,6,0,-3.1232898705242995,-0.3459976596584948
1497,1952,2,0,47958.0,0,1,2013-01-19,8,268,11,88,15,3,22,2,6,3,5,5,0,0,0,0,0,0,3,11,0,407,14,1,0,0.13333333333333333,0.4,0.3333333333333333,0.2,1.0,2013,1,0,-0.26118470714664904,1.1833610237909113
7476,1964,3,0,63972.0,0,1,2012-12-02,93,928,63,254,0,12,12,4,5,4,10,4,0,1,0,0,0,0,3,11,0,1269,19,1,1,0.2,0.25,0.5,0.2,1.0,2012,12,1,2.276234995552802,1.390292905300843
4390,1954,2,4,75315.0,0,1,2014-04-15,14,459,15,171,142,23,31,2,5,4,12,2,0,0,0,0,0,0,3,11,0,841,21,1,0,0.09090909090909091,0.22727272727272727,0.5454545454545454,0.18181818181818182,1.6666666666666667,2014,4,1,2.009404708067263,-0.3973839337120961
10478,1950,4,4,55517.0,1,1,2012-09-27,53,483,0,108,0,6,36,5,11,1,6,9,0,0,0,0,0,0,3,11,1,633,18,2,0,0.2631578947368421,0.5789473684210527,0.3157894736842105,0.05263157894736842,1.1,2012,9,0,-0.5059354045036424,5.27941709084283
1081,1957,4,4,75283.0,1,2,2013-03-27,26,733,9,180,12,19,66,11,6,3,5,4,0,0,0,0,0,0,3,11,0,1019,14,3,0,0.7333333333333333,0.4,0.3333333333333333,0.2,1.2,2013,3,0,-0.1722510339228325,4.99353276797672
4261,1946,4,0,82800.0,0,0,2012-11-24,23,1006,22,115,59,68,45,1,7,6,12,3,0,0,1,1,0,0,3,11,1,1315,25,0,2,0.038461538461538464,0.2692307692307692,0.46153846153846156,0.23076923076923078,1.75,2012,11,1,5.705301619289671,0.029107852384529145
9916,1954,2,4,38998.0,1,1,2012-11-03,92,34,1,14,0,0,5,3,2,0,3,8,0,0,0,0,0,1,3,11,0,54,5,2,0,0.5,0.3333333333333333,0.5,0.0,0.2222222222222222,2012,11,0,-3.7358484448382865,1.2443638887804576
5350,1991,3,0,90638.0,0,0,2014-02-13,29,1156,120,915,94,144,96,1,3,4,10,1,0,0,1,0,0,0,3,11,1,2525,17,0,1,0.05555555555555555,0.16666666666666666,0.5555555555555556,0.2222222222222222,1.5,2014,2,1,6.612411051923545,-3.2275442978888638
8135,1986,3,4,27161.0,1,0,2013-10-28,41,7,4,23,7,0,11,1,1,0,3,7,0,0,0,0,0,0,3,11,0,52,4,1,0,0.2,0.2,0.6,0.0,0.125,2013,10,0,-3.4803253345482825,-1.846579777165478
8685,1977,2,4,42014.0,1,0,2012-08-17,56,244,15,108,4,15,50,6,7,1,6,8,0,0,0,0,0,0,3,11,1,436,14,1,0,0.4,0.4666666666666667,0.4,0.06666666666666667,0.7777777777777778,2012,8,0,-1.0252293600295581,2.4558238001724697
4967,1960,4,4,38201.0,0,1,2013-03-29,19,233,0,23,0,0,12,4,5,1,5,8,0,0,0,0,0,0,3,11,0,268,11,1,0,0.3333333333333333,0.4166666666666667,0.4166666666666667,0.08333333333333333,0.5555555555555556,2013,3,0,-1.7551543661874576,1.8436500255609551
2130,1982,2,4,45203.0,2,0,2014-03-23,4,35,3,67,10,8,24,1,3,1,3,6,0,0,0,0,0,0,3,11,1,147,7,2,0,0.125,0.375,0.375,0.125,0.42857142857142855,2014,3,0,-2.6312344094850673,-0.3261558611602388
9298,1947,4,4,81574.0,0,0,2014-04-28,89,1252,0,465,46,35,0,1,4,5,8,1,0,1,1,0,0,0,3,11,0,1798,17,0,2,0.05555555555555555,0.2222222222222222,0.4444444444444444,0.2777777777777778,2.0,2014,4,1,4.860350025634126,-1.2661405069718359
8175,1992,2,4,34935.0,0,0,2013-06-21,71,34,4,66,3,10,20,1,2,1,4,7,0,0,0,0,0,0,3,11,0,137,7,0,0,0.125,0.25,0.5,0.125,0.25,2013,6,0,-1.9423567212291482,-1.916890733285901
6257,1976,3,0,60482.0,0,1,2013-01-23,81,255,43,134,37,14,24,1,7,2,7,7,0,0,0,0,0,0,3,11,0,507,16,1,0,0.058823529411764705,0.4117647058823529,0.4117647058823529,0.11764705882352941,0.875,2013,1,0,0.005842163387484042,0.9347238107532233
3790,1956,2,4,34633.0,2,1,2014-01-23,31,8,1,5,0,0,1,1,1,0,2,6,0,0,0,0,0,0,3,11,0,15,3,3,0,0.25,0.25,0.5,0.0,0.14285714285714285,2014,1,0,-4.4406694566576075,-0.3742554160539684
9952,1947,3,4,78093.0,0,0,2013-12-11,53,368,32,639,13,43,10,1,4,7,5,1,0,0,0,0,0,0,3,11,0,1105,16,0,0,0.058823529411764705,0.23529411764705882,0.29411764705882354,0.4117647058823529,2.0,2013,12,1,3.095014861785601,-0.8479401003521364
3503,1950,2,1,82460.0,0,0,2013-12-02,78,255,47,573,52,32,15,1,5,3,6,1,0,0,0,0,0,0,3,11,0,974,14,0,0,0.06666666666666667,0.3333333333333333,0.4,0.2,2.5,2013,12,1,2.374210681032392,-0.8057582070942415
5223,1966,3,4,45903.0,0,1,2014-04-23,80,33,8,10,2,10,3,2,2,1,3,4,0,0,0,0,0,0,3,11,0,66,6,1,0,0.2857142857142857,0.2857142857142857,0.42857142857142855,0.14285714285714285,0.4,2014,4,0,-2.045814333625975,-0.6492543641782993
4608,1987,2,1,81361.0,0,0,2014-02-25,18,163,23,424,27,65,76,1,3,10,13,1,0,0,0,0,0,0,3,11,1,778,26,0,0,0.037037037037037035,0.1111111111111111,0.48148148148148145,0.37037037037037035,1.5,2014,2,1,3.7281377050721067,-2.5189899408580527
1626,1973,4,1,35860.0,1,1,2014-05-19,37,15,0,8,4,2,20,2,1,1,2,5,1,0,0,0,0,0,3,11,1,49,4,2,1,0.4,0.2,0.4,0.2,0.16666666666666666,2014,5,0,-2.421252300398406,-0.29303943109254754
4764,1952,3,4,40442.0,1,1,2012-08-19,52,45,12,52,25,22,13,4,3,1,4,7,0,0,0,0,0,0,3,11,1,169,8,2,0,0.4444444444444444,0.3333333333333333,0.4444444444444444,0.1111111111111111,0.375,2012,8,0,-2.199492917496779,1.7678746578102644
2471,1965,2,4,61482.0,0,0,2014-06-27,39,48,58,68,16,66,43,1,3,2,6,2,0,0,0,0,0,0,3,11,0,299,11,0,0,0.08333333333333333,0.25,0.5,0.16666666666666666,1.0,2014,6,0,0.2506997723103499,-2.1977422526161647
5892,1980,2,4,34968.0,1,0,2013-04-10,11,158,6,45,8,2,2,7,3,2,5,7,0,0,0,0,0,0,3,11,0,221,10,1,0,0.6363636363636364,0.2727272727272727,0.45454545454545453,0.18181818181818182,0.375,2013,4,0,-2.2077833953865933,0.4251118599619807
2612,1987,2,4,75794.0,0,0,2013-12-24,33,754,160,625,63,32,48,1,7,5,12,3,0,0,0,1,0,0,3,11,0,1682,24,0,1,0.04,0.28,0.48,0.2,1.75,2013,12,1,5.207014079270216,-1.1549286144972661
4971,1962,4,4,31497.0,0,1,2012-12-06,22,108,1,28,13,1,4,2,3,1,4,8,0,0,0,0,0,0,3,11,0,155,8,1,0,0.2222222222222222,0.3333333333333333,0.4444444444444444,0.1111111111111111,0.3333333333333333,2012,12,0,-2.142105213523211,0.9918207052422392
5185,1955,2,4,74268.0,0,0,2013-02-14,83,199,66,315,97,174,41,1,4,3,5,2,0,0,0,0,0,0,3,11,0,892,12,0,0,0.07692307692307693,0.3076923076923077,0.38461538461538464,0.23076923076923078,1.3333333333333333,2013,2,1,2.4601821817102723,-1.5748768852236452
10069,1988,0,4,13724.0,1,0,2012-08-31,43,2,7,5,2,15,27,1,2,0,2,9,1,0,0,0,0,0,3,11,0,58,4,1,1,0.2,0.4,0.4,0.0,0.2,2012,8,0,-3.180663533723746,-0.31212981768097064
2262,1965,3,4,45143.0,0,1,2013-08-26,74,202,5,74,11,5,14,3,6,1,5,7,0,0,0,0,0,0,3,11,0,311,12,1,0,0.23076923076923078,0.46153846153846156,0.38461538461538464,0.07692307692307693,0.75,2013,8,0,-1.2827225295617948,1.8330146137644834
1131,1967,4,0,52569.0,0,1,2014-04-05,54,85,0,3,0,0,7,1,2,0,4,3,0,0,0,0,0,0,3,11,0,95,6,1,0,0.14285714285714285,0.2857142857142857,0.5714285714285714,0.0,0.5,2014,4,0,-2.269835356155075,-1.1994154636544847
1041,1973,4,0,48432.0,0,1,2012-10-18,3,322,3,50,4,3,42,5,7,1,6,8,0,0,0,0,0,0,3,11,1,424,14,1,0,0.3333333333333333,0.4666666666666667,0.4,0.06666666666666667,0.7777777777777778,2012,10,0,-0.7284471292882073,3.083698200157095
24,1960,3,4,17144.0,1,1,2014-02-15,96,18,2,19,0,2,6,5,3,0,4,7,0,0,0,0,0,0,3,11,0,47,7,2,0,0.625,0.375,0.5,0.0,0.375,2014,2,0,-3.6416234043991715,1.209322280932457
3409,1984,2,0,36108.0,1,0,2013-10-15,68,141,8,129,3,11,47,3,7,1,4,9,1,0,0,0,0,0,3,11,0,339,12,1,1,0.23076923076923078,0.5384615384615384,0.3076923076923077,0.07692307692307693,0.7,2013,10,0,-1.3433088041514807,1.8583664079617943
7022,1971,2,4,76445.0,1,0,2012-09-28,2,739,107,309,140,80,35,1,2,5,13,6,0,0,0,0,0,0,3,11,0,1410,20,1,0,0.047619047619047616,0.09523809523809523,0.6190476190476191,0.23809523809523808,0.2857142857142857,2012,9,1,2.5355520615072984,-1.7699633396441852
7943,1975,4,4,36663.0,1,0,2014-04-25,40,18,0,6,3,3,5,1,1,1,3,2,0,0,0,0,0,0,3,11,0,35,5,1,0,0.16666666666666666,0.16666666666666666,0.5,0.16666666666666666,0.3333333333333333,2014,4,0,-2.451856457562206,-2.399379508086801
5272,1965,3,4,53843.0,0,1,2013-06-27,64,378,0,88,19,4,73,4,8,5,3,7,0,0,0,0,0,0,3,11,0,562,16,1,0,0.23529411764705882,0.47058823529411764,0.17647058823529413,0.29411764705882354,1.0,2013,6,0,0.42654740560451565,3.0510276727970536
5453,1956,3,4,90226.0,0,0,2012-09-26,26,1083,108,649,253,151,108,1,4,7,12,2,0,0,0,1,0,0,3,11,0,2352,23,0,1,0.041666666666666664,0.16666666666666666,0.5,0.2916666666666667,1.3333333333333333,2012,9,1,7.500767196108063,-1.7169304015445201
2565,1955,3,1,70638.0,0,0,2013-06-01,69,1016,12,215,16,12,63,1,4,5,10,3,0,1,0,0,0,0,3,11,0,1334,19,0,1,0.05,0.2,0.5,0.25,1.0,2013,6,1,2.9850855576988775,-0.7281352138631162
800,1960,2,4,44512.0,1,1,2013-08-30,57,23,1,6,0,0,2,2,1,0,3,4,0,0,0,0,0,0,3,11,0,32,4,2,0,0.4,0.2,0.6,0.0,0.2,2013,8,0,-3.497550260305381,-0.7609230381478672
11092,1961,2,4,27116.0,1,1,2014-03-02,78,12,1,21,2,2,3,2,2,0,3,7,0,0,0,0,0,0,3,11,0,41,5,2,0,0.3333333333333333,0.3333333333333333,0.5,0.0,0.25,2014,3,0,-3.7128148632923836,0.03602573965736366
5062,1963,4,4,54072.0,1,1,2013-07-27,71,35,0,4,0,0,0,1,2,0,2,8,0,0,0,0,0,0,3,11,0,39,4,2,0,0.2,0.4,0.4,0.0,0.2222222222222222,2013,7,0,-3.4713048587810107,0.9147183046636699
8969,1977,2,4,71855.0,0,1,2013-01-16,59,548,31,422,0,112,28,4,5,5,11,3,0,0,0,0,0,0,3,11,0,1141,21,1,0,0.18181818181818182,0.22727272727272727,0.5,0.22727272727272727,1.25,2013,1,1,2.3144327521538783,0.08937154360135664
4656,1990,1,0,51250.0,1,0,2013-03-30,28,342,32,230,34,32,40,5,10,5,4,9,1,0,0,0,0,0,3,11,0,710,19,1,1,0.25,0.5,0.2,0.25,1.0,2013,3,1,0.8009538301700778,2.5464059191597137
4480,1973,3,4,60432.0,0,1,2014-03-09,61,365,3,15,4,3,11,5,7,2,5,6,0,0,0,0,0,0,3,11,0,401,14,1,0,0.3333333333333333,0.4666666666666667,0.3333333333333333,0.13333333333333333,1.0,2014,3,0,-0.7177099818362861,2.1408333628515135
9971,1964,4,4,65526.0,0,1,2014-04-11,22,397,19,69,12,0,9,1,4,4,8,2,0,0,0,0,0,0,3,11,0,506,16,1,0,0.058823529411764705,0.23529411764705882,0.47058823529411764,0.23529411764705882,1.3333333333333333,2014,4,0,0.5096514577341049,-0.4722885874347128
6729,1988,2,0,68655.0,0,0,2012-08-10,95,456,19,832,75,118,38,1,4,5,11,3,0,0,0,0,0,0,3,11,0,1538,20,0,0,0.047619047619047616,0.19047619047619047,0.5238095238095238,0.23809523809523808,1.0,2012,8,1,3.4802457749250313,-1.9541884307157584
1773,1978,1,4,12393.0,0,0,2012-12-04,38,5,6,15,11,7,13,1,2,0,3,9,0,0,0,0,0,0,3,11,0,57,5,0,0,0.16666666666666666,0.3333333333333333,0.5,0.0,0.2,2012,12,0,-2.846008974273612,-0.99834009574248
9242,1990,2,0,64509.0,0,0,2013-08-17,19,836,185,575,24,25,77,1,6,3,9,4,1,0,0,0,0,0,3,11,1,1722,18,0,1,0.05263157894736842,0.3157894736842105,0.47368421052631576,0.15789473684210525,1.2,2013,8,1,3.9823553249169175,-0.8790577587782721
1764,1975,2,0,33955.0,1,0,2013-08-09,92,100,2,128,23,7,10,4,5,1,5,8,0,0,0,0,0,0,3,11,0,270,11,1,0,0.3333333333333333,0.4166666666666667,0.4166666666666667,0.08333333333333333,0.5555555555555556,2013,8,0,-2.0171321421369366,0.8365776293735938
6215,1977,2,4,31353.0,1,1,2013-12-29,24,10,0,10,3,1,7,2,1,1,2,8,0,0,0,0,0,0,3,11,1,31,4,2,0,0.4,0.2,0.4,0.2,0.1111111111111111,2013,12,0,-3.1404040295705147,0.11566191665764271
10099,1984,2,4,55434.0,1,0,2013-10-05,21,238,115,215,169,69,76,3,5,3,13,4,0,0,0,0,0,0,3,11,0,882,21,1,0,0.13636363636363635,0.22727272727272727,0.5909090909090909,0.13636363636363635,1.0,2013,10,1,1.8970559407642718,-0.9587792690444394
5423,1983,2,4,28359.0,1,0,2013-10-27,35,6,0,5,2,1,2,1,1,0,2,7,0,0,0,0,0,0,3,11,0,16,3,1,0,0.25,0.25,0.5,0.0,0.125,2013,10,0,-3.6180635144346995,-1.5182413111330042
940,1987,2,0,57100.0,1,0,2014-05-18,9,158,11,99,15,11,17,2,3,2,7,3,0,0,0,0,0,0,3,11,0,311,12,1,0,0.15384615384615385,0.23076923076923078,0.5384615384615384,0.15384615384615385,0.75,2014,5,0,-1.1184048319069242,-1.789859712787804
3011,1965,2,4,69139.0,0,1,2014-01-27,23,86,12,75,33,15,6,1,4,1,5,4,0,0,0,0,0,0,3,11,0,227,10,1,0,0.09090909090909091,0.36363636363636365,0.45454545454545453,0.09090909090909091,0.8,2014,1,0,-1.0529227721387588,-0.4462315765593125
3298,1956,3,4,52973.0,0,1,2012-11-08,92,856,0,76,12,9,199,7,9,6,9,8,0,0,0,0,0,0,3,11,0,1152,24,1,0,0.28,0.36,0.36,0.24,1.0,2012,11,1,2.047431885621958,4.286418063068488
8286,1965,4,4,51717.0,0,1,2013-08-20,55,98,1,17,0,1,5,1,3,0,4,7,0,1,0,0,0,0,3,11,0,122,7,1,1,0.125,0.375,0.5,0.0,0.375,2013,8,0,-1.81720792400706,0.5179865584649594
9668,1971,2,4,18793.0,1,0,2013-01-12,14,4,16,20,0,17,20,3,2,0,4,8,0,0,0,0,0,0,3,11,0,77,6,1,0,0.42857142857142855,0.2857142857142857,0.5714285714285714,0.0,0.2222222222222222,2013,1,0,-3.3034933664082953,-0.8331328108871868
5120,1982,1,4,66664.0,0,0,2012-09-25,78,398,96,447,220,96,32,1,5,7,6,3,0,0,0,0,0,0,3,11,0,1289,18,0,0,0.05263157894736842,0.2631578947368421,0.3157894736842105,0.3684210526315789,1.25,2012,9,1,3.99676080661449,-1.3409072793139798
6097,1959,2,0,50664.0,1,1,2013-01-16,64,313,8,104,6,4,126,9,8,1,6,9,0,0,0,0,0,0,3,11,0,561,15,2,0,0.5625,0.5,0.375,0.0625,0.8,2013,1,0,-1.3015958485841075,4.327500655226743
7019,1963,2,4,54414.0,1,1,2013-01-23,49,109,18,16,24,26,18,4,3,1,5,4,0,0,0,0,0,0,3,11,0,211,9,2,0,0.4,0.3,0.5,0.1,0.6,2013,1,0,-2.027161375478162,0.47567968641456815
7408,1952,4,4,54549.0,0,1,2014-03-03,8,216,2,6,0,0,9,2,5,1,4,7,0,0,0,0,0,0,3,11,0,233,10,1,0,0.18181818181818182,0.45454545454545453,0.36363636363636365,0.09090909090909091,0.625,2014,3,0,-1.5536684260988276,1.3484579352768964
8041,1971,4,2,47111.0,0,1,2012-09-08,35,595,71,153,120,112,41,6,3,2,10,9,0,0,0,0,0,0,3,11,0,1092,15,1,0,0.375,0.1875,0.625,0.125,0.3,2012,9,1,0.8593888452281045,0.7668455983881202
252,1963,4,1,41003.0,0,0,2013-03-17,11,123,133,142,71,44,88,1,6,2,8,6,0,0,0,0,0,0,3,11,0,601,16,0,0,0.058823529411764705,0.35294117647058826,0.47058823529411764,0.11764705882352941,0.8571428571428571,2013,3,1,1.2050450259229069,-0.5100148522739101
9986,1982,2,4,19444.0,1,0,2014-02-22,8,16,0,23,3,2,10,3,4,1,2,7,0,0,0,0,0,0,3,11,1,54,7,1,0,0.375,0.5,0.25,0.125,0.5,2014,2,0,-2.5107258871980287,0.6987164913240522
3276,1976,1,4,36301.0,1,0,2013-10-25,53,11,12,35,3,5,12,1,3,0,3,7,0,0,0,0,0,0,3,11,0,78,6,1,0,0.14285714285714285,0.42857142857142855,0.42857142857142855,0.0,0.375,2013,10,0,-2.9211891416255016,-0.3585813793242107
3859,1947,4,4,73059.0,0,1,2013-08-31,36,410,112,420,0,82,71,1,9,3,13,4,0,0,0,0,0,0,3,11,0,1095,25,1,0,0.038461538461538464,0.34615384615384615,0.5,0.11538461538461539,1.8,2013,8,1,3.076715255245186,1.4136768531492616
3570,1969,4,4,42731.0,1,0,2013-10-21,64,159,2,51,6,2,24,3,4,1,5,5,0,0,0,0,0,0,3,11,0,244,10,1,0,0.2727272727272727,0.36363636363636365,0.45454545454545453,0.09090909090909091,0.6666666666666666,2013,10,0,-1.7920404491606354,0.3667683747187223
3783,1959,4,4,52854.0,1,1,2014-03-24,43,105,0,10,0,1,0,2,2,1,4,5,0,0,0,0,0,0,3,11,0,116,7,2,0,0.25,0.25,0.5,0.125,0.3333333333333333,2014,3,0,-2.6791917477867995,-0.16858841996283766
10207,1978,2,4,22775.0,1,0,2013-06-19,40,5,1,8,0,0,1,1,1,0,2,8,0,0,0,0,0,0,3,11,0,15,3,1,0,0.25,0.25,0.5,0.0,0.1111111111111111,2013,6,0,-3.7505216800556003,-1.4486425693301836
10906,1948,4,4,46681.0,0,2,2013-10-08,52,269,15,69,15,19,38,2,4,6,4,5,0,0,0,0,0,0,3,11,0,425,14,2,0,0.13333333333333333,0.26666666666666666,0.26666666666666666,0.4,0.6666666666666666,2013,10,0,0.05104845764820619,2.00049267382503
3427,1955,4,4,59821.0,0,1,2013-04-12,11,629,0,70,0,0,35,6,11,2,7,8,0,0,0,0,0,0,3,11,0,734,20,1,0,0.2857142857142857,0.5238095238095238,0.3333333333333333,0.09523809523809523,1.2222222222222223,2013,4,0,0.3116189835345798,4.271930277706323
5209,1954,2,1,50002.0,0,1,2013-06-17,21,443,5,71,21,16,82,2,8,2,7,7,0,0,0,0,0,0,3,11,0,638,17,1,0,0.1111111111111111,0.4444444444444444,0.3888888888888889,0.1111111111111111,1.0,2013,6,0,0.1663946382300604,2.096392260896774
10711,1945,2,4,69755.0,0,0,2013-10-02,23,217,77,373,111,23,93,1,3,6,12,1,0,0,0,0,0,0,3,11,0,894,21,0,0,0.045454545454545456,0.13636363636363635,0.5454545454545454,0.2727272727272727,1.5,2013,10,1,3.184601069388421,-1.9391458128819146
10785,1969,2,4,44078.0,1,1,2014-06-19,17,24,1,10,2,0,4,2,2,0,3,5,0,0,0,0,0,0,3,11,0,41,5,2,0,0.3333333333333333,0.3333333333333333,0.5,0.0,0.3333333333333333,2014,6,0,-3.416426482239369,-0.1817837925288571
2814,1976,3,4,30560.0,1,0,2013-06-27,6,9,1,5,4,5,7,1,1,0,3,7,0,0,0,0,0,0,3,11,0,31,4,1,0,0.2,0.2,0.6,0.0,0.125,2013,6,0,-3.4686551931861853,-1.821193492358447
6866,1969,3,4,35924.0,1,1,2014-03-23,56,8,0,14,2,3,7,1,1,0,3,5,0,0,0,0,0,0,3,11,0,34,4,2,0,0.2,0.2,0.6,0.0,0.16666666666666666,2014,3,0,-3.633631608587593,-1.3051706320287488
1665,1964,4,1,64140.0,0,2,2013-09-23,71,1459,0,61,0,15,215,5,2,5,6,5,1,0,1,0,1,0,3,11,1,1750,13,2,3,0.35714285714285715,0.14285714285714285,0.42857142857142855,0.35714285714285715,0.3333333333333333,2013,9,1,3.757292950789542,1.902246036274274
6575,1981,2,4,56386.0,1,1,2012-10-27,51,230,48,214,13,32,75,8,9,1,7,9,0,0,0,0,0,0,3,11,0,612,17,2,0,0.4444444444444444,0.5,0.3888888888888889,0.05555555555555555,0.9,2012,10,0,-0.7389211672324605,4.245295991776241
3829,1979,0,4,24594.0,1,0,2013-12-10,94,1,3,6,10,0,9,1,1,0,3,5,0,0,0,0,0,0,3,11,0,29,4,1,0,0.2,0.2,0.6,0.0,0.16666666666666666,2013,12,0,-3.415903300062423,-2.2453938763606565
3091,1981,1,4,75774.0,1,0,2014-05-02,27,340,21,134,258,14,56,1,7,5,8,4,0,0,0,0,0,0,3,11,0,823,20,1,0,0.047619047619047616,0.3333333333333333,0.38095238095238093,0.23809523809523808,1.4,2014,5,1,1.9499977301147084,-0.56612950861149
10141,1960,3,1,39228.0,0,0,2013-05-10,1,7,1,6,0,3,3,1,0,0,3,4,0,0,0,0,0,0,3,11,0,20,3,0,0,0.25,0.0,0.75,0.0,0.0,2013,5,0,-2.7488219595612056,-3.715778081365199
5177,1974,3,4,58494.0,0,1,2013-12-12,56,298,7,68,4,0,19,2,6,2,6,6,0,0,0,0,0,0,3,11,0,396,14,1,0,0.13333333333333333,0.4,0.4,0.13333333333333333,0.8571428571428571,2013,12,0,-0.6231170022752196,1.351111138525438
7005,1981,2,0,58684.0,0,0,2014-06-16,71,479,35,179,28,7,85,1,5,3,12,2,0,1,0,0,0,0,3,11,0,813,20,0,1,0.047619047619047616,0.23809523809523808,0.5714285714285714,0.14285714285714285,1.6666666666666667,2014,6,1,2.253720951721826,-1.4707432699642935
6409,1967,2,1,57136.0,0,0,2013-05-18,18,267,140,599,34,12,127,1,7,5,7,6,0,0,0,0,0,0,3,11,1,1179,19,0,0,0.05,0.35,0.35,0.25,1.0,2013,5,1,3.116443608094337,-0.052910664723594715
7485,1950,4,2,56551.0,1,1,2014-05-07,48,67,4,32,17,2,16,3,2,1,4,4,0,0,0,0,0,0,3,11,0,138,7,2,0,0.375,0.25,0.5,0.125,0.4,2014,5,0,-2.396037472660681,0.07008660542378649
8079,1982,2,4,22448.0,1,0,2014-02-26,86,3,1,8,23,2,18,3,2,1,3,3,0,0,0,0,0,0,3,11,0,55,6,1,0,0.42857142857142855,0.2857142857142857,0.42857142857142855,0.14285714285714285,0.5,2014,2,0,-2.5536274805445505,-1.3710798893951224
8395,1961,2,0,82014.0,0,0,2012-08-20,48,980,37,265,35,163,31,1,3,6,12,6,0,0,0,0,0,0,3,11,1,1511,21,0,0,0.045454545454545456,0.13636363636363635,0.5454545454545454,0.2727272727272727,0.42857142857142855,2012,8,1,3.6443822609922387,-1.2546423872644947
10352,1963,2,2,34213.0,1,1,2012-09-07,2,50,4,28,6,3,26,3,3,1,2,9,0,0,0,0,0,0,3,11,1,117,6,2,0,0.42857142857142855,0.42857142857142855,0.2857142857142857,0.14285714285714285,0.3,2012,9,0,-2.7053468498785223,2.2675086077528115
4931,1977,2,4,157146.0,0,0,2013-04-29,13,1,0,1725,2,1,1,0,0,28,0,1,0,0,0,0,0,0,3,11,0,1730,28,0,0,0.0,0.0,0.0,0.9655172413793104,0.0,2013,4,1,7.144278843765805,-2.979117658176906
13,1947,4,2,25358.0,0,1,2013-07-22,57,19,0,5,0,0,8,2,1,0,3,6,0,0,0,0,0,0,3,11,0,32,4,1,0,0.4,0.2,0.6,0.0,0.14285714285714285,2013,7,0,-3.090417205934138,-0.6619113155773159
1834,1978,3,0,35544.0,1,0,2014-03-08,77,30,5,23,4,1,4,1,2,0,3,7,0,0,0,0,0,0,3,11,0,67,5,1,0,0.16666666666666666,0.3333333333333333,0.5,0.0,0.25,2014,3,0,-3.2070333752085065,-1.3371307805216266
2285,1954,3,4,36634.0,0,1,2013-05-28,0,213,9,76,4,3,30,3,5,2,5,7,0,0,0,0,0,0,3,11,0,335,12,1,0,0.23076923076923078,0.38461538461538464,0.38461538461538464,0.15384615384615385,0.625,2013,5,0,-1.1200301600854379,1.475287289401532
2295,1954,4,4,62670.0,0,1,2014-02-02,57,539,30,92,80,46,38,1,5,3,13,3,0,0,0,0,0,0,3,11,0,825,21,1,0,0.045454545454545456,0.22727272727272727,0.5909090909090909,0.13636363636363635,1.25,2014,2,1,1.5805804713744829,-0.37758434384028416
1378,1972,1,4,50334.0,0,1,2013-07-24,24,284,16,160,84,16,134,6,7,4,6,6,0,0,0,0,0,0,3,11,0,694,17,1,0,0.3333333333333333,0.3888888888888889,0.3333333333333333,0.2222222222222222,1.0,2013,7,1,0.8356768566893505,2.262506494952079
2781,1981,2,0,72066.0,0,0,2014-06-23,55,1003,34,536,134,51,34,1,4,6,6,2,0,0,1,1,0,0,3,11,1,1792,16,0,2,0.058823529411764705,0.23529411764705882,0.35294117647058826,0.35294117647058826,1.3333333333333333,2014,6,1,5.6299208368995926,-2.3057976848608615
1165,1958,4,0,50729.0,1,1,2013-05-02,62,239,13,143,45,4,52,9,6,2,7,6,0,0,0,0,0,0,3,11,0,496,15,2,0,0.5625,0.375,0.4375,0.125,0.8571428571428571,2013,5,0,-1.0031526919832023,3.1959277326027165
1404,1968,2,4,34916.0,2,0,2013-05-15,89,51,23,82,33,0,42,4,5,1,3,9,0,0,0,0,0,0,3,11,0,231,9,2,0,0.4,0.5,0.3,0.1,0.5,2013,5,0,-2.714533880508646,1.9839089565071035
6457,1976,2,1,64892.0,0,1,2014-05-29,77,527,24,230,32,24,65,2,6,4,12,4,0,0,0,0,0,0,3,11,0,902,22,1,0,0.08695652173913043,0.2608695652173913,0.5217391304347826,0.17391304347826086,1.2,2014,5,1,1.5713157054030056,0.03772880183311751
2639,1966,2,0,43602.0,1,1,2014-01-10,45,19,5,12,10,3,19,3,3,1,2,6,0,0,0,0,0,0,3,11,0,68,6,2,0,0.42857142857142855,0.42857142857142855,0.2857142857142857,0.14285714285714285,0.42857142857142855,2014,1,0,-2.7888231874173677,1.0219663176514195
8299,1989,4,0,33996.0,0,0,2013-09-11,46,40,2,15,8,0,6,1,1,1,3,4,0,0,0,0,0,0,3,11,0,71,5,0,0,0.16666666666666666,0.16666666666666666,0.5,0.16666666666666666,0.2,2013,9,0,-1.9511141876091862,-2.48756164990418
6437,1985,1,0,41473.0,1,0,2013-06-19,80,21,8,20,15,3,9,1,2,0,3,7,0,0,0,0,0,0,3,11,0,76,5,1,0,0.16666666666666666,0.3333333333333333,0.5,0.0,0.25,2013,6,0,-3.1006879793716005,-1.3213992636800354
6912,1967,4,4,63246.0,0,2,2013-08-20,60,593,30,91,29,22,7,1,6,3,12,4,0,0,0,0,0,0,3,11,0,772,21,2,0,0.045454545454545456,0.2727272727272727,0.5454545454545454,0.13636363636363635,1.2,2013,8,1,0.7735249859417701,1.414395785323615
7327,1959,4,4,36732.0,1,1,2013-12-29,71,21,5,3,10,1,7,3,1,1,4,2,0,0,0,0,0,0,3,11,0,47,6,2,0,0.42857142857142855,0.14285714285714285,0.5714285714285714,0.14285714285714285,0.3333333333333333,2013,12,0,-2.7152297794821276,-0.5352592568588943
5299,1970,4,4,69084.0,1,0,2013-11-19,43,1181,107,199,39,30,30,2,7,3,13,8,0,0,0,0,0,0,3,11,0,1586,23,1,0,0.08333333333333333,0.2916666666666667,0.5416666666666666,0.125,0.7777777777777778,2013,11,1,2.1488380938133336,0.8703176883706947
4127,1967,4,4,77766.0,0,1,2013-02-22,97,1004,59,265,115,59,27,2,11,10,11,6,1,0,0,0,0,0,3,11,1,1529,32,1,1,0.06060606060606061,0.3333333333333333,0.3333333333333333,0.30303030303030304,1.5714285714285714,2013,2,1,5.219017381343441,2.5573478395786506
8143,1985,4,0,37929.0,0,0,2013-07-30,49,202,2,46,3,2,10,2,4,2,5,7,0,1,0,1,0,0,3,11,1,265,11,0,2,0.16666666666666666,0.3333333333333333,0.4166666666666667,0.16666666666666666,0.5,2013,7,0,0.4996474796781056,-0.3554500366552781
1964,1951,2,4,86610.0,0,0,2013-09-05,66,446,107,768,33,196,53,1,5,6,6,2,0,0,0,0,0,0,3,11,0,1603,17,0,0,0.05555555555555555,0.2777777777777778,0.3333333333333333,0.3333333333333333,1.6666666666666667,2013,9,1,4.700545350639534,-1.106749299114912
3690,1986,3,4,80141.0,0,0,2013-01-11,20,1184,102,673,52,40,40,1,7,4,10,6,0,0,1,0,0,0,3,11,1,2091,21,0,1,0.045454545454545456,0.3181818181818182,0.45454545454545453,0.18181818181818182,1.0,2013,1,1,5.019308730069616,-0.6962930560111337
3433,1955,1,4,72635.0,0,0,2013-06-03,54,390,22,323,104,35,107,1,6,8,6,3,0,0,0,1,0,0,3,11,0,981,20,0,1,0.047619047619047616,0.2857142857142857,0.2857142857142857,0.38095238095238093,1.5,2013,6,1,4.0638785407441365,-0.620736332166757
3389,1970,2,4,69016.0,0,1,2012-11-22,61,726,53,363,123,107,161,4,8,9,13,5,0,0,0,0,0,0,3,11,0,1533,30,1,0,0.12903225806451613,0.25806451612903225,0.41935483870967744,0.2903225806451613,1.3333333333333333,2012,11,1,4.780712433706523,1.9589429625099544
4712,1991,1,4,20193.0,0,0,2012-11-28,18,8,8,22,24,11,9,1,1,1,4,4,0,0,0,0,0,0,3,11,0,82,6,0,0,0.14285714285714285,0.14285714285714285,0.5714285714285714,0.14285714285714285,0.2,2012,11,0,-1.9751611864004666,-2.7546908000408523
1170,1975,2,4,27573.0,1,0,2013-03-25,45,50,15,110,39,15,15,4,5,1,4,8,0,0,0,0,0,0,3,11,0,244,10,1,0,0.36363636363636365,0.45454545454545453,0.36363636363636365,0.09090909090909091,0.5555555555555556,2013,3,0,-2.0358978806683834,0.9435736152236411
6347,1979,0,0,15862.0,1,0,2013-06-27,26,1,1,4,11,9,10,1,1,0,3,8,0,0,0,0,0,0,3,11,0,36,4,1,0,0.2,0.2,0.6,0.0,0.1111111111111111,2013,6,0,-3.709321399871407,-2.1529248366583684
4065,1976,4,4,49544.0,1,0,2013-02-12,0,308,0,73,0,0,23,2,5,1,8,7,0,0,0,0,0,0,3,11,0,404,14,1,0,0.13333333333333333,0.3333333333333333,0.5333333333333333,0.06666666666666667,0.625,2013,2,0,-1.4198577598742719,0.09767485718510209
8230,1980,2,4,33228.0,1,0,2014-01-23,28,22,2,31,7,4,5,1,2,0,3,7,0,0,0,0,0,0,3,11,0,71,5,1,0,0.16666666666666666,0.3333333333333333,0.5,0.0,0.25,2014,1,0,-3.258857467566443,-1.4669295768148647
1215,1978,2,4,70440.0,0,0,2013-10-08,49,690,117,499,76,102,88,1,5,10,7,3,0,0,0,1,0,0,3,11,0,1572,22,0,1,0.043478260869565216,0.21739130434782608,0.30434782608695654,0.43478260869565216,1.25,2013,10,1,5.663081690984214,-1.3435429812976893
5939,1971,2,4,38232.0,1,1,2014-01-17,84,43,5,28,7,6,33,4,3,1,3,5,0,0,0,0,0,0,3,11,0,122,7,2,0,0.5,0.375,0.375,0.125,0.5,2014,1,0,-2.688941564683378,0.8151150193100537
2156,1955,4,4,22554.0,1,1,2012-11-03,38,27,0,10,0,0,4,4,2,0,4,5,0,0,0,0,0,0,3,11,0,41,6,2,0,0.5714285714285714,0.2857142857142857,0.5714285714285714,0.0,0.3333333333333333,2012,11,0,-3.4589971619322752,1.016001874384597
7788,1983,4,4,23536.0,1,0,2014-06-04,53,6,0,3,0,0,1,1,0,0,3,3,0,0,0,0,0,0,3,11,0,10,3,1,0,0.25,0.0,0.75,0.0,0.0,2014,6,0,-3.5917004742156444,-3.7452080602545155
10323,1952,2,4,49413.0,0,1,2013-10-25,88,205,7,41,3,2,46,2,4,2,5,5,0,0,0,0,0,0,3,11,0,304,11,1,0,0.16666666666666666,0.3333333333333333,0.4166666666666667,0.16666666666666666,0.6666666666666666,2013,10,0,-0.9341598421738632,0.707738271413392
7947,1969,2,4,42231.0,1,1,2014-03-25,99,24,0,8,0,1,4,1,1,0,3,5,0,0,0,0,0,0,3,11,0,37,4,2,0,0.2,0.2,0.6,0.0,0.16666666666666666,2014,3,0,-3.6214345587303205,-1.3983879407776734
1891,1980,3,1,78789.0,0,0,2012-08-08,12,667,50,850,21,83,83,1,4,6,5,2,0,0,0,0,0,0,3,11,1,1754,15,0,0,0.0625,0.25,0.3125,0.375,1.3333333333333333,2012,8,1,4.188554160734558,-0.919355186890498
2570,1968,2,4,56534.0,0,1,2013-07-23,35,691,7,61,10,0,46,4,10,4,7,8,0,1,0,0,1,0,3,11,1,815,21,1,2,0.18181818181818182,0.45454545454545453,0.3181818181818182,0.18181818181818182,1.1111111111111112,2013,7,1,2.248913382104279,3.465634359297153
9256,1971,2,0,58350.0,0,1,2013-01-04,5,493,26,206,116,80,80,4,8,3,12,6,0,0,0,0,0,0,3,11,0,1001,23,1,0,0.16666666666666666,0.3333333333333333,0.5,0.125,1.1428571428571428,2013,1,1,2.003693829980486,1.3093302609653277
295,1989,2,0,81217.0,0,0,2013-07-19,77,493,70,324,146,40,84,1,3,7,11,1,0,0,0,0,0,0,3,11,0,1157,21,0,0,0.045454545454545456,0.13636363636363635,0.5,0.3181818181818182,1.5,2013,7,1,3.7258541670102723,-2.469977866962118
7397,1951,2,0,49090.0,0,1,2013-07-19,45,494,5,82,7,0,100,3,7,2,9,7,0,0,0,0,0,0,3,11,0,688,18,1,0,0.15789473684210525,0.3684210526315789,0.47368421052631576,0.10526315789473684,0.875,2013,7,0,0.14582017102078565,1.8706397802213726
6349,1987,3,1,61787.0,0,0,2013-07-06,71,621,73,414,78,48,85,1,8,4,6,5,0,0,0,0,0,0,3,11,0,1319,18,0,0,0.05263157894736842,0.42105263157894735,0.3157894736842105,0.21052631578947367,1.3333333333333333,2013,7,1,2.824959219214937,0.24521565143800664
10790,1985,4,4,18169.0,1,0,2013-02-19,40,9,0,5,0,0,7,1,1,0,2,8,0,0,0,0,0,0,3,11,0,21,3,1,0,0.25,0.25,0.5,0.0,0.1111111111111111,2013,2,0,-3.7560607052619033,-1.3973459806498263
10398,1981,1,0,24336.0,1,0,2012-08-27,82,1,6,2,8,2,12,1,1,0,2,7,0,0,0,0,0,0,3,11,0,31,3,1,0,0.25,0.25,0.5,0.0,0.125,2012,8,0,-3.527032000150918,-1.4506366339409427
2431,1990,2,4,18222.0,0,0,2012-12-31,70,12,4,19,12,6,14,1,2,0,3,8,0,0,0,0,0,0,3,11,0,67,5,0,0,0.16666666666666666,0.3333333333333333,0.5,0.0,0.2222222222222222,2012,12,0,-2.7173023375270584,-1.1281587394598926
550,1952,2,1,62335.0,0,1,2013-05-23,87,243,131,217,85,6,26,2,3,3,13,2,0,0,0,0,0,0,3,11,0,708,19,1,0,0.1,0.15,0.65,0.15,1.0,2013,5,1,1.5057852898177702,-1.2823461684294408
1890,1971,1,4,42033.0,1,1,2012-09-19,95,11,1,4,2,0,7,1,1,0,2,7,0,0,0,0,0,0,3,11,0,25,3,2,0,0.25,0.25,0.5,0.0,0.125,2012,9,0,-3.755800567161028,-0.2591736611377304
10742,1983,4,4,86580.0,0,0,2013-02-27,72,532,21,127,26,20,20,0,4,2,5,1,0,0,1,0,0,0,3,11,0,746,11,0,1,0.0,0.3333333333333333,0.4166666666666667,0.16666666666666666,2.0,2013,2,1,1.9541988331339126,-1.7075745169424263
10356,1957,4,1,41437.0,1,1,2012-09-22,5,29,0,2,0,0,1,1,1,0,3,7,0,0,0,0,0,0,3,11,0,32,4,2,0,0.2,0.2,0.6,0.0,0.125,2012,9,0,-3.6208390098534013,-0.21976598214645093
4676,1951,3,2,73705.0,0,2,2014-03-05,86,612,91,520,258,107,107,2,9,6,8,5,0,0,0,0,0,0,3,11,0,1695,23,2,0,0.08333333333333333,0.375,0.3333333333333333,0.25,1.5,2014,3,1,4.443382233138313,2.165390220347282
8852,1976,2,4,61064.0,0,1,2012-08-31,80,387,126,342,0,45,180,5,8,4,11,6,0,0,0,0,0,0,3,11,0,1080,23,1,0,0.20833333333333334,0.3333333333333333,0.4583333333333333,0.16666666666666666,1.1428571428571428,2012,8,1,2.5175236979613516,2.190885256366994
3565,1955,3,4,38452.0,1,1,2014-03-30,62,56,0,14,0,0,2,3,3,0,3,7,0,0,0,0,0,0,3,11,0,72,6,2,0,0.42857142857142855,0.42857142857142855,0.42857142857142855,0.0,0.375,2014,3,0,-3.3986537751307133,1.1755543284131
5294,1989,2,0,18358.0,1,0,2013-11-20,49,6,8,19,16,4,4,3,3,0,4,7,0,0,0,0,0,0,3,11,0,57,7,1,0,0.375,0.375,0.5,0.0,0.375,2013,11,0,-3.164382774099855,-0.3297296275240563
1958,1973,4,4,55012.0,0,1,2014-03-21,85,582,0,65,0,0,13,6,8,2,9,5,0,0,0,0,0,0,3,11,0,660,19,1,0,0.3,0.4,0.45,0.1,1.3333333333333333,2014,3,0,0.0848891820377514,2.265311486748845
7349,1973,0,4,9722.0,1,0,2012-10-02,7,6,17,16,6,16,42,4,3,1,3,8,0,0,0,0,0,0,3,11,1,103,7,1,0,0.5,0.375,0.375,0.125,0.3333333333333333,2012,10,0,-2.485286787160612,0.7439466801788973
8799,1984,4,4,38175.0,1,0,2013-09-23,6,70,6,69,2,3,3,3,3,1,4,7,0,0,0,0,0,0,3,11,0,153,8,1,0,0.3333333333333333,0.3333333333333333,0.4444444444444444,0.1111111111111111,0.375,2013,9,0,-2.4481365434915165,-0.029380236052112603
1351,1956,3,4,58656.0,0,1,2012-09-20,25,962,12,194,16,24,12,4,7,8,13,6,0,0,1,0,0,0,3,11,0,1220,28,1,1,0.13793103448275862,0.2413793103448276,0.4482758620689655,0.27586206896551724,1.0,2012,9,1,3.4108411692238345,1.8058803072187202
1045,1965,2,4,52117.0,0,1,2012-08-16,55,112,10,107,30,0,20,2,5,2,4,7,0,0,0,0,0,0,3,11,0,279,11,1,0,0.16666666666666666,0.4166666666666667,0.3333333333333333,0.16666666666666666,0.625,2012,8,0,-1.0106076955132808,1.4477072536866042
7732,1978,2,4,64813.0,1,0,2014-01-02,81,293,0,124,179,97,52,1,7,2,10,5,0,0,0,0,0,0,3,11,0,745,19,1,0,0.05,0.35,0.5,0.1,1.1666666666666667,2014,1,1,1.1001834061054263,-0.619603085278505
8070,1973,4,4,54222.0,0,1,2014-03-01,98,199,12,31,3,12,7,1,3,3,5,3,0,0,0,0,0,0,3,11,0,264,11,1,0,0.08333333333333333,0.25,0.4166666666666667,0.25,0.75,2014,3,0,-0.6584089630700025,-0.7424292058641714
477,1986,2,4,83512.0,0,0,2014-06-17,31,1060,61,835,80,20,101,1,4,7,10,1,1,0,1,1,1,0,3,11,1,2157,21,0,4,0.045454545454545456,0.18181818181818182,0.45454545454545453,0.3181818181818182,2.0,2014,6,1,7.9411563104248435,-2.4417758254196604
7832,1959,3,4,77520.0,0,1,2013-08-28,30,940,44,396,0,88,58,1,8,7,7,4,1,0,1,1,0,0,3,11,1,1526,22,1,3,0.043478260869565216,0.34782608695652173,0.30434782608695654,0.30434782608695654,1.6,2013,8,1,5.782941519063046,1.2067939813874604
2202,1978,2,4,41154.0,0,1,2013-04-09,98,44,2,11,2,3,7,1,1,0,4,5,0,0,0,0,0,0,3,11,0,69,5,1,0,0.16666666666666666,0.16666666666666666,0.6666666666666666,0.0,0.16666666666666666,2013,4,0,-2.851794449469071,-1.9051632023511884
7396,1966,2,4,80398.0,0,0,2012-11-10,92,342,51,936,207,35,26,1,5,8,12,3,0,0,1,0,0,0,3,11,0,1597,25,0,1,0.038461538461538464,0.19230769230769232,0.46153846153846156,0.3076923076923077,1.25,2012,11,1,5.636048551511537,-1.7147327780481953
4055,1992,0,0,18746.0,1,0,2014-05-29,41,2,10,11,12,9,20,2,3,0,3,6,0,0,0,0,0,0,3,11,0,64,6,1,0,0.2857142857142857,0.42857142857142855,0.42857142857142855,0.0,0.42857142857142855,2014,5,0,-3.1318473844376324,-0.9595600489295528
10340,1984,2,4,35196.0,1,0,2012-11-13,68,75,12,141,43,39,187,6,6,1,5,8,0,0,0,0,0,0,3,11,0,497,12,1,0,0.46153846153846156,0.46153846153846156,0.38461538461538464,0.07692307692307693,0.6666666666666666,2012,11,0,-0.9091305698586959,2.215848069392811
10091,1956,2,0,60230.0,0,1,2013-05-20,78,520,20,367,39,81,40,2,6,3,6,5,0,0,0,0,0,0,3,11,0,1067,15,1,0,0.125,0.375,0.375,0.1875,1.0,2013,5,1,1.3309721641779146,0.9391149794676112
7629,1977,2,4,22108.0,1,1,2014-05-08,46,5,3,9,6,2,6,2,2,0,3,7,0,0,0,0,0,0,3,11,0,31,5,2,0,0.3333333333333333,0.3333333333333333,0.5,0.0,0.25,2014,5,0,-3.8018433149736155,-0.11645355419678098
10640,1974,2,4,44392.0,1,1,2013-09-05,71,87,5,71,7,12,29,5,4,1,4,7,0,0,0,0,0,0,3,11,0,211,9,2,0,0.5,0.4,0.4,0.1,0.5,2013,9,0,-2.4839555566538145,1.87286083423404
3498,1976,4,4,55424.0,0,1,2012-11-25,6,462,61,184,10,53,107,4,7,5,9,6,1,0,0,0,0,0,3,11,1,877,21,1,1,0.18181818181818182,0.3181818181818182,0.4090909090909091,0.22727272727272727,1.0,2012,11,1,2.3611926558209375,2.348762191856756
6742,1979,2,4,17688.0,1,0,2013-01-13,82,2,2,1,3,1,2,1,1,0,2,8,0,0,0,0,0,1,3,11,0,11,3,1,0,0.25,0.25,0.5,0.0,0.1111111111111111,2013,1,0,-3.9241148176656284,-1.5498737719903686
1172,1983,4,4,92491.0,0,0,2013-05-01,71,979,44,935,29,25,22,1,7,5,12,3,0,1,1,1,0,0,3,11,1,2034,24,0,3,0.04,0.28,0.48,0.2,1.75,2013,5,1,6.908478984125136,-0.8512007999130387
569,1991,2,0,90273.0,0,0,2013-12-14,32,704,129,853,120,74,111,1,5,6,7,2,0,1,1,1,0,0,3,11,1,1991,18,0,3,0.05263157894736842,0.2631578947368421,0.3684210526315789,0.3157894736842105,1.6666666666666667,2013,12,1,7.6252358449313205,-1.7705879892655791
4686,1962,4,2,82571.0,0,0,2014-04-02,28,861,31,558,62,95,79,0,6,5,13,2,0,0,1,0,0,0,3,11,0,1686,24,0,1,0.0,0.24,0.52,0.2,2.0,2014,4,1,5.293947692615382,-1.600464697698984
1381,1982,4,0,38513.0,1,0,2014-01-28,20,172,3,115,16,0,18,5,6,1,5,8,0,0,0,0,0,0,3,11,1,324,12,1,0,0.38461538461538464,0.46153846153846156,0.38461538461538464,0.07692307692307693,0.6666666666666666,2014,1,0,-1.6006836923851961,1.3794798300179258
2634,1979,3,0,16653.0,1,0,2014-04-18,10,5,7,31,15,4,7,3,2,1,3,6,0,0,0,0,0,0,3,11,1,69,6,1,0,0.42857142857142855,0.2857142857142857,0.42857142857142855,0.14285714285714285,0.2857142857142857,2014,4,0,-2.581557990018517,-0.851129009293829
10905,1955,2,4,42586.0,1,1,2012-10-29,7,194,2,56,0,0,0,5,4,1,6,8,0,0,0,0,0,0,3,11,1,252,11,2,0,0.4166666666666667,0.3333333333333333,0.5,0.08333333333333333,0.4444444444444444,2012,10,0,-2.2284319480089017,2.2154538751487043
1744,1965,0,0,23529.0,0,1,2013-01-07,67,9,7,13,3,2,20,1,1,1,2,6,0,0,0,0,0,0,3,11,0,54,4,1,0,0.2,0.2,0.4,0.2,0.14285714285714285,2013,1,0,-2.5300571251218207,-1.3103816194595432
1000,1961,3,4,74881.0,1,1,2013-03-08,48,505,72,270,36,27,54,4,9,2,12,5,0,0,0,0,0,0,3,11,0,964,23,2,0,0.16666666666666666,0.375,0.5,0.08333333333333333,1.5,2013,3,1,1.2589407224642182,2.3790322604858836
3828,1951,2,4,71107.0,0,1,2013-02-17,61,533,10,217,198,174,195,2,7,6,13,4,0,0,0,0,0,0,3,11,0,1327,26,1,0,0.07407407407407407,0.25925925925925924,0.48148148148148145,0.2222222222222222,1.4,2013,2,1,4.38882912895986,0.7281024650622848
8605,1964,4,4,46910.0,1,1,2014-03-23,36,48,0,14,0,0,6,2,2,0,3,6,0,0,0,0,0,0,3,11,0,68,5,2,0,0.3333333333333333,0.3333333333333333,0.5,0.0,0.2857142857142857,2014,3,0,-3.386397118106007,0.14291617496244982
10304,1959,2,4,18690.0,0,0,2012-12-28,77,6,1,7,23,4,19,1,1,1,2,8,0,0,0,0,0,0,3,11,0,60,4,0,0,0.2,0.2,0.4,0.2,0.1111111111111111,2012,12,0,-2.211945424967117,-1.2133924330425292
4351,1955,2,1,37244.0,1,1,2013-04-27,90,18,2,10,0,0,25,1,1,1,2,7,1,0,0,0,0,0,3,11,0,55,4,2,1,0.2,0.2,0.4,0.2,0.125,2013,4,0,-2.7155493881361235,-0.22048943064002127
10129,1966,2,4,82427.0,0,0,2014-03-12,35,482,147,509,104,107,107,1,3,5,12,1,0,0,1,0,0,0,3,11,0,1456,20,0,1,0.047619047619047616,0.14285714285714285,0.5714285714285714,0.23809523809523808,1.5,2014,3,1,5.225232097764108,-3.2118969392839145
2499,1958,1,0,75342.0,0,1,2013-05-06,38,204,97,97,21,118,26,1,5,2,10,4,0,0,0,0,0,0,3,11,0,563,17,1,0,0.05555555555555555,0.2777777777777778,0.5555555555555556,0.1111111111111111,1.0,2013,5,1,1.10890607006609,-0.5631795198444629
10092,1954,2,1,70044.0,0,1,2013-02-18,46,1073,0,250,153,14,14,4,7,10,5,5,0,0,0,0,0,0,3,11,0,1504,22,1,0,0.17391304347826086,0.30434782608695654,0.21739130434782608,0.43478260869565216,1.1666666666666667,2013,2,1,3.351197123348987,1.890909102113771
7500,1967,2,0,79146.0,1,1,2014-04-24,33,245,16,223,21,43,16,2,8,1,8,6,0,0,0,0,0,0,3,11,0,564,17,2,0,0.1111111111111111,0.4444444444444444,0.4444444444444444,0.05555555555555555,1.1428571428571428,2014,4,0,-0.41370023678394846,1.537420525111374
5796,1963,2,4,77437.0,0,0,2013-11-26,70,560,21,442,29,44,29,1,4,5,13,1,0,0,1,0,0,0,3,11,0,1125,22,0,1,0.043478260869565216,0.17391304347826086,0.5652173913043478,0.21739130434782608,2.0,2013,11,1,3.836777287873467,-1.95370093796846
10556,1959,2,4,54984.0,0,1,2014-05-24,51,173,13,131,32,3,6,4,6,1,6,7,0,0,0,1,0,0,3,11,0,358,13,1,1,0.2857142857142857,0.42857142857142855,0.42857142857142855,0.07142857142857142,0.75,2014,5,0,-0.2627945820942069,1.1481087240574168
1064,1971,4,4,42403.0,1,0,2013-12-11,18,22,1,11,0,5,3,1,1,0,3,8,0,0,0,0,0,0,3,11,0,42,4,1,0,0.2,0.2,0.6,0.0,0.1111111111111111,2013,12,0,-3.39318153479887,-1.399605795315028
48,1964,2,4,55761.0,0,1,2014-04-24,97,136,1,12,0,3,32,2,4,1,3,6,0,1,0,0,0,0,3,11,0,184,8,1,1,0.2222222222222222,0.4444444444444444,0.3333333333333333,0.1111111111111111,0.5714285714285714,2014,4,0,-1.1495054996270067,0.9681057299386447
7610,1983,2,4,37292.0,1,0,2013-04-18,32,275,0,86,10,23,66,5,6,3,5,8,0,0,0,0,0,0,3,11,0,460,14,1,0,0.3333333333333333,0.4,0.3333333333333333,0.2,0.6666666666666666,2013,4,0,-0.9757367541707909,1.4473213790988677
263,1945,4,0,45576.0,0,0,2014-05-28,9,56,19,29,2,14,25,1,3,1,3,8,0,0,0,0,0,0,3,11,1,145,7,0,0,0.125,0.375,0.375,0.125,0.3333333333333333,2014,5,0,-1.2717543514545848,-0.3481411062826832
10814,1947,2,4,70321.0,0,0,2013-01-16,6,303,23,751,82,26,191,1,6,5,13,4,0,0,0,0,0,0,3,11,1,1376,24,0,0,0.04,0.24,0.52,0.2,1.2,2013,1,1,3.9746600709950526,-0.5756367213185605
9710,1969,4,1,58086.0,0,1,2013-01-20,80,708,7,62,0,0,15,2,11,3,7,8,0,0,0,0,0,0,3,11,0,792,21,1,0,0.09090909090909091,0.5,0.3181818181818182,0.13636363636363635,1.2222222222222223,2013,1,1,0.6415359967487525,3.0659247655772637
9292,1952,2,4,81795.0,0,0,2012-10-26,74,324,132,693,27,118,88,1,4,11,7,2,0,0,0,0,0,0,3,11,0,1382,22,0,0,0.043478260869565216,0.17391304347826086,0.30434782608695654,0.4782608695652174,1.3333333333333333,2012,10,1,5.129701402982463,-1.0923529649559123
10250,1947,0,4,28389.0,0,0,2012-11-20,49,1,5,3,7,4,8,1,1,0,2,7,0,0,0,0,0,0,3,11,0,28,3,0,0,0.25,0.25,0.5,0.0,0.125,2012,11,0,-2.7715740680613217,-1.4583897567031918
7881,1946,3,4,66835.0,0,0,2013-09-28,21,620,26,195,34,17,141,1,6,4,13,2,0,0,0,0,0,0,3,11,0,1033,23,0,0,0.041666666666666664,0.25,0.5416666666666666,0.16666666666666666,2.0,2013,9,1,2.9142203746957396,-0.22863813923649595
5847,1969,2,1,69901.0,0,1,2013-05-29,95,312,21,206,102,92,149,3,7,3,10,5,0,0,0,0,0,0,3,11,0,882,20,1,0,0.14285714285714285,0.3333333333333333,0.47619047619047616,0.14285714285714285,1.1666666666666667,2013,5,1,1.998637042661667,1.0345185943229134
737,1949,4,4,80360.0,0,0,2013-03-03,56,1493,86,454,112,43,43,2,4,4,5,2,0,1,1,1,0,0,3,11,0,2231,13,0,3,0.14285714285714285,0.2857142857142857,0.35714285714285715,0.2857142857142857,1.3333333333333333,2013,3,1,6.31999274695658,-0.8750795379872426
3571,1961,4,4,63342.0,0,1,2012-10-16,48,918,21,118,13,10,21,3,8,3,5,6,0,1,0,0,0,0,3,11,1,1101,16,1,1,0.17647058823529413,0.47058823529411764,0.29411764705882354,0.17647058823529413,1.1428571428571428,2012,10,1,1.8327675918743271,3.417303664762793
7807,1974,2,4,44989.0,0,1,2012-09-12,26,98,0,106,49,10,106,5,5,1,5,6,0,0,0,0,0,0,3,11,0,369,11,1,0,0.4166666666666667,0.4166666666666667,0.4166666666666667,0.08333333333333333,0.7142857142857143,2012,9,0,-0.968639755249423,1.9074686717917009
3878,1980,1,0,31859.0,1,0,2014-02-27,3,3,4,7,15,8,11,1,1,0,3,7,0,0,0,0,0,0,3,11,0,48,4,1,0,0.2,0.2,0.6,0.0,0.125,2014,2,0,-3.471784823568574,-2.527706410646659
5092,1949,4,2,51569.0,0,1,2013-02-12,39,380,0,47,6,0,34,4,7,1,7,8,0,1,0,0,0,0,3,11,1,467,15,1,1,0.25,0.4375,0.4375,0.0625,0.7777777777777778,2013,2,0,-0.0061432742274068804,2.7959976067078407
2154,1971,2,2,30372.0,1,1,2012-12-25,33,15,0,12,7,3,7,3,2,0,3,7,0,0,0,0,0,0,3,11,0,44,5,2,0,0.5,0.3333333333333333,0.5,0.0,0.25,2012,12,0,-3.634911782969229,0.8725074769224908
5394,1979,0,0,16014.0,1,1,2013-03-17,42,3,9,4,7,8,7,4,1,1,4,3,0,0,0,0,0,0,3,11,0,38,6,2,0,0.5714285714285714,0.14285714285714285,0.5714285714285714,0.14285714285714285,0.25,2013,3,0,-3.210021102007566,-1.1724217267304577
3798,1968,2,4,41120.0,1,1,2013-11-06,80,24,2,23,0,8,24,3,2,1,3,6,0,0,0,0,0,0,3,11,0,81,6,2,0,0.42857142857142855,0.2857142857142857,0.42857142857142855,0.14285714285714285,0.2857142857142857,2013,11,0,-2.897472454598936,0.5727620081048659
3524,1971,3,0,39763.0,1,0,2013-08-04,9,80,1,60,4,6,16,2,5,1,2,9,0,0,0,0,0,0,3,11,1,167,8,1,0,0.2222222222222222,0.5555555555555556,0.2222222222222222,0.1111111111111111,0.5,2013,8,0,-2.01055084360637,1.7028283464666474
5247,1955,4,4,38725.0,1,1,2014-05-10,52,31,0,6,2,1,5,2,1,0,4,4,0,0,0,0,0,0,3,11,0,45,5,2,0,0.3333333333333333,0.16666666666666666,0.6666666666666666,0.0,0.2,2014,5,0,-3.4392842371220658,-1.0751324168389877
5883,1972,2,4,77981.0,1,0,2013-05-26,78,138,120,204,16,126,60,3,7,4,7,5,0,0,0,0,0,0,3,11,0,664,18,1,0,0.15789473684210525,0.3684210526315789,0.3684210526315789,0.21052631578947367,1.1666666666666667,2013,5,1,1.5882828504789248,0.46383691514732084
2118,1964,1,4,62905.0,0,1,2013-09-10,68,166,75,96,119,107,59,3,7,2,8,4,0,0,0,0,0,0,3,11,0,622,17,1,0,0.16666666666666666,0.3888888888888889,0.4444444444444444,0.1111111111111111,1.4,2013,9,1,1.4223712247823859,0.8971465646494627
8812,1979,1,1,13533.0,1,0,2013-03-10,45,12,3,8,8,0,17,2,2,0,3,7,0,0,0,0,0,0,3,11,0,48,5,1,0,0.3333333333333333,0.3333333333333333,0.5,0.0,0.25,2013,3,0,-3.469263191490262,-1.0224592802678307
6616,1975,2,4,59481.0,0,1,2013-10-23,47,178,3,85,71,66,58,2,3,3,8,2,0,0,0,0,0,0,3,11,0,461,14,1,0,0.13333333333333333,0.2,0.5333333333333333,0.2,1.0,2013,10,0,0.4328758704794794,-0.8554003859825522
2797,1977,2,4,72117.0,0,1,2013-08-20,34,707,20,171,65,60,50,1,9,7,9,5,0,0,0,0,0,0,3,11,0,1073,25,1,0,0.038461538461538464,0.34615384615384615,0.34615384615384615,0.2692307692307692,1.5,2013,8,1,2.807016912390836,1.4652789766491676
4328,1986,1,4,21955.0,1,0,2013-09-07,81,5,1,7,17,14,11,2,2,1,3,6,0,0,0,0,0,0,3,11,0,55,6,1,0,0.2857142857142857,0.2857142857142857,0.42857142857142855,0.14285714285714285,0.2857142857142857,2013,9,0,-2.7708344586865983,-1.0714814203652314
9167,1956,2,4,67131.0,0,1,2013-03-26,72,465,71,250,93,35,62,3,9,2,12,6,0,0,0,0,0,0,3,11,0,976,23,1,0,0.125,0.375,0.5,0.08333333333333333,1.2857142857142858,2013,3,1,1.958381105248853,1.666175922895228
10560,1980,4,0,36802.0,1,0,2014-06-16,23,16,1,2,0,0,1,1,1,0,3,5,0,0,0,0,0,0,3,11,0,20,4,1,0,0.2,0.2,0.6,0.0,0.16666666666666666,2014,6,0,-3.3293047073060955,-2.2863791189783758
2631,1982,2,4,71853.0,0,0,2013-05-08,29,358,108,413,141,97,32,1,2,8,6,1,0,0,0,0,0,0,3,11,0,1149,16,0,0,0.058823529411764705,0.11764705882352941,0.35294117647058826,0.47058823529411764,1.0,2013,5,1,3.723377657439626,-2.847692678222633
8312,1961,0,4,28249.0,0,0,2014-06-15,80,1,9,7,2,14,10,1,2,0,3,6,0,0,0,0,0,0,3,11,0,43,5,0,0,0.16666666666666666,0.3333333333333333,0.5,0.0,0.2857142857142857,2014,6,0,-2.5180876779532304,-1.8768633315213534
5534,1975,3,4,47808.0,0,1,2013-10-20,30,123,1,26,2,0,72,2,3,2,3,7,1,0,0,0,0,0,3,11,0,224,8,1,1,0.2222222222222222,0.3333333333333333,0.3333333333333333,0.2222222222222222,0.375,2013,10,0,-1.113098707237953,0.8052056948415798
5093,1974,4,1,25509.0,1,0,2012-09-18,15,40,3,30,10,7,11,3,3,0,3,9,0,0,0,0,0,0,3,11,1,101,6,1,0,0.42857142857142855,0.42857142857142855,0.42857142857142855,0.0,0.3,2012,9,0,-2.8796298212735247,1.0186569014513163
7592,1946,4,4,51012.0,0,0,2013-04-18,86,102,9,63,2,9,24,1,4,1,4,6,0,0,0,0,0,0,3,11,0,209,9,0,0,0.1,0.4,0.4,0.1,0.5714285714285714,2013,4,0,-1.0687050618585652,-0.10984944467109335
8895,1985,2,0,70596.0,0,0,2012-10-05,68,347,44,534,17,0,26,1,3,5,12,2,0,0,0,0,0,0,3,11,0,968,20,0,0,0.047619047619047616,0.14285714285714285,0.5714285714285714,0.23809523809523808,1.0,2012,10,1,2.1119832716882225,-2.1274321264659495
8584,1952,4,4,85431.0,0,0,2013-06-08,54,376,53,462,168,53,53,1,2,7,7,0,0,0,0,0,0,0,3,11,0,1165,16,0,0,0.058823529411764705,0.11764705882352941,0.4117647058823529,0.4117647058823529,2.0,2013,6,1,3.8950057760554455,-2.166406023602687
2694,1967,2,4,42664.0,0,1,2014-03-18,44,21,0,3,0,0,0,1,1,0,3,6,0,0,0,0,0,0,3,11,0,24,4,1,0,0.2,0.2,0.6,0.0,0.14285714285714285,2014,3,0,-3.092240553297171,-1.7145365197716562
8910,1955,2,4,42586.0,1,1,2012-10-29,7,194,2,56,0,0,0,5,4,1,6,8,0,0,0,0,0,0,3,11,1,252,11,2,0,0.4166666666666667,0.3333333333333333,0.5,0.08333333333333333,0.4444444444444444,2012,10,0,-2.2284319480089017,2.2154538751487043
7433,1985,2,0,29760.0,1,0,2012-08-29,87,64,4,68,7,5,17,4,3,1,4,8,0,0,0,0,0,0,3,11,0,165,8,1,0,0.4444444444444444,0.3333333333333333,0.4444444444444444,0.1111111111111111,0.3333333333333333,2012,8,0,-2.5862663422024523,0.2800462410753609
164,1977,4,4,28973.0,0,0,2012-10-13,59,206,0,46,3,2,12,2,5,1,5,8,0,0,0,0,0,0,3,11,0,269,11,0,0,0.16666666666666666,0.4166666666666667,0.4166666666666667,0.08333333333333333,0.5555555555555556,2012,10,0,-1.391088756029216,0.6236549614316449
10477,1973,4,4,39435.0,1,0,2013-08-06,16,71,0,18,0,0,13,1,3,1,2,7,0,0,0,0,0,0,3,11,0,102,6,1,0,0.14285714285714285,0.42857142857142855,0.2857142857142857,0.14285714285714285,0.375,2013,8,0,-2.442313504878855,0.3250221786995393
2681,1984,1,4,65370.0,0,0,2013-08-01,1,71,22,112,138,89,29,1,2,3,13,1,0,0,0,0,0,0,3,11,0,461,18,0,0,0.05263157894736842,0.10526315789473684,0.6842105263157895,0.15789473684210525,1.0,2013,8,1,1.4324602640333357,-3.382349407391493
5150,1979,0,0,20194.0,1,0,2012-12-17,64,0,4,7,11,10,15,2,2,0,3,6,0,0,0,0,0,0,3,11,0,47,5,1,0,0.3333333333333333,0.3333333333333333,0.5,0.0,0.2857142857142857,2012,12,0,-3.230529636728568,-0.7993490466787494
5283,1976,4,0,42473.0,1,1,2014-02-17,72,93,1,21,0,4,25,3,2,1,4,5,0,0,0,0,0,0,3,11,0,144,7,2,0,0.375,0.25,0.5,0.125,0.3333333333333333,2014,2,0,-2.744747821023356,-0.18696830942360457
9645,1968,2,4,64590.0,0,0,2012-10-14,98,920,138,168,36,46,30,1,9,4,10,6,0,0,0,0,0,0,3,11,0,1338,23,0,0,0.041666666666666664,0.375,0.4166666666666667,0.16666666666666666,1.2857142857142858,2012,10,1,3.1361291753358906,0.7984326277113151
10678,1959,2,4,71232.0,0,1,2013-11-28,91,653,17,170,34,26,17,2,11,2,10,7,0,0,0,0,0,0,3,11,0,917,23,1,0,0.08333333333333333,0.4583333333333333,0.4166666666666667,0.08333333333333333,1.375,2013,11,1,1.3486472359114896,2.709973610506237
7261,1971,2,4,34600.0,1,1,2013-01-01,8,199,33,60,8,3,15,5,5,2,5,8,0,0,0,0,0,0,3,11,1,318,12,2,0,0.38461538461538464,0.38461538461538464,0.38461538461538464,0.15384615384615385,0.5555555555555556,2013,1,0,-1.7285580726003782,2.108346648069465
9648,1967,2,0,46904.0,1,1,2012-11-03,20,153,4,56,0,9,31,4,5,1,4,8,0,0,0,0,0,0,3,11,0,253,10,2,0,0.36363636363636365,0.45454545454545453,0.36363636363636365,0.09090909090909091,0.5555555555555556,2012,11,0,-2.2745068865468436,2.5765607628555576
2870,1973,2,4,49094.0,0,1,2012-09-21,6,376,0,38,11,8,69,5,6,3,6,6,0,0,0,0,0,0,3,11,0,502,15,1,0,0.3125,0.375,0.375,0.1875,0.8571428571428571,2012,9,0,-0.25184753136518,2.214704064594161
8008,1983,2,4,36075.0,1,0,2013-12-09,54,46,0,30,12,1,30,1,2,0,4,6,0,0,0,0,0,0,3,11,0,119,6,1,0,0.14285714285714285,0.2857142857142857,0.5714285714285714,0.0,0.2857142857142857,2013,12,0,-2.915856782424472,-1.3349366506030205
1513,1979,1,4,60839.0,1,1,2012-08-28,72,600,21,128,223,150,128,13,2,2,12,8,0,0,0,0,0,0,3,11,0,1250,16,2,0,0.7647058823529411,0.11764705882352941,0.7058823529411765,0.11764705882352941,0.2222222222222222,2012,8,1,0.7956325133852407,1.73648509195745
6173,1979,2,4,77298.0,0,1,2013-11-02,46,425,115,292,23,35,79,1,6,6,11,3,0,0,0,0,0,0,3,11,0,969,23,1,0,0.041666666666666664,0.25,0.4583333333333333,0.25,1.5,2013,11,1,2.8234561538617142,0.06739684829923086
1419,1950,2,4,34026.0,1,1,2013-08-05,11,18,6,15,12,8,17,3,2,1,3,5,0,0,0,0,0,0,3,11,0,76,6,2,0,0.42857142857142855,0.2857142857142857,0.42857142857142855,0.14285714285714285,0.3333333333333333,2013,8,0,-2.7887954405786872,0.5687378342152899
9150,1963,4,0,48918.0,1,1,2014-04-12,21,52,0,9,0,0,1,2,1,0,4,4,0,0,0,0,0,0,3,11,0,62,5,2,0,0.3333333333333333,0.16666666666666666,0.6666666666666666,0.0,0.2,2014,4,0,-3.3687016191649044,-1.255099255214933
7960,1962,1,4,82122.0,0,0,2013-08-15,89,734,22,350,151,25,100,1,3,9,13,1,0,0,1,0,0,0,3,11,0,1382,25,0,1,0.038461538461538464,0.11538461538461539,0.5,0.34615384615384615,1.5,2013,8,1,5.24318870696803,-2.2652937897238634
1250,1976,2,0,37697.0,1,0,2014-02-07,82,34,6,21,11,4,8,1,2,1,3,6,0,0,0,0,0,0,3,11,0,84,6,1,0,0.14285714285714285,0.2857142857142857,0.42857142857142855,0.14285714285714285,0.2857142857142857,2014,2,0,-2.573707882081888,-1.5592892918537282
9905,1952,2,4,34074.0,1,1,2013-07-13,69,135,1,41,10,1,67,5,3,3,3,6,1,0,0,0,0,0,3,11,0,255,9,2,1,0.5,0.3,0.3,0.3,0.42857142857142855,2013,7,0,-1.4719151149876097,1.8744663287459198
10691,1960,3,4,28520.0,1,1,2013-06-14,55,11,0,10,0,2,20,1,1,1,2,6,0,0,0,0,0,0,3,11,0,43,4,2,0,0.2,0.2,0.4,0.2,0.14285714285714285,2013,6,0,-3.0831714347598127,-0.2916671382431142
7002,1955,2,0,62535.0,0,1,2013-10-03,13,163,48,90,0,45,52,1,3,2,8,3,0,0,0,0,0,0,3,11,0,398,13,1,0,0.07142857142857142,0.21428571428571427,0.5714285714285714,0.14285714285714285,0.75,2013,10,0,-0.05171286302675711,-0.8465136309066907
2952,1977,3,0,36273.0,1,0,2014-04-16,80,29,3,30,3,2,9,2,3,0,3,6,0,0,0,0,0,0,3,11,0,76,6,1,0,0.2857142857142857,0.42857142857142855,0.42857142857142855,0.0,0.42857142857142855,2014,4,0,-2.9363311686075897,-0.4506357252471781
8439,1964,2,4,63404.0,0,2,2014-06-06,97,734,26,70,11,44,17,2,6,3,4,4,0,0,0,1,0,0,3,11,0,902,13,2,1,0.14285714285714285,0.42857142857142855,0.2857142857142857,0.21428571428571427,1.2,2014,6,1,1.1703398173469735,1.8680059878632833
762,1981,1,4,75774.0,1,0,2014-05-02,27,340,21,134,258,14,56,1,7,5,8,4,0,0,0,0,0,0,3,11,0,823,20,1,0,0.047619047619047616,0.3333333333333333,0.38095238095238093,0.23809523809523808,1.4,2014,5,1,1.9499977301147084,-0.56612950861149
2831,1976,2,4,78416.0,0,1,2014-06-27,99,453,38,279,188,38,183,2,7,7,10,3,0,0,0,0,0,0,3,11,0,1179,24,1,0,0.08,0.28,0.4,0.28,1.75,2014,6,1,3.7965295853362355,0.47315081292211264
6977,1974,2,4,75702.0,0,1,2012-10-14,87,1073,0,629,145,37,37,1,10,5,13,6,0,0,1,0,0,0,3,11,0,1921,28,1,1,0.034482758620689655,0.3448275862068966,0.4482758620689655,0.1724137931034483,1.4285714285714286,2012,10,1,4.904962585101459,1.471415318476346
6289,1951,3,4,59385.0,1,1,2013-04-28,85,135,0,10,0,4,36,2,3,1,4,5,0,0,0,0,0,0,3,11,0,185,8,2,0,0.2222222222222222,0.3333333333333333,0.4444444444444444,0.1111111111111111,0.5,2013,4,0,-2.20790796349147,0.8082488381062154
4168,1966,2,0,37070.0,1,1,2013-03-20,30,231,7,137,4,15,39,9,5,1,8,7,0,0,0,0,0,0,3,11,1,433,14,2,0,0.6,0.3333333333333333,0.5333333333333333,0.06666666666666667,0.625,2013,3,0,-1.6420950348793064,2.564324797014425
8397,1951,2,4,44689.0,1,1,2014-01-10,82,18,0,5,0,0,11,2,1,1,2,7,1,0,0,0,0,0,3,11,0,34,4,2,1,0.4,0.2,0.4,0.2,0.125,2014,1,0,-2.822187658296072,-0.2194347587818995
9284,1958,2,4,53977.0,0,1,2013-06-08,21,620,16,165,0,24,82,5,5,5,12,5,0,0,0,0,0,0,3,11,0,907,22,1,0,0.21739130434782608,0.21739130434782608,0.5217391304347826,0.21739130434782608,0.8333333333333334,2013,6,1,1.3200035683004245,1.1391455974384173
6237,1966,4,0,7144.0,0,2,2013-12-07,92,81,4,33,5,2,291,0,23,1,1,0,0,0,0,0,0,0,3,11,0,416,25,2,0,0.0,0.8846153846153846,0.038461538461538464,0.038461538461538464,23.0,2013,12,1,6.5325360564657595,10.169454674217855
3130,1964,2,0,18701.0,1,1,2013-06-04,95,12,4,2,10,6,10,4,2,0,4,5,0,0,0,0,0,0,3,11,0,44,6,2,0,0.5714285714285714,0.2857142857142857,0.5714285714285714,0.0,0.3333333333333333,2013,6,0,-3.527403134459772,0.229865623352539
1619,1956,2,4,90369.0,0,0,2014-04-28,2,292,51,981,224,23,17,1,4,6,6,1,0,0,0,0,0,0,3,11,1,1588,16,0,0,0.058823529411764705,0.23529411764705882,0.35294117647058826,0.35294117647058826,2.0,2014,4,1,4.574128284874058,-1.9842707739008503
1990,1974,4,0,63159.0,0,0,2012-11-05,74,965,34,586,89,86,37,1,3,5,8,3,1,0,0,0,0,0,3,11,0,1797,16,0,1,0.058823529411764705,0.17647058823529413,0.47058823529411764,0.29411764705882354,0.75,2012,11,1,3.752166598863738,-1.3768704793688546
5513,1966,2,4,37758.0,1,1,2012-10-04,49,27,2,10,0,0,1,2,1,0,3,8,0,0,0,0,0,0,3,11,0,40,4,2,0,0.4,0.2,0.6,0.0,0.1111111111111111,2012,10,0,-3.859066109500654,-0.11177891365083169
269,1963,4,0,46757.0,0,1,2012-11-16,71,777,30,163,0,51,122,6,4,4,7,9,0,0,0,0,0,0,3,11,0,1143,15,1,0,0.375,0.25,0.4375,0.25,0.4,2012,11,1,0.8312288528844581,2.241090939173023
8093,1969,3,4,79734.0,0,0,2014-06-28,72,572,8,232,23,62,17,1,4,3,6,1,0,0,0,1,0,0,3,11,0,914,13,0,1,0.07142857142857142,0.2857142857142857,0.42857142857142855,0.21428571428571427,2.0,2014,6,1,2.4931387573190826,-1.6934860639948282
10513,1992,2,4,63207.0,0,0,2013-01-20,68,438,169,565,91,169,70,1,2,3,6,7,0,0,0,1,0,0,3,11,0,1502,11,0,1,0.08333333333333333,0.16666666666666666,0.5,0.25,0.25,2013,1,1,3.559283920572412,-3.1332577589219093
10177,1954,2,1,72071.0,0,1,2013-02-14,4,531,69,300,150,138,150,3,5,4,8,2,0,0,0,0,0,0,3,11,0,1338,17,1,0,0.16666666666666666,0.2777777777777778,0.4444444444444444,0.2222222222222222,1.6666666666666667,2013,2,1,3.4798683982623206,0.180659471130452
2549,1983,4,4,21840.0,1,0,2013-07-21,80,17,0,9,0,0,1,1,1,0,3,9,0,0,0,0,0,0,3,11,0,27,4,1,0,0.2,0.2,0.6,0.0,0.1,2013,7,0,-3.763644161709131,-1.5504926094854172
5782,1982,1,4,58582.0,0,1,2013-09-28,15,402,35,106,101,77,42,2,9,2,9,5,0,1,0,0,0,0,3,11,0,763,20,1,1,0.09523809523809523,0.42857142857142855,0.42857142857142855,0.09523809523809523,1.5,2013,9,1,1.9162905497103422,1.5367670618161589
10057,1951,2,0,72282.0,0,0,2013-07-19,70,503,27,419,90,139,153,1,5,7,9,7,0,0,0,0,0,0,3,11,1,1331,21,0,0,0.045454545454545456,0.22727272727272727,0.4090909090909091,0.3181818181818182,0.625,2013,7,1,3.926967732713833,-0.42525355331285447
10307,1956,2,4,50387.0,0,2,2013-08-31,91,369,9,87,12,14,34,3,6,2,8,5,0,0,0,0,0,0,3,11,0,525,16,2,0,0.17647058823529413,0.35294117647058826,0.47058823529411764,0.11764705882352941,1.0,2013,8,0,-0.4992380328604711,2.2069981926297872
8566,1961,4,4,32583.0,1,1,2014-06-15,10,5,0,3,0,0,1,1,1,0,2,7,0,0,0,0,0,0,3,11,0,9,3,2,0,0.25,0.25,0.5,0.0,0.125,2014,6,0,-3.872517847615797,-0.42955466727012986
2415,1962,2,4,62568.0,0,1,2014-04-07,99,362,17,398,80,35,61,3,5,3,5,4,0,0,0,1,0,0,3,11,0,953,13,1,1,0.21428571428571427,0.35714285714285715,0.35714285714285715,0.21428571428571427,1.0,2014,4,1,1.8245980041439611,0.2643378734046617
5684,1971,3,1,44635.0,1,1,2013-10-11,25,56,0,9,0,0,3,2,2,0,3,7,0,0,0,0,0,0,3,11,0,68,5,2,0,0.3333333333333333,0.3333333333333333,0.5,0.0,0.25,2013,10,0,-3.4913737641141314,0.43191618180288033
8334,1971,3,0,33316.0,1,1,2013-10-04,34,79,1,31,4,4,12,3,2,1,4,6,0,0,0,0,0,0,3,11,0,131,7,2,0,0.375,0.25,0.5,0.125,0.2857142857142857,2013,10,0,-2.9034906776758738,0.27184797006531564
9166,1968,2,4,63967.0,0,1,2013-08-09,57,387,84,141,73,35,162,3,4,4,12,2,0,0,0,0,0,0,3,11,0,882,20,1,0,0.14285714285714285,0.19047619047619047,0.5714285714285714,0.19047619047619047,1.3333333333333333,2013,8,1,2.2211128924295362,-0.20316585079586355
1440,1978,1,4,52513.0,0,0,2012-09-04,84,367,17,241,104,188,232,2,9,5,9,7,0,0,0,0,0,0,3,11,0,1149,23,0,0,0.08333333333333333,0.375,0.375,0.20833333333333334,1.125,2012,9,1,3.588810927465653,0.9931560356200752
78,1969,2,4,25293.0,1,0,2013-09-15,51,15,0,11,0,2,9,1,1,1,2,8,0,0,0,0,0,0,3,11,0,37,4,1,0,0.2,0.2,0.4,0.2,0.1111111111111111,2013,9,0,-3.019367755670821,-1.2102802934584362
5441,1965,4,2,54111.0,0,1,2013-08-25,97,267,6,54,8,3,50,2,5,2,6,5,0,0,0,0,0,0,3,11,0,388,13,1,0,0.14285714285714285,0.35714285714285715,0.42857142857142855,0.14285714285714285,0.8333333333333334,2013,8,0,-0.551428528620138,0.9894860615295361
5302,1986,2,4,78394.0,0,0,2013-02-15,13,298,27,697,216,24,166,1,4,6,5,2,0,0,0,0,0,0,3,11,1,1428,15,0,0,0.0625,0.25,0.3125,0.375,1.3333333333333333,2013,2,1,4.091710542773143,-1.5565318013455705
4687,1958,3,4,80739.0,0,0,2013-05-23,92,674,92,736,39,0,92,1,3,11,9,1,0,0,0,0,0,0,3,11,0,1633,23,0,0,0.041666666666666664,0.125,0.375,0.4583333333333333,1.5,2013,5,1,4.896386806796814,-1.5938271309723566
1087,1975,3,4,22669.0,1,0,2013-05-22,30,16,14,36,37,22,48,3,4,1,2,9,0,0,0,0,0,0,3,11,1,173,7,1,0,0.375,0.5,0.25,0.125,0.4,2013,5,0,-2.049568660639741,1.3848039320897674
6859,1987,2,0,29236.0,1,0,2013-10-08,30,37,4,24,16,9,9,2,4,0,3,9,0,0,0,0,0,0,3,11,0,99,7,1,0,0.25,0.5,0.375,0.0,0.4,2013,10,0,-3.001345342494895,0.5542959706476158
9860,1959,2,4,44911.0,0,1,2013-03-15,11,159,0,22,2,1,31,3,4,1,4,7,0,0,0,0,0,0,3,11,0,215,9,1,0,0.3,0.4,0.4,0.1,0.5,2013,3,0,-1.8171869403837821,1.0901734767578573
7129,1962,4,4,54693.0,0,1,2013-02-17,72,686,17,142,23,26,35,8,6,4,13,6,0,0,0,0,0,0,3,11,0,929,23,1,0,0.3333333333333333,0.25,0.5416666666666666,0.16666666666666666,0.8571428571428571,2013,2,1,1.1409562415551235,2.1321450553920975
5866,1974,2,4,48186.0,1,0,2014-03-20,39,97,3,66,12,7,34,3,4,1,4,7,0,0,0,0,0,0,3,11,0,219,9,1,0,0.3,0.4,0.4,0.1,0.5,2014,3,0,-2.073808101892447,0.056846173773512025
10521,1977,2,4,54809.0,1,1,2013-09-11,0,63,6,57,13,13,22,4,2,1,5,4,0,0,0,0,0,0,3,11,1,174,8,2,0,0.4444444444444444,0.2222222222222222,0.5555555555555556,0.1111111111111111,0.4,2013,9,0,-2.1437642571581983,0.06651868323621461
7393,1978,2,4,41580.0,1,1,2012-12-10,15,56,5,24,4,0,3,3,2,1,3,5,0,0,0,0,0,0,3,11,0,92,6,2,0,0.42857142857142855,0.2857142857142857,0.42857142857142855,0.14285714285714285,0.3333333333333333,2012,12,0,-2.848736218416651,0.6010927561632307
7849,1970,4,4,80336.0,0,0,2013-09-09,12,209,19,456,160,142,66,1,2,9,13,1,0,0,0,0,0,0,3,11,0,1052,24,0,0,0.04,0.08,0.52,0.36,1.0,2013,9,1,4.276240918464701,-2.56044168964214
332,1957,2,4,47743.0,0,1,2013-03-22,56,198,2,43,0,12,20,3,4,1,6,6,0,1,0,0,0,0,3,11,0,275,11,1,1,0.25,0.3333333333333333,0.5,0.08333333333333333,0.5714285714285714,2013,3,0,-0.9203575471761287,0.7818922883063254
9847,1955,1,4,62972.0,0,1,2012-08-03,39,313,15,47,20,0,192,2,7,4,3,6,0,0,0,0,0,0,3,11,0,587,14,1,0,0.13333333333333333,0.4666666666666667,0.2,0.26666666666666666,1.0,2012,8,1,0.7609027633672928,2.6595272984365392
531,1954,4,1,57333.0,0,1,2012-09-22,55,941,14,397,76,58,176,11,8,5,9,6,0,0,0,0,0,0,3,11,1,1662,22,1,0,0.4782608695652174,0.34782608695652173,0.391304347826087,0.21739130434782608,1.1428571428571428,2012,9,1,3.323865435352125,4.500106025442807
9576,1982,4,4,32313.0,1,0,2013-02-11,60,86,4,56,2,4,7,3,4,0,4,9,0,0,0,0,0,0,3,11,0,159,8,1,0,0.3333333333333333,0.4444444444444444,0.4444444444444444,0.0,0.4,2013,2,0,-2.898924901251261,0.6351939196827491
6906,1953,3,2,84953.0,0,0,2013-06-03,73,167,48,602,63,72,72,1,3,10,4,2,0,1,1,1,0,0,3,11,1,1024,17,0,3,0.05555555555555555,0.16666666666666666,0.2222222222222222,0.5555555555555556,1.0,2013,6,1,6.198236873961495,-1.7195391688989154
7419,1968,3,1,27071.0,1,0,2014-04-23,90,8,3,19,0,2,3,2,2,0,3,6,0,0,0,0,0,0,3,11,0,35,5,1,0,0.3333333333333333,0.3333333333333333,0.5,0.0,0.2857142857142857,2014,4,0,-3.271038640162022,-1.0301022468985328
3170,1957,3,4,68148.0,0,0,2013-08-31,86,389,66,408,37,57,85,1,4,4,6,2,0,0,0,0,0,0,3,11,0,1042,14,0,0,0.06666666666666667,0.26666666666666666,0.4,0.26666666666666666,1.3333333333333333,2013,8,1,2.380551745751907,-1.088257658638407
8527,1965,3,4,65735.0,1,1,2013-12-07,37,239,7,119,4,15,11,5,6,2,6,7,0,0,0,0,0,0,3,11,0,395,14,2,0,0.3333333333333333,0.4,0.4,0.13333333333333333,0.75,2013,12,0,-1.3086805539957924,2.576088375775189
7872,1975,4,4,86836.0,0,0,2012-09-12,7,179,21,273,0,21,63,1,6,10,6,5,1,0,1,1,0,0,3,11,1,557,22,0,3,0.043478260869565216,0.2608695652173913,0.2608695652173913,0.43478260869565216,1.0,2012,9,1,4.738154410563622,-0.14311765016206748
9931,1963,4,4,4023.0,1,1,2014-06-23,29,5,0,1,1,1,1,15,0,0,0,19,0,0,0,0,0,0,3,11,0,9,0,2,0,15.0,0.0,0.0,0.0,0.0,2014,6,0,-7.757552273207896,7.694772248363746
10595,1990,2,4,30093.0,0,0,2013-07-08,19,2,6,28,13,4,16,1,2,0,3,7,0,0,0,0,0,0,3,11,0,69,5,0,0,0.16666666666666666,0.3333333333333333,0.5,0.0,0.25,2013,7,0,-2.565870943446725,-1.6208292713138732
4609,1966,4,4,57705.0,0,1,2014-01-11,14,383,0,53,6,4,40,3,8,1,6,6,0,0,0,0,0,0,3,11,0,486,15,1,0,0.1875,0.5,0.375,0.0625,1.1428571428571428,2014,1,0,-0.4929535614436065,2.109841170539242
5010,1988,2,0,25008.0,1,0,2014-02-02,72,2,8,8,6,1,9,2,1,0,3,8,0,0,0,0,0,0,3,11,0,34,4,1,0,0.4,0.2,0.6,0.0,0.1111111111111111,2014,2,0,-3.7353963454123815,-2.1330841178677926
4427,1995,1,0,83257.0,0,0,2012-09-18,56,536,27,590,38,107,67,1,5,10,12,6,1,0,1,0,0,1,3,11,1,1365,27,0,2,0.03571428571428571,0.17857142857142858,0.42857142857142855,0.35714285714285715,0.7142857142857143,2012,9,1,5.3908423004503705,-1.2199322943972268
11148,1975,2,4,22280.0,1,0,2013-05-19,85,2,1,4,3,1,2,1,1,0,2,8,0,0,0,0,0,0,3,11,0,13,3,1,0,0.25,0.25,0.5,0.0,0.1111111111111111,2013,5,0,-3.7310279488815397,-1.4356981298918827
1168,1978,4,4,72159.0,0,0,2012-10-29,62,322,53,899,34,40,53,1,4,6,10,2,0,0,0,0,0,0,3,11,0,1401,20,0,0,0.047619047619047616,0.19047619047619047,0.47619047619047616,0.2857142857142857,1.3333333333333333,2012,10,1,3.488291258423609,-1.4067050549085864
9595,1961,2,4,64260.0,0,0,2013-01-11,1,539,169,816,20,0,30,1,4,5,4,3,0,0,0,0,0,0,3,11,1,1574,13,0,0,0.07142857142857142,0.2857142857142857,0.2857142857142857,0.35714285714285715,1.0,2013,1,1,3.400370505532242,-1.2290747950195147
10163,1984,4,0,82733.0,0,0,2013-09-10,28,712,50,420,65,38,38,1,8,4,7,4,0,0,0,0,0,0,3,11,1,1323,19,0,0,0.05,0.4,0.35,0.2,1.6,2013,9,1,3.215593173454692,0.3914180460415684
2886,1971,3,1,74290.0,0,1,2013-08-12,70,1121,0,72,0,12,12,4,10,8,10,6,0,1,0,1,0,0,3,11,0,1217,28,1,2,0.13793103448275862,0.3448275862068966,0.3448275862068966,0.27586206896551724,1.4285714285714286,2013,8,1,3.9603585330899236,2.85476982540806
6710,1951,3,0,58217.0,2,1,2012-11-17,84,68,1,13,3,5,13,1,2,0,4,6,0,0,0,0,0,0,3,11,0,103,6,3,0,0.14285714285714285,0.2857142857142857,0.5714285714285714,0.0,0.2857142857142857,2012,11,0,-3.5865118153647426,0.7269224740271053
5316,1976,3,4,21024.0,0,0,2013-07-04,89,36,4,18,6,2,18,1,2,0,4,7,0,0,0,0,0,0,3,11,0,84,6,0,0,0.14285714285714285,0.2857142857142857,0.5714285714285714,0.0,0.25,2013,7,0,-2.535774828607646,-1.614369680038013
9029,1972,4,4,70116.0,0,0,2013-01-26,73,707,44,603,95,58,29,1,2,8,12,1,0,0,0,0,0,0,3,11,0,1536,22,0,0,0.043478260869565216,0.08695652173913043,0.5217391304347826,0.34782608695652173,1.0,2013,1,1,4.002369739950947,-2.5657513090658637
521,1985,2,4,54006.0,1,0,2012-09-18,42,174,77,203,6,24,97,2,8,1,7,7,0,0,0,0,0,0,3,11,0,581,16,1,0,0.11764705882352941,0.47058823529411764,0.4117647058823529,0.058823529411764705,1.0,2012,9,0,-0.08872843722708545,1.3527601825604594
1459,1966,4,4,69063.0,0,1,2012-11-07,16,666,35,124,69,8,26,1,5,3,5,3,0,0,0,0,0,0,3,11,0,928,13,1,0,0.07142857142857142,0.35714285714285715,0.35714285714285715,0.21428571428571427,1.25,2012,11,1,1.1179846165105551,1.0187231590768098
10241,1975,1,1,11448.0,0,0,2013-12-15,16,0,0,0,6,2,6,1,1,0,2,6,0,0,0,0,0,0,3,11,0,14,3,0,0,0.25,0.25,0.5,0.0,0.14285714285714285,2013,12,0,-3.011331822637745,-2.074274882798672
1630,1979,2,0,61825.0,0,1,2013-08-07,56,162,50,100,55,30,27,1,4,2,8,4,0,0,0,0,0,0,3,11,0,424,14,1,0,0.06666666666666667,0.26666666666666666,0.5333333333333333,0.13333333333333333,0.8,2013,8,0,-0.011673483065420579,-0.7385147206033843
3254,1971,2,4,70886.0,1,0,2013-10-14,65,407,70,239,103,88,53,1,5,4,4,2,0,0,0,0,0,0,3,11,0,960,13,1,0,0.07142857142857142,0.35714285714285715,0.2857142857142857,0.2857142857142857,1.6666666666666667,2013,10,1,1.900164861535518,-0.2992772241070009
9064,1982,2,4,69109.0,0,0,2012-11-09,10,823,25,459,124,29,95,1,6,6,7,4,0,0,1,0,0,0,3,11,1,1555,19,0,1,0.05,0.3,0.35,0.3,1.2,2012,11,1,4.573456712913815,-0.4062663622627364
3678,1973,2,2,60208.0,1,1,2012-10-07,13,488,23,71,15,0,59,11,8,3,7,7,0,1,0,0,0,0,3,11,1,656,18,2,1,0.5789473684210527,0.42105263157894735,0.3684210526315789,0.15789473684210525,1.0,2012,10,0,0.33146316113948576,4.949426834196192
4227,1968,3,4,32889.0,1,1,2013-09-06,78,28,0,13,4,2,8,3,2,1,3,5,0,0,0,0,0,0,3,11,0,55,6,2,0,0.42857142857142855,0.2857142857142857,0.42857142857142855,0.14285714285714285,0.3333333333333333,2013,9,0,-2.9614188437701605,0.5108397203946905
9467,1984,2,0,34738.0,1,0,2014-05-11,51,3,2,10,3,0,2,1,1,0,3,6,0,0,0,0,0,0,3,11,0,20,4,1,0,0.2,0.2,0.6,0.0,0.14285714285714285,2014,5,0,-3.4807021560834808,-2.4797013864727204
8486,1971,3,4,30538.0,1,0,2012-10-01,27,284,0,52,8,3,20,4,9,0,4,10,0,0,0,0,0,0,3,11,0,367,13,1,0,0.2857142857142857,0.6428571428571429,0.2857142857142857,0.0,0.8181818181818182,2012,10,0,-1.8968941056706359,3.4941484065874353
2186,1977,1,4,82326.0,0,0,2014-03-10,30,938,142,754,159,81,183,1,5,10,6,2,0,1,1,1,0,0,3,11,1,2257,21,0,3,0.045454545454545456,0.22727272727272727,0.2727272727272727,0.45454545454545453,1.6666666666666667,2014,3,1,8.97560420718752,-1.8247124495105307
3286,1967,4,1,26642.0,1,0,2014-03-01,71,13,2,15,2,2,8,2,2,0,3,6,0,0,0,0,0,0,3,11,0,42,5,1,0,0.3333333333333333,0.3333333333333333,0.5,0.0,0.2857142857142857,2014,3,0,-3.225803076599222,-0.9243619501472528
8602,1964,2,1,69932.0,0,1,2013-06-12,97,412,172,153,150,105,57,2,7,6,11,4,0,0,0,0,0,0,3,11,0,1049,24,1,0,0.08,0.28,0.44,0.24,1.4,2013,6,1,3.720698061595319,0.2976819417793152
3722,1972,2,0,44503.0,1,1,2014-04-16,83,31,1,8,0,0,8,2,2,0,3,6,0,0,0,0,0,0,3,11,0,48,5,2,0,0.3333333333333333,0.3333333333333333,0.5,0.0,0.2857142857142857,2014,4,0,-3.49198255029739,-0.2058613462785072
6715,1948,4,0,60200.0,0,1,2013-01-02,3,502,19,132,0,6,26,6,6,2,11,6,0,0,0,0,0,0,3,11,0,685,19,1,0,0.3,0.3,0.55,0.1,0.8571428571428571,2013,1,0,0.19732334645747884,1.8178070968907456
4796,1952,2,1,49638.0,0,1,2014-04-19,71,18,10,3,3,5,0,1,1,0,3,2,0,0,0,0,0,0,3,11,0,39,4,1,0,0.2,0.2,0.6,0.0,0.3333333333333333,2014,4,0,-2.5055689918594513,-1.9896762533834262
9612,1987,1,0,23830.0,0,0,2014-02-07,3,1,8,6,4,8,16,1,1,0,3,7,0,0,0,0,0,0,3,11,0,43,4,0,0,0.2,0.2,0.6,0.0,0.125,2014,2,0,-2.9409175842546653,-3.0283200230912035
3766,1959,3,2,33051.0,0,0,2012-08-16,15,100,71,243,108,94,219,3,9,1,8,9,0,0,0,0,0,0,3,11,1,835,18,0,0,0.15789473684210525,0.47368421052631576,0.42105263157894735,0.05263157894736842,0.9,2012,8,1,1.9854204509118023,1.9608708112550726
1399,1958,2,4,72905.0,0,0,2014-01-21,52,407,114,445,181,165,203,1,3,7,9,1,0,0,0,1,0,0,3,11,0,1515,19,0,1,0.05,0.15,0.45,0.35,1.5,2014,1,1,6.051089825478059,-2.7852411682980946
1570,1951,4,4,69702.0,0,1,2013-02-19,8,664,9,240,50,19,57,2,7,7,10,4,0,0,0,0,0,0,3,11,0,1039,24,1,0,0.08,0.28,0.4,0.28,1.4,2013,2,1,2.5489195351092238,1.3599630668737541
3426,1975,2,1,70300.0,1,0,2013-07-15,89,1045,61,338,60,46,46,3,5,5,13,8,0,0,0,0,0,0,3,11,0,1596,23,1,0,0.125,0.20833333333333334,0.5416666666666666,0.20833333333333334,0.5555555555555556,2013,7,1,2.268587214013714,0.007669547552198738
3074,1984,4,4,70643.0,0,0,2012-10-15,66,1218,107,304,23,143,33,1,5,8,4,6,0,0,0,0,0,0,3,11,1,1828,17,0,0,0.05555555555555555,0.2777777777777778,0.2222222222222222,0.4444444444444444,0.7142857142857143,2012,10,1,4.394045960780328,0.16831254316833674
8341,1969,4,4,30396.0,1,0,2014-04-30,22,15,0,6,0,1,12,2,1,1,2,7,1,0,0,0,0,0,3,11,1,34,4,1,1,0.4,0.2,0.4,0.2,0.125,2014,4,0,-2.344807865339502,-0.9850048224938363
5180,1968,4,1,50616.0,0,1,2014-04-18,56,128,0,16,0,1,4,2,4,0,4,7,0,0,0,0,0,0,3,11,0,149,8,1,0,0.2222222222222222,0.4444444444444444,0.4444444444444444,0.0,0.5,2014,4,0,-2.2716283246520996,0.6798554836766182
6461,1969,3,0,62772.0,0,1,2013-05-19,74,581,49,157,43,8,108,1,5,6,11,2,0,1,0,0,0,0,3,11,0,946,22,1,1,0.043478260869565216,0.21739130434782608,0.4782608695652174,0.2608695652173913,1.6666666666666667,2013,5,1,2.9827062849165267,0.18642941884652595
7679,1985,4,0,30298.0,0,0,2014-05-19,48,6,3,12,6,1,0,1,1,1,3,3,0,0,0,0,0,0,3,11,0,28,5,0,0,0.16666666666666666,0.16666666666666666,0.5,0.16666666666666666,0.25,2014,5,0,-1.999243828597202,-2.920947676209415
10702,1984,2,0,52413.0,1,0,2012-11-03,67,185,8,133,56,56,12,2,7,1,7,7,0,0,0,0,0,0,3,11,0,450,15,1,0,0.125,0.4375,0.4375,0.0625,0.875,2012,11,0,-0.6604635636528923,0.8617083807548361
7505,1957,4,4,44155.0,1,1,2014-01-19,24,22,1,9,0,0,14,1,1,1,2,4,0,0,0,0,0,0,3,11,0,46,4,2,0,0.2,0.2,0.4,0.2,0.2,2014,1,0,-2.8046493084487008,-0.7413745592729402
5113,1971,4,1,86979.0,0,0,2013-11-07,67,584,100,835,65,83,35,1,5,5,5,2,1,0,0,0,0,0,3,11,1,1702,15,0,1,0.0625,0.3125,0.3125,0.3125,1.6666666666666667,2013,11,1,4.722263316025583,-0.6569183337693991
10858,1975,2,4,76532.0,1,1,2013-09-09,38,355,30,177,90,138,30,4,9,5,7,5,0,0,0,0,0,0,3,11,0,820,21,2,0,0.18181818181818182,0.4090909090909091,0.3181818181818182,0.22727272727272727,1.5,2013,9,1,1.683920010621241,2.4319493924683067
2961,1982,2,4,42081.0,1,0,2013-02-26,86,175,10,110,54,6,27,2,6,3,4,6,1,0,0,0,0,0,3,11,0,382,13,1,1,0.14285714285714285,0.42857142857142855,0.2857142857142857,0.21428571428571427,0.8571428571428571,2013,2,0,-0.4049873451792143,0.646900808727179
2747,1988,4,4,67546.0,0,0,2012-08-31,90,864,134,768,150,38,172,1,4,10,5,3,0,0,0,0,0,0,3,11,0,2126,19,0,0,0.05,0.2,0.25,0.5,1.0,2012,8,1,5.738411164333299,-0.9178856643958507
3010,1989,3,4,88420.0,0,0,2014-05-02,87,957,153,612,99,95,153,1,4,7,8,1,1,0,1,1,0,0,3,11,0,2069,19,0,3,0.05,0.2,0.4,0.35,2.0,2014,5,1,7.691688068917391,-2.5119957927220797
5790,1985,2,4,31158.0,1,0,2013-01-27,62,25,6,16,20,0,5,2,2,0,3,8,0,0,0,0,0,0,3,11,0,72,5,1,0,0.3333333333333333,0.3333333333333333,0.5,0.0,0.2222222222222222,2013,1,0,-3.350022083400562,-0.9241391302908311
6892,1968,2,1,61671.0,0,1,2014-06-03,23,641,7,56,0,0,28,8,10,4,6,8,0,1,0,1,0,0,3,11,0,732,20,1,2,0.38095238095238093,0.47619047619047616,0.2857142857142857,0.19047619047619047,1.1111111111111112,2014,6,1,1.7535040735501903,3.771187348885342
1743,1974,2,0,69719.0,0,0,2014-05-26,99,273,86,208,177,14,43,1,2,3,5,1,0,0,0,0,0,0,3,11,0,801,10,0,0,0.09090909090909091,0.18181818181818182,0.45454545454545453,0.2727272727272727,1.0,2014,5,1,1.640450928271154,-3.024791398320551
3578,1949,2,1,49160.0,0,1,2013-10-20,29,122,21,43,25,10,15,2,3,1,6,6,0,0,0,0,0,0,3,11,0,236,10,1,0,0.18181818181818182,0.2727272727272727,0.5454545454545454,0.09090909090909091,0.42857142857142855,2013,10,0,-1.4463456840864517,-0.0675767899507801
8462,1978,0,4,24882.0,1,0,2012-09-09,52,1,4,10,29,0,36,1,1,1,2,6,1,0,0,0,0,0,3,11,0,80,4,1,1,0.2,0.2,0.4,0.2,0.14285714285714285,2012,9,0,-2.3258145731059865,-1.3964121084112895
5558,1954,4,0,90933.0,0,0,2014-03-31,90,1020,31,430,62,63,79,1,4,6,4,1,0,0,1,0,0,0,3,11,0,1685,14,0,1,0.06666666666666667,0.26666666666666666,0.26666666666666666,0.4,2.0,2014,3,1,4.831148259306757,-1.2484007080155604
4619,1945,4,0,113734.0,0,0,2014-05-28,9,6,2,3,1,262,3,0,27,0,0,1,0,0,0,0,0,0,3,11,0,277,27,0,0,0.0,0.9642857142857143,0.0,0.0,13.5,2014,5,1,6.091722977946945,6.873854242649725
8780,1950,4,4,59292.0,0,1,2013-06-13,71,378,14,68,19,14,14,2,3,5,8,3,0,0,0,0,0,0,3,11,0,507,16,1,0,0.11764705882352941,0.17647058823529413,0.47058823529411764,0.29411764705882354,0.75,2013,6,0,0.5201834232286613,-0.12728600693712933
10789,1964,4,4,45759.0,1,1,2013-02-23,13,42,1,18,3,0,4,2,2,0,3,7,0,0,0,0,0,0,3,11,0,68,5,2,0,0.3333333333333333,0.3333333333333333,0.5,0.0,0.25,2013,2,0,-3.4349860837151502,0.46665967412836135
10779,1983,2,0,22148.0,0,0,2014-04-13,16,15,5,14,0,4,11,1,1,0,3,7,0,0,0,0,0,0,3,11,0,49,4,0,0,0.2,0.2,0.6,0.0,0.125,2014,4,0,-2.956549176135687,-2.812920221231478
5896,1987,3,4,73395.0,0,0,2014-03-18,94,272,7,80,20,7,11,1,4,4,6,2,0,0,0,0,0,0,3,11,0,397,14,0,0,0.06666666666666667,0.26666666666666666,0.4,0.26666666666666666,1.3333333333333333,2014,3,1,0.6041432547478315,-1.676072461924969
2337,1971,2,1,29819.0,1,0,2013-10-24,77,9,1,24,2,1,2,3,3,0,3,6,0,0,0,0,0,0,3,11,0,39,6,1,0,0.42857142857142855,0.42857142857142855,0.42857142857142855,0.0,0.42857142857142855,2013,10,0,-3.0758347054632202,0.16415090731121054
10951,1968,2,4,45688.0,0,1,2014-01-25,20,279,0,18,0,0,9,2,3,1,8,4,0,1,0,0,0,0,3,11,0,306,12,1,1,0.15384615384615385,0.23076923076923078,0.6153846153846154,0.07692307692307693,0.6,2014,1,0,-0.8834903956163558,-0.8056707381252739
544,1954,2,4,62820.0,0,0,2013-05-11,51,398,61,265,138,61,53,1,3,4,6,1,0,0,0,0,0,0,3,11,0,976,13,0,0,0.07142857142857142,0.21428571428571427,0.42857142857142855,0.2857142857142857,1.5,2013,5,1,2.4296933060217336,-1.9092798589069635
17,1971,4,4,60491.0,0,1,2013-09-06,81,637,47,237,12,19,76,4,6,11,7,5,0,0,0,0,0,0,3,11,0,1028,24,1,0,0.16,0.24,0.28,0.44,1.0,2013,9,1,2.774786771313026,1.725958937377139
10680,1986,2,4,33235.0,1,0,2014-02-05,71,45,0,16,2,1,6,1,3,0,3,7,0,0,0,0,0,0,3,11,0,70,6,1,0,0.14285714285714285,0.42857142857142855,0.42857142857142855,0.0,0.375,2014,2,0,-3.1254661637572005,-0.7826506049930555
3265,1959,2,4,35701.0,0,0,2013-03-19,36,21,1,9,7,3,5,1,1,0,3,6,0,0,0,0,0,0,3,11,0,46,4,0,0,0.2,0.2,0.6,0.0,0.14285714285714285,2013,3,0,-2.6517269432380446,-2.332403094944939
5623,1980,3,4,31535.0,1,0,2013-09-26,95,15,4,13,0,0,19,1,1,1,2,7,1,0,0,0,0,0,3,11,0,51,4,1,1,0.2,0.2,0.4,0.2,0.125,2013,9,0,-2.491432485474034,-1.2300338751512512
5832,1960,1,4,92556.0,0,0,2014-04-20,32,493,183,352,184,23,28,0,3,5,13,0,0,0,0,0,0,0,3,11,0,1263,21,0,0,0.0,0.13636363636363635,0.5909090909090909,0.22727272727272727,3.0,2014,4,1,4.552947473860527,-3.165888982140281
5544,1970,2,0,67384.0,0,1,2012-11-10,32,957,40,175,158,53,107,2,7,8,5,5,0,1,0,0,0,0,3,11,0,1490,20,1,1,0.09523809523809523,0.3333333333333333,0.23809523809523808,0.38095238095238093,1.1666666666666667,2012,11,1,4.125043630893836,1.968947845332796
6417,1971,3,4,80573.0,0,0,2012-10-14,85,829,138,430,60,92,15,1,4,6,13,2,0,0,0,0,0,0,3,11,0,1564,23,0,0,0.041666666666666664,0.16666666666666666,0.5416666666666666,0.25,1.3333333333333333,2012,10,1,4.364609091586091,-1.549731736368882
5831,1967,2,4,77870.0,0,1,2012-08-22,93,1017,50,500,65,50,133,3,5,5,5,8,0,1,0,1,0,0,3,11,1,1815,15,1,2,0.1875,0.3125,0.3125,0.3125,0.5555555555555556,2012,8,1,4.402632559372466,1.7969813448041978
7101,1963,4,2,52278.0,0,1,2013-01-25,24,953,0,71,0,0,174,6,10,5,10,8,0,0,0,0,0,0,3,11,0,1198,25,1,0,0.23076923076923078,0.38461538461538464,0.38461538461538464,0.19230769230769232,1.1111111111111112,2013,1,1,1.9121575171427925,3.807127659504142
10176,1968,2,0,57107.0,0,1,2012-08-24,44,159,0,120,0,0,137,7,4,4,8,8,0,1,0,0,1,0,3,11,1,416,16,1,2,0.4117647058823529,0.23529411764705882,0.47058823529411764,0.23529411764705882,0.4444444444444444,2012,8,1,1.2148713097052979,2.137008231653511
2326,1990,2,4,18929.0,0,0,2013-02-16,15,32,0,8,23,4,18,1,1,0,4,6,0,0,0,0,0,0,3,11,0,85,5,0,0,0.16666666666666666,0.16666666666666666,0.6666666666666666,0.0,0.14285714285714285,2013,2,0,-2.732390756519835,-2.983362873319365
4385,1981,4,0,36038.0,1,0,2013-05-31,82,23,0,15,0,2,7,2,3,0,3,6,0,0,0,0,0,0,3,11,0,47,6,1,0,0.2857142857142857,0.42857142857142855,0.42857142857142855,0.0,0.42857142857142855,2013,5,0,-2.951405818140315,-0.09525627584902581
2929,1976,2,0,20180.0,0,0,2013-02-20,27,18,42,24,15,20,18,1,2,1,4,7,0,0,0,0,0,0,3,11,0,137,7,0,0,0.125,0.25,0.5,0.125,0.25,2013,2,0,-1.7924051419736655,-1.9927689014615975
10686,1965,4,4,34230.0,1,1,2012-12-26,72,15,0,4,0,0,2,1,1,0,2,7,0,0,0,0,0,0,3,11,0,21,3,2,0,0.25,0.25,0.5,0.0,0.125,2012,12,0,-3.750761180883414,0.20052431675453788
2546,1977,1,0,31878.0,0,1,2014-06-22,7,23,4,5,10,5,23,1,1,0,4,3,0,0,0,0,0,0,3,11,0,70,5,1,0,0.16666666666666666,0.16666666666666666,0.6666666666666666,0.0,0.25,2014,6,0,-2.7291968003728484,-2.487696611420691
3283,1972,1,4,70932.0,0,1,2014-01-19,57,200,193,100,46,185,185,2,6,2,12,3,0,0,0,0,0,0,3,11,0,909,20,1,0,0.09523809523809523,0.2857142857142857,0.5714285714285714,0.09523809523809523,1.5,2014,1,1,3.0570296040801717,-0.6379881433228288
3138,1956,2,0,91249.0,0,0,2012-10-20,84,1324,27,119,71,108,27,0,7,9,6,4,0,1,1,1,1,0,3,11,1,1676,22,0,4,0.0,0.30434782608695654,0.2608695652173913,0.391304347826087,1.4,2012,10,1,7.661357100826237,0.08146674561299541
4994,1943,3,0,77598.0,0,0,2013-10-01,53,1193,33,281,129,66,33,1,7,5,13,3,0,0,1,0,0,0,3,11,0,1735,25,0,1,0.038461538461538464,0.2692307692307692,0.5,0.19230769230769232,1.75,2013,10,1,5.217886089412704,-0.42688005705215387
7966,1959,2,0,80982.0,1,1,2013-01-08,48,505,137,401,104,22,22,3,11,5,11,5,0,0,0,0,0,1,3,11,0,1191,27,2,0,0.10714285714285714,0.39285714285714285,0.39285714285714285,0.17857142857142858,1.8333333333333333,2013,1,1,2.7831496000957965,2.3759440165767214
3112,1977,3,4,22701.0,1,0,2013-09-05,2,2,4,9,0,4,5,1,1,0,3,5,0,0,0,0,0,0,3,11,0,24,4,1,0,0.2,0.2,0.6,0.0,0.16666666666666666,2013,9,0,-3.3853242174369775,-1.9796867619480207
10872,1969,4,4,55212.0,0,1,2012-11-23,65,1103,0,45,0,0,34,3,4,2,11,8,0,1,0,0,1,0,3,11,0,1182,17,1,2,0.16666666666666666,0.2222222222222222,0.6111111111111112,0.1111111111111111,0.4444444444444444,2012,11,1,1.458928918971178,1.3315609624677143
2181,1970,2,4,70617.0,0,0,2013-06-23,45,353,61,753,40,46,27,1,3,3,7,2,0,0,0,0,0,0,3,11,0,1280,13,0,0,0.07142857142857142,0.21428571428571427,0.5,0.21428571428571427,1.0,2013,6,1,2.1400845961974717,-2.254707149167151
1867,1957,2,0,64849.0,0,0,2012-11-13,42,652,48,350,94,84,108,1,9,3,6,5,0,0,0,0,0,0,3,11,1,1336,18,0,0,0.05263157894736842,0.47368421052631576,0.3157894736842105,0.15789473684210525,1.5,2012,11,1,3.3149530710354704,1.388031163441628
1518,1965,3,4,62694.0,1,1,2013-06-17,29,379,6,157,25,91,91,5,9,3,7,7,0,0,0,0,0,0,3,11,0,749,19,2,0,0.25,0.45,0.35,0.15,1.125,2013,6,0,0.44381908320226854,3.362923037911934
5734,1974,4,4,61917.0,1,1,2013-11-20,83,46,4,36,2,2,1,1,2,0,4,5,0,0,0,0,0,0,3,11,0,91,6,2,0,0.14285714285714285,0.2857142857142857,0.5714285714285714,0.0,0.3333333333333333,2013,11,0,-2.975336767983817,-0.21485907803054308
2878,1947,4,4,67472.0,0,1,2013-09-28,93,162,31,127,8,17,69,2,4,2,7,3,0,0,0,0,0,0,3,11,0,414,13,1,0,0.14285714285714285,0.2857142857142857,0.5,0.14285714285714285,1.0,2013,9,0,0.05868611504655656,0.41392231460805307
1458,1982,3,4,21059.0,1,0,2014-01-07,40,8,3,19,3,3,8,3,3,0,3,6,0,0,0,0,0,0,3,11,0,44,6,1,0,0.42857142857142855,0.42857142857142855,0.42857142857142855,0.0,0.42857142857142855,2014,1,0,-3.200731481469421,-0.29049766477247946
7007,1968,3,4,29543.0,2,0,2014-04-01,47,17,3,18,3,4,18,2,3,1,2,7,0,0,0,0,0,0,3,11,0,63,6,2,0,0.2857142857142857,0.42857142857142855,0.2857142857142857,0.14285714285714285,0.375,2014,4,0,-3.2713595470918317,0.5716868944989755
6200,1951,2,4,75903.0,0,1,2013-04-08,50,340,108,185,130,38,100,2,6,6,9,3,0,0,0,0,0,0,3,11,0,901,21,1,0,0.09090909090909091,0.2727272727272727,0.4090909090909091,0.2727272727272727,1.5,2013,4,1,2.991188138738219,0.465399400624413
1403,1975,1,4,34984.0,1,1,2012-09-06,40,8,4,15,3,5,3,2,1,0,3,7,0,0,0,0,0,0,3,11,0,38,4,2,0,0.4,0.2,0.6,0.0,0.125,2012,9,0,-3.8185349543044196,-0.48043315606300074
4827,1956,4,0,54998.0,0,1,2013-03-10,3,154,22,202,39,30,8,5,4,2,9,4,0,0,0,0,0,0,3,11,1,455,15,1,0,0.3125,0.25,0.5625,0.125,0.8,2013,3,0,0.09978025566261778,0.5655202115852505
6250,1949,4,2,54356.0,0,1,2012-11-19,62,710,15,30,20,0,0,3,11,2,8,8,0,0,0,0,0,0,3,11,1,775,21,1,0,0.13636363636363635,0.5,0.36363636363636365,0.09090909090909091,1.2222222222222223,2012,11,1,0.846739412649575,4.022290045331072
9291,1959,3,4,34242.0,0,1,2014-03-23,25,8,2,4,0,0,1,1,0,0,3,5,0,0,0,0,0,0,3,11,0,15,3,1,0,0.25,0.0,0.75,0.0,0.0,2014,3,0,-3.293492250933829,-2.893711640992839
2478,1973,2,4,25410.0,1,0,2013-08-31,48,2,2,4,13,13,4,1,1,0,4,4,0,0,0,0,0,0,3,11,0,38,5,1,0,0.16666666666666666,0.16666666666666666,0.6666666666666666,0.0,0.2,2013,8,0,-3.146001891847434,-2.4432909835107894
1139,1984,4,4,73356.0,0,0,2014-02-06,56,1050,14,322,0,14,112,1,5,11,5,2,1,0,1,1,0,0,3,11,1,1512,21,0,3,0.045454545454545456,0.22727272727272727,0.22727272727272727,0.5,1.6666666666666667,2014,2,1,6.245369085215723,-0.9697451975774295
5138,1950,2,4,28320.0,0,1,2013-01-14,68,19,1,14,3,2,4,1,1,0,3,8,0,0,0,0,0,0,3,11,0,43,4,1,0,0.2,0.2,0.6,0.0,0.1111111111111111,2013,1,0,-3.2250339665582946,-1.0920620350795909
5393,1977,2,0,23763.0,1,0,2012-08-07,64,22,0,6,6,2,6,1,1,0,3,7,0,0,0,0,0,0,3,11,0,42,4,1,0,0.2,0.2,0.6,0.0,0.125,2012,8,0,-3.498484262988164,-1.684036022941931
10413,1984,2,4,72570.0,0,0,2014-04-25,67,274,83,216,151,141,224,1,4,6,12,1,0,0,0,0,0,0,3,11,0,1089,22,0,0,0.043478260869565216,0.17391304347826086,0.5217391304347826,0.2608695652173913,2.0,2014,4,1,4.437681738758937,-2.3000365684339705
5015,1976,3,4,34529.0,1,0,2012-09-14,94,68,6,38,3,6,41,2,2,2,3,7,0,0,0,0,0,0,3,11,0,162,7,1,0,0.25,0.25,0.375,0.25,0.25,2012,9,0,-2.049406639405376,-0.274757734719487
10868,1951,2,2,70792.0,0,0,2013-02-06,82,344,45,654,104,11,114,2,3,4,10,3,0,0,0,0,0,0,3,11,0,1272,17,0,0,0.1111111111111111,0.16666666666666666,0.5555555555555556,0.2222222222222222,0.75,2013,2,1,2.6290962354254357,-1.847895755314389
10676,1982,2,4,63211.0,0,0,2012-11-02,3,145,193,459,205,26,145,2,3,8,7,2,0,0,0,0,0,0,3,11,1,1173,18,0,0,0.10526315789473684,0.15789473684210525,0.3684210526315789,0.42105263157894735,1.0,2012,11,1,4.5729591320839695,-1.705313755355415
2495,1974,3,4,83891.0,0,1,2014-06-20,24,217,38,350,111,85,15,1,4,7,10,1,0,0,0,0,0,0,3,11,0,816,21,1,0,0.045454545454545456,0.18181818181818182,0.45454545454545453,0.3181818181818182,2.0,2014,6,1,2.9196747380832515,-1.1693047773046368
7842,1968,2,0,36065.0,1,1,2013-03-31,54,18,7,34,10,2,3,3,3,0,3,8,0,0,0,0,0,0,3,11,0,74,6,2,0,0.42857142857142855,0.42857142857142855,0.42857142857142855,0.0,0.3333333333333333,2013,3,0,-3.4463320132635675,1.1583612089697433
9955,1954,2,4,39898.0,0,1,2013-02-12,20,69,8,26,12,7,12,2,3,0,4,7,0,0,0,0,0,0,3,11,0,134,7,1,0,0.25,0.375,0.5,0.0,0.375,2013,2,0,-2.417374050038637,0.27199852496340426
6663,1940,4,0,51141.0,0,0,2013-07-08,96,144,0,7,0,0,6,1,3,1,4,5,0,0,0,0,0,0,3,11,0,157,8,0,0,0.1111111111111111,0.3333333333333333,0.4444444444444444,0.1111111111111111,0.5,2013,7,0,-1.3045571479156324,-0.623104236285507
2162,1976,2,4,56939.0,0,1,2013-09-18,19,256,34,103,90,29,49,2,3,3,10,3,0,0,0,0,0,0,3,11,0,561,16,1,0,0.11764705882352941,0.17647058823529413,0.5882352941176471,0.17647058823529413,0.75,2013,9,0,0.5300138221432295,-0.9950537158465846
3434,1951,2,0,80872.0,0,0,2014-05-12,60,483,72,567,94,12,108,1,4,4,10,1,0,0,0,0,0,0,3,11,0,1336,18,0,0,0.05263157894736842,0.21052631578947367,0.5263157894736842,0.21052631578947367,2.0,2014,5,1,3.4089000127100997,-1.8990605123237125
7919,1976,4,4,72335.0,0,0,2012-08-13,2,1285,105,653,28,21,0,1,10,4,8,8,0,0,0,0,0,0,3,11,1,2092,22,0,0,0.043478260869565216,0.43478260869565216,0.34782608695652173,0.17391304347826086,1.1111111111111112,2012,8,1,4.009326140397274,1.6778909395602204
5626,1964,4,0,61798.0,0,0,2013-11-23,13,338,4,89,11,8,13,1,4,2,9,4,0,0,0,0,0,0,3,11,0,463,15,0,0,0.0625,0.25,0.5625,0.125,0.8,2013,11,0,0.08495196776982417,-1.095278178599615
6428,1950,4,2,76842.0,0,0,2014-05-03,37,605,10,345,84,54,32,1,1,8,7,0,0,0,0,0,0,0,3,11,0,1130,16,0,0,0.058823529411764705,0.058823529411764705,0.4117647058823529,0.47058823529411764,1.0,2014,5,1,3.087373561183392,-2.6624664684718278
8514,1976,2,4,29478.0,1,0,2014-01-17,59,8,0,7,3,1,1,1,1,0,3,6,0,0,0,0,0,0,3,11,0,20,4,1,0,0.2,0.2,0.6,0.0,0.14285714285714285,2014,1,0,-3.525907895880881,-2.4125481581442547
10448,1956,2,0,46998.0,0,1,2012-10-22,55,172,41,86,45,6,27,5,5,3,5,7,1,0,0,0,0,0,3,11,0,377,13,1,1,0.35714285714285715,0.35714285714285715,0.35714285714285715,0.21428571428571427,0.625,2012,10,0,-0.10645828424013346,2.0283616985562376
2109,1990,2,0,96843.0,0,0,2013-04-23,60,448,71,951,40,17,17,1,6,11,10,2,0,0,1,0,0,0,3,11,1,1544,27,0,1,0.03571428571428571,0.21428571428571427,0.35714285714285715,0.39285714285714285,2.0,2013,4,1,6.106267767630634,-1.6069493934381676
7530,1950,4,2,56551.0,1,1,2014-05-07,48,67,4,32,17,2,16,3,2,1,4,4,0,0,0,0,0,0,3,11,0,138,7,2,0,0.375,0.25,0.5,0.125,0.4,2014,5,0,-2.396037472660681,0.07008660542378649
8925,1965,3,4,70053.0,0,1,2013-07-03,38,512,53,98,81,179,89,3,8,5,10,5,0,0,0,0,0,0,3,11,0,1012,23,1,0,0.125,0.3333333333333333,0.4166666666666667,0.20833333333333334,1.3333333333333333,2013,7,1,3.0313588297278447,1.4820022231920924
3009,1962,4,2,71670.0,0,0,2013-07-09,8,1462,16,128,0,0,160,1,5,3,6,6,0,1,1,0,1,0,3,11,1,1766,14,0,3,0.06666666666666667,0.3333333333333333,0.4,0.2,0.7142857142857143,2013,7,1,4.541461296306846,0.43775205073710444
6355,1978,2,4,44359.0,1,1,2014-06-17,19,20,0,14,7,3,1,3,2,0,4,3,0,0,0,0,0,0,3,11,0,45,6,2,0,0.42857142857142855,0.2857142857142857,0.5714285714285714,0.0,0.5,2014,6,0,-3.2164749134858894,-0.5773617245726537
3517,1952,2,0,40887.0,1,1,2013-05-06,32,50,4,44,10,10,43,3,3,1,3,9,0,0,0,0,0,0,3,11,1,161,7,2,0,0.375,0.375,0.375,0.125,0.3,2013,5,0,-2.49328964665398,1.6425642984412065
1158,1966,2,1,48877.0,0,1,2014-01-05,27,102,1,15,2,0,24,1,3,0,4,7,0,0,0,0,0,0,3,11,0,144,7,1,0,0.125,0.375,0.5,0.0,0.375,2014,1,0,-2.425598073665254,-0.3615845807616633
6203,1947,2,4,74485.0,0,0,2013-08-24,58,499,149,815,173,49,49,1,6,7,12,3,0,0,0,0,0,0,3,11,0,1734,25,0,0,0.038461538461538464,0.23076923076923078,0.46153846153846156,0.2692307692307692,1.5,2013,8,1,5.2903085377296,-1.1508626062688334
7165,1972,2,4,64474.0,0,1,2013-10-22,59,381,35,172,56,86,93,2,8,2,10,5,0,0,0,0,0,0,3,11,0,823,20,1,0,0.09523809523809523,0.38095238095238093,0.47619047619047616,0.09523809523809523,1.3333333333333333,2013,10,1,1.540672577789304,1.2708894996385385
3595,1963,2,4,77226.0,0,1,2014-02-28,29,631,43,239,128,76,21,2,6,8,12,3,0,0,0,0,0,0,3,11,0,1138,26,1,0,0.07407407407407407,0.2222222222222222,0.4444444444444444,0.2962962962962963,1.5,2014,2,1,3.4880259701924543,-0.09603418796397252
8537,1949,2,2,72643.0,0,0,2013-02-27,60,526,80,553,123,94,53,1,3,10,7,2,0,0,0,1,0,0,3,11,1,1429,20,0,1,0.047619047619047616,0.14285714285714285,0.3333333333333333,0.47619047619047616,1.0,2013,2,1,5.605724204048199,-2.032698872026708
4331,1978,3,4,85738.0,0,0,2014-01-23,41,913,26,376,17,26,13,1,3,6,11,1,0,1,1,0,0,0,3,11,0,1371,20,0,2,0.047619047619047616,0.14285714285714285,0.5238095238095238,0.2857142857142857,1.5,2014,1,1,4.377309854865582,-2.4634427313221625
6281,1966,2,1,55686.0,0,1,2013-02-14,27,673,0,199,37,47,26,2,6,3,5,4,1,0,0,0,0,0,3,11,0,982,14,1,1,0.13333333333333333,0.4,0.3333333333333333,0.2,1.2,2013,2,1,1.216053650328264,1.1080260735521652
4338,1983,2,0,39062.0,1,0,2014-03-25,28,23,0,9,0,0,12,1,1,0,3,4,1,0,0,0,0,0,3,11,0,44,4,1,1,0.2,0.2,0.6,0.0,0.2,2014,3,0,-2.886943721763706,-2.5970798719919377
2452,1971,2,4,34600.0,1,1,2013-01-01,8,199,33,60,8,3,15,5,5,2,5,8,0,0,0,0,0,0,3,11,1,318,12,2,0,0.38461538461538464,0.38461538461538464,0.38461538461538464,0.15384615384615385,0.5555555555555556,2013,1,0,-1.7285580726003782,2.108346648069465
9507,1975,2,4,40794.0,0,1,2013-04-07,18,261,23,73,4,23,50,2,6,3,5,7,0,0,0,0,0,0,3,11,0,434,14,1,0,0.13333333333333333,0.4,0.3333333333333333,0.2,0.75,2013,4,0,-0.42450258806459595,1.2405452463472437
8360,1971,1,4,54690.0,1,1,2013-11-07,76,111,16,37,7,9,18,3,3,1,5,3,0,0,0,0,0,0,3,11,0,198,9,2,0,0.3,0.3,0.5,0.1,0.75,2013,11,0,-2.046423455328422,0.2429014745774978
10311,1969,2,4,4428.0,0,1,2013-10-05,0,16,4,12,2,4,321,0,25,0,0,1,0,0,0,0,0,0,3,11,0,359,25,1,0,0.0,0.9615384615384616,0.0,0.0,12.5,2013,10,1,4.061534304972769,8.268698596383572
5117,1963,1,4,32632.0,0,0,2012-08-02,32,63,151,137,153,19,53,2,4,4,8,5,0,0,0,0,0,0,3,11,0,576,16,0,0,0.11764705882352941,0.23529411764705882,0.47058823529411764,0.23529411764705882,0.6666666666666666,2012,8,1,1.48929728119046,-1.2625349363885932
4867,1968,4,0,38236.0,1,1,2013-09-20,2,58,0,18,2,0,10,4,3,0,4,7,0,0,0,0,0,0,3,11,0,88,7,2,0,0.5,0.375,0.5,0.0,0.375,2013,9,0,-3.2963595916959476,1.3688798924055667
9289,1979,2,4,36781.0,1,0,2014-04-10,16,29,1,17,0,3,13,1,2,1,2,8,0,0,0,0,0,0,3,11,1,63,5,1,0,0.16666666666666666,0.3333333333333333,0.3333333333333333,0.16666666666666666,0.2222222222222222,2014,4,0,-2.5739971024894257,-0.7419793436821369
10913,1984,3,0,31385.0,1,0,2012-12-05,56,3,2,12,0,1,9,1,1,0,2,8,1,0,0,0,0,0,3,11,1,27,3,1,1,0.25,0.25,0.5,0.0,0.1111111111111111,2012,12,0,-2.9466392579933403,-0.8286677865541536
3032,1984,2,4,24570.0,1,0,2013-02-27,97,28,34,62,11,14,44,3,4,0,4,9,0,0,0,0,0,0,3,11,0,193,8,1,0,0.3333333333333333,0.4444444444444444,0.4444444444444444,0.0,0.4,2013,2,0,-2.678116935963764,0.3568975713741178
8524,1974,4,1,25509.0,1,0,2012-09-18,15,40,3,30,10,7,11,3,3,0,3,9,0,0,0,0,0,0,3,11,1,101,6,1,0,0.42857142857142855,0.42857142857142855,0.42857142857142855,0.0,0.3,2012,9,0,-2.8796298212735247,1.0186569014513163
3334,1951,2,4,94642.0,0,0,2014-02-12,35,879,143,797,106,143,143,0,5,7,9,1,0,0,1,1,0,0,3,11,0,2211,21,0,2,0.0,0.22727272727272727,0.4090909090909091,0.3181818181818182,2.5,2014,2,1,8.204264945467303,-2.3725921357977318
4470,1962,3,4,58646.0,0,1,2013-06-10,3,62,1,44,6,5,22,1,2,1,4,4,0,0,0,0,0,0,3,11,0,140,7,1,0,0.125,0.25,0.5,0.125,0.4,2013,6,0,-1.6947366979284704,-0.7568823143837417
1406,1975,2,0,53201.0,1,1,2013-02-12,49,280,7,81,20,0,27,8,6,3,5,7,0,0,0,0,0,0,3,11,0,415,14,2,0,0.5333333333333333,0.4,0.3333333333333333,0.2,0.75,2013,2,0,-1.344623327012097,2.9096362601907892
8619,1957,2,4,21994.0,0,1,2012-12-24,4,9,0,6,3,1,3,1,0,0,3,5,0,0,0,0,0,0,3,11,0,22,3,1,0,0.25,0.0,0.75,0.0,0.0,2012,12,0,-3.2989981096208125,-2.2439080710886605
10821,1978,2,4,57113.0,1,1,2013-02-06,45,182,4,33,0,2,42,6,4,1,5,7,0,0,0,0,0,0,3,11,0,263,10,2,0,0.5454545454545454,0.36363636363636365,0.45454545454545453,0.09090909090909091,0.5,2013,2,0,-2.369264613908857,1.7544206295386202
4552,1991,2,4,51373.0,0,0,2013-06-22,37,83,2,101,64,26,117,1,3,5,3,4,0,0,0,0,0,0,3,11,0,393,11,0,0,0.08333333333333333,0.25,0.25,0.4166666666666667,0.6,2013,6,1,0.6876578799556675,-1.3335798478059173
898,1986,2,4,23477.0,1,0,2013-10-21,39,38,15,54,3,8,29,3,3,0,4,8,0,0,0,0,0,0,3,11,0,147,7,1,0,0.375,0.375,0.5,0.0,0.3333333333333333,2013,10,0,-3.0087288543086808,-0.10429084518850233
9797,1956,2,4,58116.0,0,1,2014-04-13,38,228,19,130,4,11,51,2,3,3,8,2,0,0,0,0,0,0,3,11,0,443,14,1,0,0.13333333333333333,0.2,0.5333333333333333,0.2,1.0,2014,4,0,0.029596591041013504,-0.8845322264816119
10949,1963,4,1,72968.0,0,0,2013-12-16,8,1092,37,592,145,37,55,1,5,5,8,3,0,0,0,1,0,0,3,11,1,1958,18,0,1,0.05263157894736842,0.2631578947368421,0.42105263157894735,0.2631578947368421,1.25,2013,12,1,5.094633779116553,-0.7835207762503075
8212,1971,3,4,39791.0,0,1,2013-03-28,89,85,15,27,13,13,21,2,3,1,4,7,0,0,0,0,0,0,3,11,0,174,8,1,0,0.2222222222222222,0.3333333333333333,0.4444444444444444,0.1111111111111111,0.375,2013,3,0,-1.9120075712858253,0.18614966517663456
6248,1947,3,0,91712.0,0,0,2013-10-17,47,1276,24,746,94,29,48,0,9,7,11,3,0,0,1,0,0,0,3,11,1,2217,27,0,1,0.0,0.32142857142857145,0.39285714285714285,0.25,2.25,2013,10,1,6.712182291662131,0.27911955235998154
10164,1958,2,0,94472.0,0,1,2014-04-03,75,1017,33,417,108,100,16,1,5,5,5,5,0,1,1,0,0,0,3,11,0,1691,15,1,2,0.0625,0.3125,0.3125,0.3125,0.8333333333333334,2014,4,1,4.416869865849716,-0.05372739614955945
4547,1960,2,4,13672.0,1,1,2013-04-17,86,6,2,9,2,1,5,2,1,0,3,8,0,0,0,0,0,0,3,11,0,25,4,2,0,0.4,0.2,0.6,0.0,0.1111111111111111,2013,4,0,-4.1077244380428874,-0.44993271311899613
6815,1980,1,4,96547.0,0,0,2014-05-23,4,448,21,125,52,101,62,0,7,6,8,2,1,0,1,1,0,0,3,11,1,809,21,0,3,0.0,0.3181818181818182,0.36363636363636365,0.2727272727272727,2.3333333333333335,2014,5,1,5.382027311779897,-1.4161530362151606
4122,1975,2,4,79205.0,0,0,2012-08-29,73,504,23,117,179,28,44,1,6,5,4,4,0,0,0,1,0,0,3,11,1,895,15,0,1,0.0625,0.375,0.25,0.3125,1.2,2012,8,1,3.3748571284769326,-0.07384483190693442
10841,1975,4,4,56559.0,0,1,2012-12-25,46,226,22,133,41,31,31,3,4,3,8,4,0,0,0,0,0,0,3,11,0,484,15,1,0,0.1875,0.25,0.5,0.1875,0.8,2012,12,0,0.18506739583423068,0.5162019820852509
5370,1973,4,4,32644.0,1,0,2013-01-16,38,239,3,141,0,7,23,4,7,1,6,8,1,0,0,0,0,0,3,11,0,413,14,1,1,0.26666666666666666,0.4666666666666667,0.4,0.06666666666666667,0.7777777777777778,2013,1,0,-1.141753746550811,1.7693617483159292
176,1980,1,0,67506.0,0,1,2014-01-02,73,90,38,67,33,36,67,1,4,1,6,3,0,0,0,0,0,0,3,11,0,331,11,1,0,0.08333333333333333,0.3333333333333333,0.5,0.08333333333333333,1.0,2014,1,0,-0.4547213106944738,-1.0153402138358518
4860,1970,2,0,24206.0,1,0,2013-03-08,66,7,2,8,3,2,3,1,1,0,3,6,0,0,0,0,0,0,3,11,0,25,4,1,0,0.2,0.2,0.6,0.0,0.14285714285714285,2013,3,0,-3.4685698414948707,-2.0964137547647943
10757,1967,4,1,28420.0,1,0,2013-12-24,36,4,2,5,2,0,0,1,1,0,2,6,0,0,0,0,0,0,3,11,0,13,3,1,0,0.25,0.25,0.5,0.0,0.14285714285714285,2013,12,0,-3.416120416236534,-1.2215327155849294
4023,1970,2,4,22979.0,1,0,2012-09-06,29,16,17,19,20,21,22,3,3,2,2,8,0,0,0,0,0,0,3,11,1,115,7,1,0,0.375,0.375,0.25,0.25,0.3333333333333333,2012,9,0,-1.8562893699987166,0.9403772220436897
6679,1966,2,0,33279.0,0,0,2014-06-12,29,10,3,3,0,0,0,1,0,0,3,3,0,0,0,0,0,0,3,11,0,16,3,0,0,0.25,0.0,0.75,0.0,0.0,2014,6,0,-2.827037164530939,-4.258686863997062
9923,1972,3,0,46423.0,1,1,2013-09-18,6,68,0,16,0,0,8,3,2,0,4,7,0,0,0,0,0,0,3,11,0,92,6,2,0,0.42857142857142855,0.2857142857142857,0.5714285714285714,0.0,0.25,2013,9,0,-3.4251264446585674,0.31422421765643077
7181,1977,2,4,30368.0,0,1,2013-11-07,97,35,0,13,2,0,2,2,2,0,3,8,0,0,0,0,0,0,3,11,0,52,5,1,0,0.3333333333333333,0.3333333333333333,0.5,0.0,0.2222222222222222,2013,11,0,-3.1313914925505846,-0.017275883827823444
3599,1970,2,4,63684.0,0,1,2012-11-26,61,575,80,428,208,93,80,3,8,4,8,5,0,0,0,0,0,0,3,11,0,1464,20,1,0,0.14285714285714285,0.38095238095238093,0.38095238095238093,0.19047619047619047,1.3333333333333333,2012,11,1,3.4438551178661325,1.597727799006091
405,1964,2,1,41638.0,0,1,2013-02-13,68,315,0,31,4,0,91,4,5,5,3,8,1,0,0,0,0,0,3,11,0,441,13,1,1,0.2857142857142857,0.35714285714285715,0.21428571428571427,0.35714285714285715,0.5555555555555556,2013,2,0,0.03633652957648523,2.0160898291644624
6870,1959,4,1,68805.0,0,1,2013-09-17,73,182,2,49,17,13,20,1,3,1,7,2,0,0,0,0,0,0,3,11,0,283,11,1,0,0.08333333333333333,0.25,0.5833333333333334,0.08333333333333333,1.0,2013,9,0,-0.7176242373357021,-0.6286715564689277
832,1966,4,4,65814.0,0,1,2014-03-02,90,561,14,113,10,14,35,3,8,2,10,5,0,0,0,0,0,0,3,11,0,747,20,1,0,0.14285714285714285,0.38095238095238093,0.47619047619047616,0.09523809523809523,1.3333333333333333,2014,3,1,0.7172598276504067,1.5528791781346643
2002,1958,2,1,71964.0,0,0,2013-05-20,81,587,51,932,180,34,86,1,5,6,5,3,0,0,0,0,0,0,3,11,0,1870,16,0,0,0.058823529411764705,0.29411764705882354,0.29411764705882354,0.35294117647058826,1.25,2013,5,1,4.328736556832531,-0.997212532139495
3657,1986,2,0,39146.0,1,0,2013-02-14,1,94,1,33,13,12,12,3,4,0,4,8,0,0,0,0,0,0,3,11,0,165,8,1,0,0.3333333333333333,0.4444444444444444,0.4444444444444444,0.0,0.4444444444444444,2013,2,0,-2.7385152610727874,0.20003614370550166
500,1977,2,4,96876.0,0,0,2013-08-06,79,908,43,735,40,194,21,1,7,7,9,2,0,1,1,1,0,0,3,11,1,1941,23,0,3,0.041666666666666664,0.2916666666666667,0.375,0.2916666666666667,2.3333333333333335,2013,8,1,7.920383052634397,-0.9555039681840538
1951,1981,0,4,34445.0,0,0,2013-01-27,92,228,122,122,208,129,30,6,11,2,8,9,0,0,0,0,0,0,3,11,0,839,21,0,0,0.2727272727272727,0.5,0.36363636363636365,0.09090909090909091,1.1,2013,1,1,2.085079469563193,1.5161714241729807
3262,1958,2,0,68281.0,0,0,2012-08-07,31,995,112,417,42,48,41,1,2,9,13,5,0,0,0,0,0,0,3,11,1,1655,24,0,0,0.04,0.08,0.52,0.36,0.3333333333333333,2012,8,1,4.293975210664852,-1.5724217035722132
4102,1975,1,4,37284.0,1,1,2013-03-29,46,11,1,2,2,1,6,1,0,0,3,6,0,0,0,0,0,0,3,11,0,23,3,2,0,0.25,0.0,0.75,0.0,0.0,2013,3,0,-4.021615312379243,-2.4873724192994238
7042,1983,2,4,36790.0,0,0,2013-03-01,14,3,3,14,15,21,10,1,2,1,2,9,0,0,0,0,0,0,3,11,1,66,5,0,0,0.16666666666666666,0.3333333333333333,0.3333333333333333,0.16666666666666666,0.2,2013,3,0,-1.863924242718988,-0.950692680407306
10598,1967,2,4,27943.0,1,1,2013-04-15,89,12,1,16,4,1,3,3,2,0,3,8,0,0,0,0,0,0,3,11,0,37,5,2,0,0.5,0.3333333333333333,0.5,0.0,0.2222222222222222,2013,4,0,-3.8223592655556335,0.6048699368010465
255,1951,2,1,22263.0,1,1,2014-03-30,31,17,0,2,0,0,2,2,1,0,3,6,0,0,0,0,0,1,3,11,0,21,4,2,0,0.4,0.2,0.6,0.0,0.14285714285714285,2014,3,0,-4.035815226423945,-0.848063835402754
2375,1972,2,4,30261.0,1,2,2012-09-25,75,8,0,5,0,3,6,1,0,0,3,8,0,0,0,0,0,0,3,11,0,22,3,3,0,0.25,0.0,0.75,0.0,0.0,2012,9,0,-4.500086095880256,-0.7589493722151368
9829,1978,2,4,28587.0,1,0,2014-02-12,42,22,4,17,12,10,13,3,2,0,4,6,0,0,0,0,0,0,3,11,0,78,6,1,0,0.42857142857142855,0.2857142857142857,0.5714285714285714,0.0,0.2857142857142857,2014,2,0,-3.169480808326682,-1.347669419019839
6214,1982,3,4,43815.0,1,0,2013-04-05,53,14,10,29,4,7,15,1,2,0,3,6,0,0,0,0,0,0,3,11,0,79,5,1,0,0.16666666666666666,0.3333333333333333,0.5,0.0,0.2857142857142857,2013,4,0,-2.9296606580894244,-1.1461940955517003
4954,1956,2,4,48195.0,1,1,2014-01-21,53,106,27,68,52,7,5,6,4,2,5,6,0,0,0,0,0,0,3,11,0,265,11,2,0,0.5,0.3333333333333333,0.4166666666666667,0.16666666666666666,0.5714285714285714,2014,1,0,-1.7956997683922982,1.3676705095807986
7861,1952,3,4,77027.0,0,1,2014-02-05,23,820,57,242,45,0,11,2,8,3,6,4,0,0,0,0,0,0,3,11,0,1175,17,1,0,0.1111111111111111,0.4444444444444444,0.3333333333333333,0.16666666666666666,1.6,2014,2,1,1.7297736544586977,1.6235598706705576
4837,1965,4,4,71322.0,0,1,2013-02-16,57,753,43,226,69,10,204,2,8,5,13,4,0,0,0,0,0,0,3,11,0,1305,26,1,0,0.07407407407407407,0.2962962962962963,0.48148148148148145,0.18518518518518517,1.6,2013,2,1,3.36952662345949,1.5689350564920668
9423,1979,3,4,32765.0,1,0,2014-02-23,49,13,3,17,7,3,3,2,2,0,4,5,0,0,0,0,0,0,3,11,0,46,6,1,0,0.2857142857142857,0.2857142857142857,0.5714285714285714,0.0,0.3333333333333333,2014,2,0,-3.0889951128387794,-1.59724744143669
4198,1965,2,4,29672.0,1,1,2013-03-12,6,9,1,3,0,4,8,1,0,0,3,6,0,0,0,0,0,0,3,11,0,25,3,2,0,0.25,0.0,0.75,0.0,0.0,2013,3,0,-4.01571917813708,-2.2636128152121353
153,1953,2,1,23272.0,0,0,2013-10-17,29,19,3,6,4,2,12,1,1,0,3,4,0,0,0,0,0,0,3,11,0,46,4,0,0,0.2,0.2,0.6,0.0,0.2,2013,10,0,-2.535452275830007,-2.3355740081791456
9323,1949,3,4,49912.0,0,1,2012-09-07,5,520,8,223,32,49,42,4,10,5,7,8,1,0,0,0,0,0,3,11,1,874,22,1,1,0.17391304347826086,0.43478260869565216,0.30434782608695654,0.21739130434782608,1.1111111111111112,2012,9,1,2.0686970336854786,3.7977100756803273
10001,1985,1,4,7500.0,1,0,2012-08-01,98,5,17,17,13,14,34,4,2,1,3,9,0,0,0,0,0,0,3,11,0,100,6,1,0,0.5714285714285714,0.2857142857142857,0.42857142857142855,0.14285714285714285,0.2,2012,8,0,-3.0275549836513407,-0.008348372831878227
3945,1947,4,2,68117.0,0,1,2013-03-10,80,618,44,215,0,17,36,2,11,8,4,6,1,0,0,0,0,0,3,11,1,930,23,1,1,0.08333333333333333,0.4583333333333333,0.16666666666666666,0.3333333333333333,1.5714285714285714,2013,3,1,3.038829752879398,3.5001260154708964
3799,1955,2,4,67225.0,0,1,2013-11-26,4,315,35,322,46,7,143,3,7,2,11,5,0,0,0,0,0,0,3,11,0,868,20,1,0,0.14285714285714285,0.3333333333333333,0.5238095238095238,0.09523809523809523,1.1666666666666667,2013,11,1,1.3953765718349052,1.4262005698964688
8625,1976,2,4,17649.0,1,0,2013-11-12,70,15,1,23,0,5,1,3,3,0,3,8,0,0,0,0,0,0,3,11,0,45,6,1,0,0.42857142857142855,0.42857142857142855,0.42857142857142855,0.0,0.3333333333333333,2013,11,0,-3.3768911059932565,0.37100962417740657
3491,1975,2,4,55914.0,0,1,2013-04-29,32,384,60,364,119,101,232,4,11,6,8,7,0,0,0,0,0,0,3,11,0,1260,25,1,0,0.15384615384615385,0.4230769230769231,0.3076923076923077,0.23076923076923078,1.375,2013,4,1,3.6344938636729918,2.812198362838979
983,1984,2,4,40059.0,1,0,2013-09-28,82,110,29,92,28,10,145,1,6,2,3,8,1,0,0,0,0,0,3,11,0,414,11,1,1,0.08333333333333333,0.5,0.25,0.16666666666666666,0.6666666666666666,2013,9,0,-0.5210491299380333,1.2554449380267332
9119,1950,2,4,60905.0,0,1,2013-12-05,27,208,17,76,36,17,38,2,3,3,7,2,0,0,0,0,0,0,3,11,0,392,13,1,0,0.14285714285714285,0.21428571428571427,0.5,0.21428571428571427,1.0,2013,12,0,0.08295499150737487,-0.33518722902369547
4786,1977,2,4,75330.0,1,1,2012-10-04,94,555,82,257,93,61,61,4,10,3,12,6,0,0,0,0,0,0,3,11,0,1109,25,2,0,0.15384615384615385,0.38461538461538464,0.46153846153846156,0.11538461538461539,1.4285714285714286,2012,10,1,2.0418971010072307,2.791266971981717
5872,1951,2,0,60689.0,0,1,2013-06-01,23,240,90,216,63,6,24,4,4,4,10,3,0,0,0,0,0,0,3,11,0,639,18,1,0,0.21052631578947367,0.21052631578947367,0.5263157894736842,0.21052631578947367,1.0,2013,6,1,1.147712780209064,-0.02672448131029117
6568,1984,2,4,38680.0,1,0,2013-03-28,97,11,0,36,15,5,12,1,2,0,3,7,0,0,0,0,0,0,3,11,0,79,5,1,0,0.16666666666666666,0.3333333333333333,0.5,0.0,0.25,2013,3,0,-3.120439032636893,-1.2002241911823694
5628,1982,2,4,61416.0,0,0,2013-02-08,25,848,154,323,201,61,78,1,10,3,10,6,1,0,0,0,0,0,3,11,0,1665,23,0,1,0.041666666666666664,0.4166666666666667,0.4166666666666667,0.125,1.4285714285714286,2013,2,1,4.517320656526217,0.26951304596303605
5631,1991,2,0,49767.0,0,0,2013-05-02,92,202,47,197,55,42,149,1,5,4,8,4,0,0,0,0,0,0,3,11,0,692,17,0,0,0.05555555555555555,0.2777777777777778,0.4444444444444444,0.2222222222222222,1.0,2013,5,1,1.5851501391731446,-1.23572868353005
4974,1970,2,0,83273.0,1,2,2012-09-25,98,433,89,650,16,102,102,10,4,6,9,7,0,0,0,0,0,0,3,11,0,1392,19,3,0,0.5,0.2,0.45,0.3,0.5,2012,9,1,1.7055238828500607,3.2946510027576124
8416,1981,2,4,29009.0,1,0,2013-11-29,19,6,6,15,10,5,2,2,2,0,3,6,0,0,0,0,0,0,3,11,0,44,5,1,0,0.3333333333333333,0.3333333333333333,0.5,0.0,0.2857142857142857,2013,11,0,-3.2157231474437475,-0.8539888579731404
5454,1979,3,4,45057.0,1,0,2013-12-01,80,37,0,7,3,0,3,1,2,0,3,5,0,0,0,0,0,0,3,11,0,50,5,1,0,0.16666666666666666,0.3333333333333333,0.5,0.0,0.3333333333333333,2013,12,0,-2.952352033825492,-0.9926545505522371
4095,1971,2,4,37150.0,1,0,2012-09-11,80,167,37,64,49,34,116,8,4,3,6,7,0,0,0,0,0,0,3,11,0,467,13,1,0,0.5714285714285714,0.2857142857142857,0.42857142857142855,0.21428571428571427,0.5,2012,9,0,-0.6242633118458486,1.5003301268081637
5474,1970,2,0,43020.0,1,0,2013-11-30,79,45,7,99,4,25,43,3,4,1,4,6,0,0,0,0,0,0,3,11,0,223,9,1,0,0.3,0.4,0.4,0.1,0.5714285714285714,2013,11,0,-1.8244248919795472,0.36308137587086203
4268,1959,2,4,53154.0,0,1,2014-06-09,50,129,0,21,0,1,7,1,3,1,4,4,0,0,0,0,0,0,3,11,0,158,8,1,0,0.1111111111111111,0.3333333333333333,0.4444444444444444,0.1111111111111111,0.6,2014,6,0,-1.6978669508768722,-0.4353253643328913
10701,1973,2,4,65308.0,0,0,2013-09-11,60,713,0,264,120,80,34,1,7,8,12,4,0,0,1,1,0,0,3,11,0,1211,27,0,2,0.03571428571428571,0.25,0.42857142857142855,0.2857142857142857,1.4,2013,9,1,5.3565995210637105,-1.0488161884586693
3507,1970,2,0,76467.0,1,0,2012-08-17,44,676,161,426,210,44,58,2,2,5,5,6,0,0,0,0,0,0,3,11,1,1575,12,1,0,0.15384615384615385,0.15384615384615385,0.38461538461538464,0.38461538461538464,0.2857142857142857,2012,8,1,3.020151675096423,-1.201234086068101
2079,1947,1,4,81044.0,0,0,2013-12-27,0,450,26,535,73,98,26,1,5,6,10,1,0,0,0,0,0,0,3,11,0,1208,21,0,0,0.045454545454545456,0.22727272727272727,0.45454545454545453,0.2727272727272727,2.5,2013,12,1,3.822820175282468,-1.1335349207061172
626,1951,2,4,32871.0,1,1,2013-03-09,28,22,2,12,0,2,5,1,1,0,3,4,0,0,0,0,0,0,3,11,0,43,4,2,0,0.2,0.2,0.6,0.0,0.2,2013,3,0,-3.4896066770154426,-1.0379889985676236
4426,1975,2,0,55801.0,1,1,2013-09-22,35,367,4,51,6,4,95,6,7,2,6,7,0,0,0,1,0,0,3,11,0,527,15,2,1,0.375,0.4375,0.375,0.125,0.875,2013,9,0,-0.23154576066046012,2.806680358953782
2591,1959,2,2,76320.0,0,1,2014-06-22,49,526,35,214,69,53,35,2,6,3,4,2,0,0,0,0,0,0,3,11,0,932,13,1,0,0.14285714285714285,0.42857142857142855,0.2857142857142857,0.21428571428571427,2.0,2014,6,1,1.6083480587606998,0.8644187985314522
10509,1955,3,0,36927.0,1,1,2014-06-02,46,51,0,16,0,0,4,2,3,0,3,8,0,0,0,0,0,0,3,11,0,71,6,2,0,0.2857142857142857,0.42857142857142855,0.42857142857142855,0.0,0.3333333333333333,2014,6,0,-3.435063225816281,1.0413404706793838
6382,1953,2,4,48794.0,1,1,2014-06-26,97,25,0,11,3,0,15,1,1,0,3,4,0,0,0,0,0,0,3,11,0,54,4,2,0,0.2,0.2,0.6,0.0,0.2,2014,6,0,-3.352493120562413,-1.2189014126543796
6673,1965,2,0,23478.0,0,0,2013-03-19,51,28,6,27,12,17,39,1,3,0,3,8,0,0,0,0,0,0,3,11,0,129,6,0,0,0.14285714285714285,0.42857142857142855,0.42857142857142855,0.0,0.3333333333333333,2013,3,0,-2.2385232538782094,-0.6413616489971248
7441,1973,2,1,71128.0,1,0,2012-10-06,80,958,159,447,20,0,31,3,2,10,12,7,0,0,0,0,0,0,3,11,0,1615,24,1,0,0.12,0.08,0.48,0.4,0.25,2012,10,1,3.1327351111298256,-0.705462453083719
1071,1976,4,1,70179.0,0,1,2013-07-21,10,532,88,168,69,44,133,3,7,3,13,5,0,0,0,0,0,0,3,11,0,1034,23,1,0,0.125,0.2916666666666667,0.5416666666666666,0.125,1.1666666666666667,2013,7,1,2.3766288517604894,1.0659770069086787
10061,1950,2,4,59462.0,0,1,2013-01-05,29,724,17,143,0,8,196,2,9,2,12,7,0,0,0,0,0,0,3,11,0,1088,23,1,0,0.08333333333333333,0.375,0.5,0.08333333333333333,1.125,2013,1,1,1.6277255508243507,2.2432174004177265
8775,1969,2,4,38361.0,1,0,2013-12-27,74,39,0,56,20,8,14,3,3,1,3,7,0,0,0,0,0,0,3,11,0,137,7,1,0,0.375,0.375,0.375,0.125,0.375,2013,12,0,-2.4051867519159296,0.29414181316796073
2345,1982,4,4,70038.0,0,0,2013-10-25,54,587,54,348,71,54,130,1,4,4,8,2,0,0,0,0,0,0,3,11,0,1244,16,0,0,0.058823529411764705,0.23529411764705882,0.47058823529411764,0.23529411764705882,1.3333333333333333,2013,10,1,2.8225216280116174,-1.286252342004848
322,1978,2,4,42554.0,1,1,2013-01-12,93,29,1,11,0,0,0,2,2,0,3,4,0,0,0,0,0,0,3,11,0,41,5,2,0,0.3333333333333333,0.3333333333333333,0.5,0.0,0.4,2013,1,0,-3.3470968544001996,-0.24088614579950804
10897,1974,2,4,67445.0,0,1,2012-08-12,63,757,80,217,29,80,11,5,9,6,12,6,0,0,0,0,0,0,3,11,0,1174,27,1,0,0.17857142857142858,0.32142857142857145,0.42857142857142855,0.21428571428571427,1.2857142857142858,2012,8,1,2.8666272995802027,2.3471982554335247
123,1951,2,2,67046.0,0,1,2013-01-06,92,544,35,133,23,151,107,2,4,5,4,2,0,0,0,0,0,0,3,11,0,993,13,1,0,0.14285714285714285,0.2857142857142857,0.2857142857142857,0.35714285714285715,1.3333333333333333,2013,1,1,2.2828894890245888,0.29034591293610273
6103,1948,2,4,42192.0,0,0,2013-09-06,40,40,15,15,17,6,7,1,2,1,3,4,0,0,0,0,0,0,3,11,0,100,6,0,0,0.14285714285714285,0.2857142857142857,0.42857142857142855,0.14285714285714285,0.4,2013,9,0,-1.4770091829605747,-1.3950224330957024
7899,1952,4,4,77610.0,0,1,2012-10-29,70,1245,33,332,21,33,16,2,4,7,4,7,0,0,0,0,0,0,3,11,0,1680,15,1,0,0.125,0.25,0.25,0.4375,0.5,2012,10,1,2.5007294447735764,1.607727524030295
10500,1984,2,4,31761.0,1,0,2014-04-05,96,19,1,20,16,14,28,2,3,0,4,5,0,0,0,0,0,0,3,11,0,98,7,1,0,0.25,0.375,0.5,0.0,0.5,2014,4,0,-2.7288013216041445,-1.0143034036180925
1655,1979,2,4,34350.0,1,0,2013-10-19,81,16,3,15,2,1,11,1,1,0,3,7,0,0,0,0,0,0,3,11,0,48,4,1,0,0.2,0.2,0.6,0.0,0.125,2013,10,0,-3.437089978462913,-1.8494447989979226
2406,1949,2,4,54591.0,0,1,2013-08-05,63,376,4,94,12,9,24,3,6,2,8,5,0,0,0,0,0,0,3,11,0,519,16,1,0,0.17647058823529413,0.35294117647058826,0.47058823529411764,0.11764705882352941,1.0,2013,8,0,-0.16372264274080495,1.3240618987195834
2712,1956,2,4,71866.0,0,1,2013-12-25,85,184,178,178,103,39,33,1,6,3,10,3,0,0,0,0,0,0,3,11,0,715,19,1,0,0.05,0.3,0.5,0.15,1.5,2013,12,1,2.1913247568018255,-0.03403287431619445
5517,1969,2,4,25293.0,1,0,2013-09-15,51,15,0,11,0,2,9,1,1,1,2,8,0,0,0,0,0,0,3,11,0,37,4,1,0,0.2,0.2,0.4,0.2,0.1111111111111111,2013,9,0,-3.019367755670821,-1.2102802934584362
10643,1987,4,0,42000.0,0,0,2013-01-10,23,124,83,267,85,59,35,2,5,2,11,5,0,0,0,0,0,0,3,11,1,653,18,0,0,0.10526315789473684,0.2631578947368421,0.5789473684210527,0.10526315789473684,0.8333333333333334,2013,1,1,1.3928099618216339,-1.347558880849647
2254,1983,2,4,69520.0,0,0,2013-07-07,95,627,120,414,121,80,93,1,9,6,5,5,0,0,0,0,0,0,3,11,0,1455,20,0,0,0.047619047619047616,0.42857142857142855,0.23809523809523808,0.2857142857142857,1.5,2013,7,1,4.0632356354290655,0.4450811500894537
10281,1970,2,1,64713.0,1,0,2014-02-07,11,180,60,241,13,54,54,2,5,5,7,4,0,0,0,0,0,0,3,11,1,602,17,1,0,0.1111111111111111,0.2777777777777778,0.3888888888888889,0.2777777777777778,1.0,2014,2,1,1.134291558432969,-0.5853971881280473
6958,1977,3,4,27889.0,1,0,2013-07-05,42,14,0,4,0,0,8,1,1,1,2,6,0,0,0,0,0,0,3,11,0,26,4,1,0,0.2,0.2,0.4,0.2,0.14285714285714285,2013,7,0,-2.86521290756406,-1.4544200104601468
954,1960,0,2,22123.0,0,0,2014-03-27,77,3,3,24,34,7,31,1,2,1,3,5,0,0,0,0,0,0,3,11,0,102,6,0,0,0.14285714285714285,0.2857142857142857,0.42857142857142855,0.14285714285714285,0.3333333333333333,2014,3,0,-1.8235646753664603,-2.069342041796206
4643,1973,2,4,27803.0,1,0,2012-08-26,40,8,26,46,38,9,49,2,3,0,4,8,0,0,0,0,0,0,3,11,0,176,7,1,0,0.25,0.375,0.5,0.0,0.3333333333333333,2012,8,0,-2.589078963861584,-0.020022757394661916
6497,1960,2,4,51651.0,0,1,2012-11-07,32,293,6,23,13,6,92,4,6,2,5,8,0,0,0,0,0,0,3,11,0,433,13,1,0,0.2857142857142857,0.42857142857142855,0.35714285714285715,0.14285714285714285,0.6666666666666666,2012,11,0,-0.6714517701212195,2.5882473452292056
5396,1988,2,4,68487.0,0,0,2013-01-13,48,758,12,385,33,89,89,1,9,7,13,4,0,0,0,0,0,0,3,11,0,1366,29,0,0,0.03333333333333333,0.3,0.43333333333333335,0.23333333333333334,1.8,2013,1,1,4.049428382719887,-0.0456333395970172
1052,1969,2,4,56796.0,0,1,2013-02-16,24,656,38,161,62,47,37,3,8,9,7,7,0,0,0,0,0,0,3,11,0,1001,24,1,0,0.12,0.32,0.28,0.36,1.0,2013,2,1,2.4077619689332006,1.7993953509177525
2802,1992,1,4,87000.0,0,0,2012-12-15,61,196,25,607,67,17,49,1,4,6,7,2,0,0,0,0,0,0,3,11,0,961,17,0,0,0.05555555555555555,0.2222222222222222,0.3888888888888889,0.3333333333333333,1.3333333333333333,2012,12,1,2.552266686594257,-1.5516243614195075
6343,1959,2,4,79823.0,0,1,2014-03-31,6,835,73,380,114,73,43,1,6,9,7,2,0,1,0,0,0,0,3,11,0,1518,22,1,1,0.043478260869565216,0.2608695652173913,0.30434782608695654,0.391304347826087,2.0,2014,3,1,4.873019151100254,0.26791711860143275
6507,1980,2,0,30828.0,1,0,2013-10-04,16,16,11,15,2,0,12,2,1,1,4,3,0,0,0,0,0,0,3,11,0,56,6,1,0,0.2857142857142857,0.14285714285714285,0.5714285714285714,0.14285714285714285,0.25,2013,10,0,-2.5732221197747873,-2.226465275499281
7901,1971,3,4,34109.0,0,1,2013-11-06,39,9,1,5,2,1,4,1,0,0,3,4,0,0,0,0,0,0,3,11,0,22,3,1,0,0.25,0.0,0.75,0.0,0.0,2013,11,0,-3.174402828408416,-2.6897391989630863
4865,1974,3,1,53367.0,1,1,2013-08-31,2,229,7,140,10,3,11,7,5,1,8,7,0,0,0,0,0,0,3,11,1,400,14,2,0,0.4666666666666667,0.3333333333333333,0.5333333333333333,0.06666666666666667,0.625,2013,8,0,-1.5730526326329373,2.2170778536696636
2686,1969,0,4,22390.0,0,0,2013-10-21,49,0,1,4,15,1,5,1,1,0,2,7,0,0,0,0,0,0,3,11,0,26,3,0,0,0.25,0.25,0.5,0.0,0.125,2013,10,0,-2.9672814054718137,-2.0173491201931837
3107,1976,2,4,71322.0,0,1,2014-05-02,31,121,24,124,24,15,42,1,4,1,7,2,0,0,0,0,0,0,3,11,0,350,12,1,0,0.07692307692307693,0.3076923076923077,0.5384615384615384,0.07692307692307693,1.3333333333333333,2014,5,0,-0.36242405620393453,-0.8988184363971194
7734,1993,2,3,79244.0,0,0,2012-12-19,58,471,102,125,212,61,245,1,4,10,7,1,0,0,1,1,0,0,3,11,1,1216,21,0,2,0.045454545454545456,0.18181818181818182,0.3181818181818182,0.45454545454545453,2.0,2012,12,1,7.1280067552808575,-1.6583924004040804
1146,1949,3,4,49912.0,0,1,2012-09-07,5,520,8,223,32,49,42,4,10,5,7,8,1,0,0,0,0,0,3,11,1,874,22,1,1,0.17391304347826086,0.43478260869565216,0.30434782608695654,0.21739130434782608,1.1111111111111112,2012,9,1,2.0686970336854786,3.7977100756803273
11031,1950,4,4,48699.0,1,1,2013-05-21,90,26,1,10,2,0,1,1,1,0,3,5,0,0,0,0,0,0,3,11,0,40,4,2,0,0.2,0.2,0.6,0.0,0.16666666666666666,2013,5,0,-3.3913153743293765,-0.6534970126452829
7428,1975,2,4,80144.0,0,0,2013-09-30,47,240,132,445,250,192,108,1,3,7,8,1,0,0,0,0,0,0,3,11,0,1367,18,0,0,0.05263157894736842,0.15789473684210525,0.42105263157894735,0.3684210526315789,1.5,2013,9,1,5.235082139062623,-2.6553889072038914
975,1956,2,0,54252.0,1,1,2013-05-28,25,178,4,26,8,4,44,5,4,1,5,6,0,0,0,0,0,0,3,11,0,264,10,2,0,0.45454545454545453,0.36363636363636365,0.45454545454545453,0.09090909090909091,0.5714285714285714,2013,5,0,-2.127790476290723,1.6869920430946752
1103,1976,3,4,81929.0,1,0,2012-09-29,60,1486,55,278,49,0,185,2,4,4,10,6,1,0,1,0,0,0,3,11,1,2053,18,1,2,0.10526315789473684,0.21052631578947367,0.5263157894736842,0.21052631578947367,0.5714285714285714,2012,9,1,4.1957059668157015,0.19959169782824285
3422,1975,2,4,76068.0,0,1,2012-11-29,67,1115,12,128,33,12,76,1,2,3,4,6,0,1,0,0,1,0,3,11,0,1376,9,1,2,0.1,0.2,0.4,0.3,0.2857142857142857,2012,11,1,2.074380614015454,0.1711468704824959
1055,1976,3,4,53204.0,1,1,2014-03-20,40,29,0,8,2,0,6,1,1,0,3,4,0,0,0,0,0,0,3,11,0,45,4,2,0,0.2,0.2,0.6,0.0,0.2,2014,3,0,-3.419905800706502,-1.4775740296409088
6544,1949,4,4,67911.0,0,1,2014-05-22,63,529,0,356,63,28,0,3,6,7,11,3,0,0,0,0,0,0,3,11,0,976,24,1,0,0.12,0.24,0.44,0.28,1.5,2014,5,1,2.4029132422491224,0.7331776111981451
1241,1984,1,4,14796.0,1,0,2012-09-17,1,13,3,8,7,4,16,2,1,0,3,9,0,0,0,0,0,0,3,11,1,51,4,1,0,0.4,0.2,0.6,0.0,0.1,2012,9,0,-3.538589863672225,-1.1839388442552188
2909,1974,4,4,78128.0,0,1,2014-02-19,89,934,24,230,16,24,36,2,8,4,6,3,0,1,1,0,0,0,3,11,0,1264,18,1,2,0.10526315789473684,0.42105263157894735,0.3157894736842105,0.21052631578947367,2.0,2014,2,1,3.5346541235972797,1.4131842915648778
5802,1972,0,4,14188.0,0,0,2013-02-28,40,2,7,11,16,12,27,1,2,0,4,6,0,0,0,0,0,0,3,11,0,75,6,0,0,0.14285714285714285,0.2857142857142857,0.5714285714285714,0.0,0.2857142857142857,2013,2,0,-2.4888917654095692,-2.147365015332428
1407,1986,0,4,20425.0,1,0,2012-10-29,5,4,12,5,3,16,17,2,2,0,3,7,0,0,0,0,0,0,3,11,0,57,5,1,0,0.3333333333333333,0.3333333333333333,0.5,0.0,0.25,2012,10,0,-3.306924996394592,-0.777732935649847
6183,1962,3,4,58646.0,0,1,2013-06-10,3,62,1,44,6,5,22,1,2,1,4,4,0,0,0,0,0,0,3,11,0,140,7,1,0,0.125,0.25,0.5,0.125,0.4,2013,6,0,-1.6947366979284704,-0.7568823143837417
340,1970,2,1,72967.0,0,1,2012-12-15,1,158,35,179,0,0,125,2,7,2,8,5,1,0,0,0,0,0,3,11,1,497,17,1,1,0.1111111111111111,0.3888888888888889,0.4444444444444444,0.1111111111111111,1.1666666666666667,2012,12,1,1.113116399454203,1.821679180227272
5991,1949,3,4,48150.0,0,1,2013-06-08,24,173,2,39,3,2,47,3,5,1,4,7,0,0,0,0,0,0,3,11,0,266,10,1,0,0.2727272727272727,0.45454545454545453,0.36363636363636365,0.09090909090909091,0.625,2013,6,0,-1.438826882414078,1.8771168694509317
3104,1961,2,0,82332.0,0,0,2012-09-17,89,830,59,968,51,79,19,1,5,3,12,2,0,0,1,0,0,0,3,11,1,2006,20,0,1,0.047619047619047616,0.23809523809523808,0.5714285714285714,0.14285714285714285,1.6666666666666667,2012,9,1,5.285844523402725,-1.5405994324935652
9729,1955,2,2,58275.0,1,1,2013-06-02,48,189,10,253,56,43,64,6,8,2,7,7,0,0,0,0,0,0,3,11,0,615,17,2,0,0.3333333333333333,0.4444444444444444,0.3888888888888889,0.1111111111111111,1.0,2013,6,0,-0.28621498919209626,3.1158249952553554
1008,1981,4,4,44953.0,0,0,2012-12-21,31,728,17,133,11,8,124,1,7,3,13,6,1,0,0,0,0,0,3,11,0,1021,23,0,1,0.041666666666666664,0.2916666666666667,0.5416666666666666,0.125,1.0,2012,12,1,2.104228142309403,0.5634402082593926
11091,1953,2,4,34587.0,1,1,2014-05-16,68,7,2,9,2,0,2,2,1,0,3,4,0,0,0,0,0,0,3,11,0,22,4,2,0,0.4,0.2,0.6,0.0,0.2,2014,5,0,-3.611983617772083,-1.0230194723330925
3969,1974,3,4,43018.0,0,1,2013-11-01,46,35,4,17,7,6,64,1,2,2,2,5,0,0,0,0,0,0,3,11,0,133,6,1,0,0.14285714285714285,0.2857142857142857,0.2857142857142857,0.2857142857142857,0.3333333333333333,2013,11,0,-1.4364627864857573,-0.03735418574619416
1916,1954,3,4,45736.0,0,1,2013-07-24,92,188,3,180,20,3,43,5,7,1,6,7,0,0,0,0,0,0,3,11,0,437,14,1,0,0.3333333333333333,0.4666666666666667,0.4,0.06666666666666667,0.875,2013,7,0,-0.8038037084346468,2.588954774874133
9907,1969,3,4,66476.0,0,1,2013-12-04,80,742,28,152,25,9,57,2,6,8,10,4,0,0,0,0,0,0,3,11,0,1013,24,1,0,0.08,0.24,0.4,0.32,1.2,2013,12,1,2.4057523001760286,1.0391949204630035
87,1981,1,4,27733.0,1,0,2013-08-26,16,0,7,5,26,2,17,2,2,0,3,7,0,0,0,0,0,0,3,11,0,57,5,1,0,0.3333333333333333,0.3333333333333333,0.5,0.0,0.25,2013,8,0,-3.2529643474112713,-0.9236022158167945
8659,1952,4,4,69805.0,0,1,2014-01-21,50,750,71,174,13,10,20,2,6,8,11,2,0,0,0,0,0,0,3,11,0,1038,25,1,0,0.07692307692307693,0.23076923076923078,0.4230769230769231,0.3076923076923077,2.0,2014,1,1,2.9678868273644325,0.5309198528632072
6262,1962,3,0,72217.0,0,0,2013-04-10,93,816,42,450,55,56,154,1,3,10,8,2,0,0,0,0,0,0,3,11,0,1573,21,0,0,0.045454545454545456,0.13636363636363635,0.36363636363636365,0.45454545454545453,1.0,2013,4,1,4.431950304472338,-1.4193002942569914
6147,1971,2,1,25818.0,1,0,2012-10-18,51,5,2,8,2,2,9,1,0,1,2,7,0,0,0,0,0,0,3,11,0,28,3,1,0,0.25,0.0,0.5,0.25,0.0,2012,10,0,-2.997103741746106,-2.2605048530475336
8832,1976,3,4,37509.0,1,0,2012-09-12,24,37,5,56,12,8,5,2,3,0,4,7,0,0,0,0,0,0,3,11,0,123,7,1,0,0.25,0.375,0.5,0.0,0.375,2012,9,0,-2.755403643965091,-0.019434216341832393
10067,1976,1,4,25176.0,1,1,2013-08-10,79,4,0,4,0,0,5,1,1,0,2,7,0,0,0,0,0,0,3,11,0,13,3,2,0,0.25,0.25,0.5,0.0,0.125,2013,8,0,-4.004815715775089,-0.6118141853047865
7532,1980,2,4,43586.0,0,1,2012-08-30,26,99,2,11,4,0,16,3,3,0,4,8,0,0,0,0,0,0,3,11,0,132,7,1,0,0.375,0.375,0.5,0.0,0.3333333333333333,2012,8,0,-2.6340305992175868,0.7649571695458597
4915,1956,1,4,53230.0,0,1,2012-08-03,86,176,72,98,136,21,229,4,5,2,12,5,0,0,0,0,0,0,3,11,0,732,19,1,0,0.2,0.25,0.6,0.1,0.8333333333333334,2012,8,1,1.4979775692727617,0.8565815833777508
2115,1957,2,4,50116.0,1,1,2014-06-20,68,54,0,10,0,0,2,2,1,0,4,5,0,1,0,0,0,0,3,11,0,66,5,2,1,0.3333333333333333,0.16666666666666666,0.6666666666666666,0.0,0.16666666666666666,2014,6,0,-2.915993905548213,-0.9671589473724458
2088,1972,2,4,84906.0,0,0,2013-10-04,98,997,15,414,99,30,76,1,5,6,12,2,0,1,1,0,1,0,3,11,0,1631,23,0,3,0.041666666666666664,0.20833333333333334,0.5,0.25,1.6666666666666667,2013,10,1,6.072235783843715,-1.272275517735756
2493,1966,2,4,61286.0,0,1,2013-08-02,34,356,0,107,19,9,117,2,7,1,8,5,0,0,0,0,0,0,3,11,0,608,16,1,0,0.11764705882352941,0.4117647058823529,0.47058823529411764,0.058823529411764705,1.1666666666666667,2013,8,0,0.13437339298513268,1.447258178355498
6292,1986,4,4,82333.0,0,0,2013-03-30,60,1311,0,359,46,89,17,1,4,3,10,2,0,0,1,0,0,0,3,11,1,1822,17,0,1,0.05555555555555555,0.2222222222222222,0.5555555555555556,0.16666666666666666,1.3333333333333333,2013,3,1,4.1393737700411375,-1.7701248851239868
1631,1965,4,4,65220.0,0,0,2012-09-03,3,890,63,292,0,25,12,4,8,4,7,6,0,0,0,0,0,0,3,11,1,1282,19,0,0,0.2,0.4,0.35,0.2,1.1428571428571428,2012,9,1,2.4216984938972788,1.9070526058747237
10104,1974,2,4,33590.0,2,1,2013-11-03,65,4,0,2,0,0,2,1,1,0,2,7,0,0,0,0,0,0,3,11,0,8,3,3,0,0.25,0.25,0.5,0.0,0.125,2013,11,0,-4.544156483249443,0.02019774978469582
3006,1976,2,1,30992.0,1,0,2013-04-22,83,17,0,14,7,3,2,1,1,0,3,7,0,0,0,0,0,0,3,11,0,43,4,1,0,0.2,0.2,0.6,0.0,0.125,2013,4,0,-3.481472622410782,-2.0251354036372935
3919,1976,3,0,72309.0,0,0,2013-03-11,64,960,0,883,50,38,0,1,5,6,8,3,0,0,0,1,0,0,3,11,1,1931,19,0,1,0.05,0.25,0.4,0.3,1.25,2013,3,1,4.693199332300497,-1.2909204316744058
11181,1949,4,4,156924.0,0,0,2013-08-29,85,2,1,2,1,1,1,0,0,0,0,0,0,0,0,0,0,0,3,11,0,8,0,0,0,0.0,0.0,0.0,0.0,0.0,2013,8,0,-0.8531868517256278,-2.3669622949448668
642,1980,0,4,16005.0,1,0,2012-08-14,69,1,3,2,20,30,47,3,2,1,2,8,0,0,0,0,0,0,3,11,0,103,5,1,0,0.5,0.3333333333333333,0.3333333333333333,0.16666666666666666,0.2222222222222222,2012,8,0,-2.757610744724995,-0.0041085561741365266
4369,1957,3,3,65487.0,0,0,2014-01-10,48,240,67,500,199,0,163,3,3,5,6,2,0,0,0,0,0,0,3,11,0,1169,14,0,0,0.2,0.2,0.4,0.3333333333333333,1.0,2014,1,1,2.985219226534089,-1.644805889958697
10127,1965,2,4,58692.0,0,1,2014-04-06,21,301,11,61,4,7,11,1,8,2,4,7,0,0,0,0,0,0,3,11,0,395,14,1,0,0.06666666666666667,0.5333333333333333,0.26666666666666666,0.13333333333333333,1.0,2014,4,0,-0.563585644084335,1.830562077725418
271,1969,2,2,40590.0,1,1,2013-10-02,30,154,0,50,6,11,37,5,3,4,3,6,1,0,0,0,0,0,3,11,0,258,10,2,1,0.45454545454545453,0.2727272727272727,0.2727272727272727,0.36363636363636365,0.42857142857142855,2013,10,0,-1.2265063004118277,1.614679031710228
4973,1970,2,0,20587.0,1,0,2014-05-11,39,2,3,6,4,1,9,1,1,1,2,7,0,0,0,0,0,0,3,11,0,25,4,1,0,0.2,0.2,0.4,0.2,0.125,2014,5,0,-3.021022850297113,-1.7637054121767688
2948,1954,3,1,62637.0,0,1,2014-03-01,76,104,12,48,4,12,5,1,2,2,5,2,0,0,0,0,0,0,3,11,0,185,9,1,0,0.1,0.2,0.5,0.2,0.6666666666666666,2014,3,0,-0.9706910332900595,-1.3951224384946286
2715,1966,3,1,29435.0,1,1,2012-08-06,11,70,3,37,4,2,64,4,3,2,2,9,0,0,0,0,0,0,3,11,1,180,7,2,0,0.5,0.375,0.25,0.25,0.3,2012,8,0,-2.2245667157416236,2.5068640149949752
10432,1974,2,1,19346.0,1,0,2014-01-30,26,2,0,9,3,6,2,1,1,0,3,8,0,0,0,0,0,0,3,11,0,22,4,1,0,0.2,0.2,0.6,0.0,0.1111111111111111,2014,1,0,-3.7437001739498363,-2.23884285164856
9216,1971,2,4,35788.0,1,1,2014-01-23,34,23,2,11,3,1,4,2,2,0,3,6,0,0,0,0,0,0,3,11,0,44,5,2,0,0.3333333333333333,0.3333333333333333,0.5,0.0,0.2857142857142857,2014,1,0,-3.5835623688446216,-0.22956095545137087
7124,1968,2,1,36997.0,1,1,2013-02-01,72,43,4,12,8,0,27,5,2,1,4,5,0,0,0,0,0,0,3,11,0,94,7,2,0,0.625,0.25,0.5,0.125,0.3333333333333333,2013,2,0,-2.9025672454283766,0.42393633122613156
9727,1957,2,4,23539.0,0,0,2014-02-28,13,4,24,11,16,1,25,1,2,0,4,6,0,0,0,0,0,0,3,11,0,81,6,0,0,0.14285714285714285,0.2857142857142857,0.5714285714285714,0.0,0.2857142857142857,2014,2,0,-2.312732418802125,-2.033350662776438
5136,1973,2,0,65333.0,0,1,2014-01-17,58,654,7,92,0,15,30,7,9,4,8,6,0,1,1,0,0,0,3,11,0,798,21,1,2,0.3181818181818182,0.4090909090909091,0.36363636363636365,0.18181818181818182,1.2857142857142858,2014,1,1,2.2251397477352644,2.5146484616741764
9790,1957,2,0,78499.0,0,0,2013-11-23,12,912,72,170,47,36,97,1,11,3,4,4,0,0,1,0,0,0,3,11,1,1334,18,0,1,0.05263157894736842,0.5789473684210527,0.21052631578947367,0.15789473684210525,2.2,2013,11,1,4.211778716027765,1.887614939334864
1818,1971,4,4,29732.0,1,0,2014-03-25,23,25,0,8,0,1,4,1,2,0,2,9,0,0,0,0,0,0,3,11,0,38,4,1,0,0.2,0.4,0.4,0.0,0.2,2014,3,0,-3.4967615886794525,-0.40685355922652117
1100,1960,3,4,41275.0,1,2,2014-03-24,33,24,4,22,0,2,9,4,3,1,3,5,0,0,0,0,0,0,3,11,0,61,7,3,0,0.5,0.375,0.375,0.125,0.5,2014,3,0,-3.1301405435250453,2.0296711481433403
7873,1973,4,4,63516.0,1,1,2013-07-06,30,141,11,114,15,14,5,4,4,1,7,5,0,0,0,0,0,0,3,11,0,300,12,2,0,0.3076923076923077,0.3076923076923077,0.5384615384615384,0.07692307692307693,0.6666666666666666,2013,7,0,-1.7236718870279437,0.9818582487566684
10609,1962,4,4,42769.0,0,1,2013-10-12,15,71,0,13,3,1,0,2,1,1,4,4,0,0,0,0,0,0,3,11,0,88,6,1,0,0.2857142857142857,0.14285714285714285,0.5714285714285714,0.14285714285714285,0.2,2013,10,0,-2.191943413400187,-1.0815635914879822
6950,1958,3,4,49572.0,1,1,2013-12-15,25,35,1,16,0,1,1,2,2,0,3,7,0,0,0,0,0,0,3,11,0,54,5,2,0,0.3333333333333333,0.3333333333333333,0.5,0.0,0.25,2013,12,0,-3.4139978650689224,0.6664119010709809
7233,1972,2,4,69209.0,0,0,2012-09-17,4,496,32,849,229,48,128,2,5,3,6,4,0,0,0,1,0,0,3,11,0,1782,14,0,1,0.13333333333333333,0.3333333333333333,0.4,0.2,1.0,2012,9,1,4.350999566988761,-0.8364418885925371
9481,1976,2,4,17148.0,1,0,2014-01-28,80,9,9,11,13,10,16,4,3,1,3,8,0,0,0,0,0,0,3,11,0,68,7,1,0,0.5,0.375,0.375,0.125,0.3333333333333333,2014,1,0,-2.8945893171977413,0.023140471252850868
7699,1969,2,2,40590.0,1,1,2013-10-02,30,154,0,50,6,11,37,5,3,4,3,6,1,0,0,0,0,0,3,11,0,258,10,2,1,0.45454545454545453,0.2727272727272727,0.2727272727272727,0.36363636363636365,0.42857142857142855,2013,10,0,-1.2265063004118277,1.614679031710228
2711,1976,3,4,30560.0,1,0,2013-06-27,6,9,1,5,4,5,7,1,1,0,3,7,0,0,0,0,0,0,3,11,0,31,4,1,0,0.2,0.2,0.6,0.0,0.125,2013,6,0,-3.4686551931861853,-1.821193492358447
8933,1983,1,4,32146.0,1,0,2014-05-12,16,26,3,23,4,7,3,2,2,0,4,6,0,0,0,0,0,0,3,11,0,66,6,1,0,0.2857142857142857,0.2857142857142857,0.5714285714285714,0.0,0.2857142857142857,2014,5,0,-3.212716614912492,-1.6909017836649856
8726,1964,1,1,41713.0,1,1,2014-04-29,57,77,8,44,10,10,25,5,3,1,4,6,0,0,0,0,0,0,3,11,0,174,8,2,0,0.5555555555555556,0.3333333333333333,0.4444444444444444,0.1111111111111111,0.42857142857142855,2014,4,0,-2.6624661257879643,0.8275658274071448
1515,1975,3,4,34176.0,0,1,2014-01-22,9,11,2,7,4,2,2,1,1,0,3,3,0,0,0,0,0,0,3,11,0,28,4,1,0,0.2,0.2,0.6,0.0,0.25,2014,1,0,-2.8729710859477016,-2.0789607580450626
5186,1955,4,4,58482.0,0,1,2014-03-12,59,576,7,115,19,7,7,2,7,4,9,6,0,1,0,0,0,0,3,11,0,731,20,1,1,0.09523809523809523,0.3333333333333333,0.42857142857142855,0.19047619047619047,1.0,2014,3,1,1.2635988925898138,1.4672302975435945
10157,1965,2,0,59686.0,0,1,2014-01-25,78,89,15,89,34,42,5,1,4,1,6,4,0,0,0,0,0,0,3,11,0,274,11,1,0,0.08333333333333333,0.3333333333333333,0.5,0.08333333333333333,0.8,2014,1,0,-0.8753107902391986,-0.7423919857434931
5667,1964,4,4,60896.0,0,1,2012-10-11,90,1013,30,399,60,46,153,3,9,10,4,6,0,0,0,0,0,0,3,11,1,1701,23,1,0,0.125,0.375,0.16666666666666666,0.4166666666666667,1.2857142857142858,2012,10,1,4.343340769011946,3.436844888026053
902,1980,2,4,62994.0,1,0,2014-03-04,74,224,12,48,4,12,12,1,6,2,4,6,0,0,0,0,0,0,3,11,0,312,12,1,0,0.07692307692307693,0.46153846153846156,0.3076923076923077,0.15384615384615385,0.8571428571428571,2014,3,0,-1.1061518554179908,0.2541098646313191
977,1957,2,4,47320.0,0,1,2013-08-01,10,200,19,111,50,15,19,6,5,1,8,6,0,0,0,0,0,0,3,11,0,414,14,1,0,0.4,0.3333333333333333,0.5333333333333333,0.06666666666666667,0.7142857142857143,2013,8,0,-0.8279142355610917,1.3799557088569003
7313,1949,1,2,74859.0,0,0,2013-06-03,63,570,73,614,133,102,73,1,6,5,11,3,0,0,0,1,0,0,3,11,0,1565,22,0,1,0.043478260869565216,0.2608695652173913,0.4782608695652174,0.21739130434782608,1.5,2013,6,1,5.1268277667578195,-1.3442497292083684
7600,1992,0,0,15253.0,1,0,2013-10-28,13,1,3,3,8,1,13,2,1,0,3,7,0,0,0,0,0,0,3,11,0,29,4,1,0,0.4,0.2,0.6,0.0,0.125,2013,10,0,-3.76431381106488,-2.0434074675314458
9706,1974,4,0,31560.0,1,0,2013-06-24,98,62,1,20,4,0,7,2,2,1,3,8,0,0,0,0,0,0,3,11,0,94,6,1,0,0.2857142857142857,0.2857142857142857,0.42857142857142855,0.14285714285714285,0.2222222222222222,2013,6,0,-2.789362542542201,-0.47628844706941637
2429,1954,2,1,72071.0,0,1,2013-02-14,4,531,69,300,150,138,150,3,5,4,8,2,0,0,0,0,0,0,3,11,0,1338,17,1,0,0.16666666666666666,0.2777777777777778,0.4444444444444444,0.2222222222222222,1.6666666666666667,2013,2,1,3.4798683982623206,0.180659471130452
3520,1990,3,0,91172.0,0,0,2013-03-27,94,162,28,818,0,28,56,0,4,3,7,3,1,0,1,1,1,0,3,11,1,1092,14,0,4,0.0,0.26666666666666666,0.4666666666666667,0.2,1.0,2013,3,1,4.7908998974976535,-2.5384211054355563
10394,1984,2,4,90000.0,0,0,2013-12-23,91,675,144,133,94,192,241,1,4,8,5,1,1,0,1,1,0,0,3,11,0,1479,17,0,3,0.05555555555555555,0.2222222222222222,0.2777777777777778,0.4444444444444444,2.0,2013,12,1,7.535497544429432,-1.7382540970012974
4548,1981,2,0,41967.0,1,1,2013-11-23,66,23,4,10,0,2,15,1,1,0,3,4,0,0,0,0,0,0,3,11,0,54,4,2,0,0.2,0.2,0.6,0.0,0.2,2013,11,0,-3.437887262824693,-1.2495834256156892
9362,1965,2,0,69263.0,0,1,2014-03-05,14,492,5,32,13,5,21,1,9,1,7,6,0,1,0,0,0,0,3,11,0,568,17,1,1,0.05555555555555555,0.5,0.3888888888888889,0.05555555555555555,1.2857142857142858,2014,3,0,0.5109068594119647,1.837108504118766
3968,1970,1,1,65706.0,0,0,2013-06-28,77,918,10,129,13,0,129,1,11,3,12,7,0,1,1,0,1,0,3,11,1,1199,26,0,3,0.037037037037037035,0.4074074074074074,0.4444444444444444,0.1111111111111111,1.375,2013,6,1,4.74663326989869,1.2914038807462638
4084,1975,2,4,60934.0,0,1,2014-01-17,41,224,155,155,192,93,54,2,6,4,11,4,0,0,0,0,0,0,3,11,0,873,21,1,0,0.09090909090909091,0.2727272727272727,0.5,0.18181818181818182,1.2,2014,1,1,2.731828832276065,-0.6686996993661312
6721,1951,2,4,71965.0,0,1,2013-07-29,21,572,19,286,50,38,248,3,6,3,5,3,0,0,0,0,0,0,3,11,0,1213,14,1,0,0.2,0.4,0.3333333333333333,0.2,1.5,2013,7,1,2.2031761906481204,1.838493677285561
2829,1955,2,4,65210.0,0,1,2014-03-10,25,626,0,70,0,7,28,2,9,3,8,6,0,1,0,1,0,0,3,11,0,731,20,1,2,0.09523809523809523,0.42857142857142855,0.38095238095238093,0.14285714285714285,1.2857142857142858,2014,3,1,2.009303961071325,1.8895646661930257
1772,1975,4,4,79174.0,0,0,2013-01-11,2,1074,37,518,193,92,129,1,5,6,7,2,0,0,1,1,0,0,3,11,1,2043,18,0,2,0.05263157894736842,0.2631578947368421,0.3684210526315789,0.3157894736842105,1.6666666666666667,2013,1,1,6.934784856269237,-1.4443358751584676
1544,1967,3,1,81380.0,0,0,2012-12-22,51,741,68,689,224,68,103,1,4,2,10,2,0,0,0,0,0,0,3,11,0,1893,16,0,0,0.058823529411764705,0.23529411764705882,0.5882352941176471,0.11764705882352941,1.3333333333333333,2012,12,1,4.10578194010291,-1.5996764747580088
492,1973,4,3,48432.0,0,1,2012-10-18,3,322,3,50,4,3,42,5,7,1,6,8,0,0,0,0,0,0,3,11,0,424,14,1,0,0.3333333333333333,0.4666666666666667,0.4,0.06666666666666667,0.7777777777777778,2012,10,0,-0.9976067993683512,2.992236001604027
4377,1971,2,4,52914.0,0,1,2013-01-07,32,254,10,44,30,10,227,2,7,3,3,7,1,0,0,0,0,0,3,11,0,575,13,1,1,0.14285714285714285,0.5,0.21428571428571427,0.21428571428571427,0.875,2013,1,1,0.6975488325532262,2.4233693352092094
4541,1955,2,4,38946.0,0,1,2013-10-24,84,116,6,82,6,6,41,2,3,1,6,5,0,0,0,0,0,0,3,11,0,257,10,1,0,0.18181818181818182,0.2727272727272727,0.5454545454545454,0.09090909090909091,0.5,2013,10,0,-1.5005059248075427,-0.08775906088789358
1321,1974,2,4,26067.0,1,0,2013-11-04,49,22,2,18,0,2,12,3,3,0,3,8,0,0,0,0,0,0,3,11,0,56,6,1,0,0.42857142857142855,0.42857142857142855,0.42857142857142855,0.0,0.3333333333333333,2013,11,0,-3.261336355366354,0.4230844227479418
8858,1972,4,4,44325.0,0,1,2013-03-07,69,516,0,21,0,0,5,4,8,2,7,8,0,1,0,0,0,0,3,11,0,542,17,1,1,0.2222222222222222,0.4444444444444444,0.3888888888888889,0.1111111111111111,0.8888888888888888,2013,3,0,-0.028962164103192693,2.782334973439324
3266,1964,2,4,42523.0,0,0,2014-04-23,96,14,36,11,3,26,35,1,1,1,4,2,0,0,0,0,0,0,3,11,0,125,6,0,0,0.14285714285714285,0.14285714285714285,0.5714285714285714,0.14285714285714285,0.3333333333333333,2014,4,0,-1.3122068386090124,-3.1822128382540114
11187,1978,0,0,26487.0,1,0,2013-05-20,23,2,8,10,12,14,23,3,2,1,3,5,0,0,0,0,0,0,3,11,0,69,6,1,0,0.42857142857142855,0.2857142857142857,0.42857142857142855,0.14285714285714285,0.3333333333333333,2013,5,0,-2.6178423041923797,-1.0874992167857374
8207,1957,1,4,53233.0,0,1,2014-03-18,18,28,0,9,3,0,0,1,1,0,3,4,0,0,0,0,0,0,3,11,0,40,4,1,0,0.2,0.2,0.6,0.0,0.2,2014,3,0,-2.783213570683404,-1.9138984831487136
9723,1960,2,4,67716.0,0,1,2013-01-10,8,530,142,217,62,9,56,4,7,4,13,5,0,1,0,0,0,0,3,11,0,1016,24,1,1,0.16,0.28,0.52,0.16,1.1666666666666667,2013,1,1,2.936339622312889,1.191649441473334
2666,1972,3,4,76234.0,0,1,2014-02-06,21,519,50,167,130,0,41,1,8,3,11,3,0,1,0,0,0,0,3,11,0,907,22,1,1,0.043478260869565216,0.34782608695652173,0.4782608695652174,0.13043478260869565,2.0,2014,2,1,2.7133669695105413,0.6618033136853818
5721,1956,4,4,84117.0,0,0,2014-05-11,60,611,76,749,59,45,26,1,7,10,6,2,0,0,1,0,0,0,3,11,0,1566,23,0,1,0.041666666666666664,0.2916666666666667,0.25,0.4166666666666667,2.3333333333333335,2014,5,1,5.793825603341142,-0.65470236807046
10652,1957,3,4,65487.0,0,0,2014-01-10,48,240,67,500,199,0,163,3,3,5,6,2,0,0,0,0,0,0,3,11,0,1169,14,0,0,0.2,0.2,0.4,0.3333333333333333,1.0,2014,1,1,2.982676317790642,-1.6291349348220086
1646,1972,0,4,25224.0,1,0,2014-03-16,36,4,9,12,11,2,8,2,1,1,3,3,0,0,0,0,0,0,3,11,0,46,5,1,0,0.3333333333333333,0.16666666666666666,0.5,0.16666666666666666,0.25,2014,3,0,-2.7169563196672555,-2.5054547471867017
4418,1983,3,0,89616.0,0,0,2013-02-25,36,671,47,655,145,111,15,1,7,5,12,2,0,0,0,0,0,0,3,11,1,1644,24,0,0,0.04,0.28,0.48,0.2,2.3333333333333335,2013,2,1,5.018602744866624,-1.0620876282548632
2656,1971,2,1,40851.0,1,1,2013-02-21,63,23,1,7,0,4,24,1,1,1,2,7,0,0,0,0,0,0,3,11,0,59,4,2,0,0.2,0.2,0.4,0.2,0.125,2013,2,0,-3.0786097496203477,-0.5567860145494002
7990,1947,2,4,27469.0,0,0,2012-08-02,2,9,1,2,3,2,0,1,0,0,3,6,0,0,0,0,0,0,3,11,0,17,3,0,0,0.25,0.0,0.75,0.0,0.0,2012,8,0,-2.958921184218721,-3.080825463485297
8722,1957,1,4,82347.0,0,0,2012-11-06,38,556,54,845,202,133,63,1,7,7,10,3,1,0,0,1,0,0,3,11,1,1853,24,0,2,0.04,0.28,0.4,0.28,1.75,2012,11,1,7.018631171130951,-0.5722952908959321
7118,1957,2,4,73803.0,0,1,2012-08-01,61,833,80,363,52,26,174,2,9,5,6,6,1,0,0,0,0,0,3,11,1,1528,20,1,1,0.09523809523809523,0.42857142857142855,0.2857142857142857,0.23809523809523808,1.2857142857142858,2012,8,1,3.8434652190004845,2.9582886416067034
2980,1952,3,0,8820.0,1,1,2013-03-22,52,12,0,13,4,2,4,4,3,0,3,8,0,0,0,0,0,0,3,11,0,35,6,2,0,0.5714285714285714,0.42857142857142855,0.42857142857142855,0.0,0.3333333333333333,2013,3,0,-3.759766948270345,1.7270242326934921
1839,1974,2,0,43322.0,0,0,2014-04-21,25,56,7,48,10,2,18,1,3,0,4,7,0,0,0,0,0,0,3,11,0,141,7,0,0,0.125,0.375,0.5,0.0,0.375,2014,4,0,-2.0945313514105846,-1.435761480131907
10722,1973,2,4,55593.0,0,1,2013-08-21,63,293,8,124,11,4,106,2,6,6,3,6,1,0,0,0,0,0,3,11,0,546,15,1,1,0.125,0.375,0.1875,0.375,0.8571428571428571,2013,8,1,1.011605191773308,1.7418210153185159
2632,1954,2,4,50501.0,1,1,2013-06-18,10,297,0,38,13,0,152,7,5,4,4,6,1,0,0,0,0,0,3,11,1,500,13,2,1,0.5,0.35714285714285715,0.2857142857142857,0.2857142857142857,0.7142857142857143,2013,6,0,-0.08654688332733702,3.2737312079188907
9014,1975,2,4,37085.0,1,1,2014-06-26,65,39,1,16,2,0,3,4,3,0,3,8,0,0,0,0,0,0,3,11,0,61,6,2,0,0.5714285714285714,0.42857142857142855,0.42857142857142855,0.0,0.3333333333333333,2014,6,0,-3.6387598333837428,1.2334231570097691
7620,1990,0,0,16185.0,1,0,2013-08-05,71,5,11,16,21,8,45,2,2,2,2,8,0,0,0,0,0,0,3,11,0,106,6,1,0,0.2857142857142857,0.2857142857142857,0.2857142857142857,0.2857142857142857,0.2222222222222222,2013,8,0,-2.4153610446791487,-0.7561109124925609
10968,1969,2,0,57731.0,0,1,2012-11-23,0,266,21,300,65,8,44,4,8,8,6,6,0,0,0,0,0,0,3,11,0,704,22,1,0,0.17391304347826086,0.34782608695652173,0.2608695652173913,0.34782608695652173,1.1428571428571428,2012,11,1,1.79154280078225,2.3331501077936543
11133,1973,4,3,48432.0,0,1,2012-10-18,3,322,3,50,4,3,42,5,7,1,6,8,0,0,0,0,0,0,3,11,1,424,14,1,0,0.3333333333333333,0.4666666666666667,0.4,0.06666666666666667,0.7777777777777778,2012,10,0,-0.7360758555185487,3.1307110655671604
2736,1978,2,4,73807.0,0,1,2013-01-02,88,366,124,156,71,78,54,2,5,5,11,2,0,0,0,0,0,0,3,11,0,849,21,1,0,0.09090909090909091,0.22727272727272727,0.5,0.22727272727272727,1.6666666666666667,2013,1,1,2.659961597393574,-0.5673682320771455
1876,1990,2,4,18929.0,0,0,2013-02-16,15,32,0,8,23,4,18,1,1,0,4,6,0,0,0,0,0,0,3,11,0,85,5,0,0,0.16666666666666666,0.16666666666666666,0.6666666666666666,0.0,0.14285714285714285,2013,2,0,-2.732390756519835,-2.983362873319365
5959,1968,2,0,35893.0,1,1,2012-10-15,80,158,0,23,0,0,18,6,3,1,5,8,0,0,0,0,0,0,3,11,0,199,9,2,0,0.6,0.3,0.5,0.1,0.3333333333333333,2012,10,0,-2.8785648685319982,1.8136517140023967
1092,1980,2,4,61014.0,0,1,2012-08-11,17,269,129,495,182,43,29,4,9,3,4,7,0,0,0,0,0,0,3,11,0,1147,16,1,0,0.23529411764705882,0.5294117647058824,0.23529411764705882,0.17647058823529413,1.125,2012,8,1,2.172251954100799,2.483308640418228
4333,1954,2,4,32144.0,1,1,2014-03-23,76,41,0,10,0,0,3,4,2,1,3,7,0,1,0,0,0,0,3,11,0,54,6,2,1,0.5714285714285714,0.2857142857142857,0.42857142857142855,0.14285714285714285,0.25,2014,3,0,-2.707384149593295,0.8308342937853443
3850,1963,0,4,14918.0,0,1,2012-12-07,52,3,3,3,15,4,15,1,1,0,3,6,0,0,0,0,0,0,3,11,0,43,4,1,0,0.2,0.2,0.6,0.0,0.14285714285714285,2012,12,0,-3.133382937717734,-1.1637362736417016
6168,1963,2,1,45146.0,1,1,2013-07-15,28,33,0,5,0,0,15,2,1,1,2,4,0,0,0,0,0,0,3,11,0,53,4,2,0,0.4,0.2,0.4,0.2,0.2,2013,7,0,-2.8563011903215947,-0.4025007603164612
607,1955,1,1,41769.0,0,1,2013-02-13,31,302,29,131,32,0,27,6,8,1,7,8,0,0,0,0,0,0,3,11,0,521,16,1,0,0.35294117647058826,0.47058823529411764,0.4117647058823529,0.058823529411764705,0.8888888888888888,2013,2,0,-0.6353122201555519,2.6618163341676597
10469,1981,2,4,88325.0,0,0,2014-02-05,42,519,71,860,93,27,53,1,6,2,9,2,0,0,0,0,0,0,3,11,0,1623,17,0,0,0.05555555555555555,0.3333333333333333,0.5,0.1111111111111111,2.0,2014,2,1,3.312949992841102,-1.6121105052817915
6983,1950,3,1,38054.0,1,1,2014-05-01,24,23,2,17,2,1,0,2,2,0,3,7,0,0,0,0,0,0,3,11,0,45,5,2,0,0.3333333333333333,0.3333333333333333,0.5,0.0,0.25,2014,5,0,-3.5431299564171668,0.2730406142031029
3661,1995,1,0,80617.0,0,0,2012-10-12,42,594,51,631,72,55,32,1,4,6,8,2,0,0,0,0,0,0,3,11,0,1435,18,0,0,0.05263157894736842,0.21052631578947367,0.42105263157894735,0.3157894736842105,1.3333333333333333,2012,10,1,3.3842638655684305,-1.7903217062750298
9303,1976,2,4,5305.0,0,1,2013-07-30,12,12,4,7,1,3,5,0,1,0,0,13,0,0,0,0,0,0,3,11,0,32,1,1,0,0.0,0.5,0.0,0.0,0.07142857142857142,2013,7,0,-3.6664311845857593,1.4127986863688424
692,1954,2,4,36807.0,1,1,2012-12-20,88,4,2,5,0,0,5,1,1,0,2,6,0,0,0,0,0,0,3,11,0,16,3,2,0,0.25,0.25,0.5,0.0,0.14285714285714285,2012,12,0,-3.64385117571616,0.011933246270181814
736,1983,2,4,28427.0,1,0,2013-03-21,67,18,3,19,3,3,6,2,2,0,3,8,0,0,0,0,0,0,3,11,0,52,5,1,0,0.3333333333333333,0.3333333333333333,0.5,0.0,0.2222222222222222,2013,3,0,-3.4380776141037432,-0.8259074159159635
9589,1948,4,2,82032.0,0,0,2014-04-05,54,332,194,377,149,125,57,0,4,6,7,1,0,0,0,0,0,0,3,11,0,1234,17,0,0,0.0,0.2222222222222222,0.3888888888888889,0.3333333333333333,2.0,2014,4,1,4.66388445248645,-2.152246099800153
4838,1978,2,4,22775.0,1,0,2013-06-19,40,5,1,8,0,0,1,1,1,0,2,8,0,0,0,0,0,0,3,11,0,15,3,1,0,0.25,0.25,0.5,0.0,0.1111111111111111,2013,6,0,-3.7505216800556003,-1.4486425693301836
9246,1985,3,4,40101.0,1,0,2012-10-14,73,171,3,129,26,24,62,4,6,1,6,7,0,0,0,0,0,0,3,11,0,415,13,1,0,0.2857142857142857,0.42857142857142855,0.42857142857142855,0.07142857142857142,0.75,2012,10,0,-1.214071924225902,1.4148661159035256
6261,1979,2,4,58025.0,0,1,2013-11-26,81,270,31,88,11,48,22,3,3,2,10,4,0,0,0,0,0,0,3,11,0,470,15,1,0,0.1875,0.1875,0.625,0.125,0.6,2013,11,0,-0.24853461391861462,-0.6687468369880049
7366,1982,3,0,75777.0,0,0,2013-07-04,12,712,26,538,69,13,80,1,3,6,11,1,0,1,1,0,0,0,3,11,1,1438,20,0,2,0.047619047619047616,0.14285714285714285,0.5238095238095238,0.2857142857142857,1.5,2013,7,1,5.03329416989589,-2.106118130890161
10659,1979,1,4,7500.0,1,0,2013-05-07,7,2,8,11,3,8,21,4,3,2,2,7,0,0,0,0,0,0,3,11,0,53,7,1,0,0.5,0.375,0.25,0.25,0.375,2013,5,0,-2.5572364471599194,0.4204161789114541
1448,1963,3,4,33562.0,1,2,2014-06-25,33,21,12,12,0,3,3,3,2,0,4,4,0,0,0,0,0,0,3,11,0,51,6,3,0,0.42857142857142855,0.2857142857142857,0.5714285714285714,0.0,0.4,2014,6,0,-3.6427763323245084,0.7597985471698023
4286,1970,4,0,57642.0,0,1,2014-01-09,24,580,6,58,8,0,27,3,7,6,6,4,1,0,0,0,0,0,3,11,0,679,19,1,1,0.15,0.35,0.3,0.3,1.4,2014,1,1,1.3826574914600422,1.4936617392023892
4749,1968,2,4,58554.0,1,1,2012-09-26,55,368,24,68,38,0,88,6,8,2,6,7,0,0,0,0,0,0,3,11,0,586,16,2,0,0.35294117647058826,0.47058823529411764,0.35294117647058826,0.11764705882352941,1.0,2012,9,0,-0.5771286660612681,3.7205213032383337
4478,1979,2,4,63777.0,1,1,2013-03-24,87,457,5,106,15,17,53,8,11,1,6,8,0,0,0,0,0,0,3,11,0,653,18,2,0,0.42105263157894735,0.5789473684210527,0.3157894736842105,0.05263157894736842,1.2222222222222223,2013,3,0,-0.7004046154183547,4.718475635006302
4201,1962,2,0,57967.0,0,1,2013-03-03,39,229,7,137,4,0,91,5,4,2,8,5,0,0,0,0,0,0,3,11,0,468,14,1,0,0.3333333333333333,0.26666666666666666,0.5333333333333333,0.13333333333333333,0.6666666666666666,2013,3,0,-0.4784765013881179,0.672640905641989
10084,1972,2,4,24434.0,2,0,2014-05-18,9,3,2,8,20,0,17,2,2,1,2,7,0,0,0,0,0,0,3,11,0,50,5,2,0,0.3333333333333333,0.3333333333333333,0.3333333333333333,0.16666666666666666,0.25,2014,5,0,-3.478800436736345,-0.22409476396566175
7004,1984,2,0,11012.0,1,0,2013-03-16,82,24,3,26,7,1,23,3,3,1,2,9,1,0,0,0,0,0,3,11,0,84,6,1,1,0.42857142857142855,0.42857142857142855,0.2857142857142857,0.14285714285714285,0.3,2013,3,0,-2.665958083485038,0.5596197160837556
9817,1970,3,0,44802.0,0,0,2012-08-21,71,853,10,143,13,10,20,2,9,4,12,8,0,0,0,0,0,0,3,11,0,1049,25,0,0,0.07692307692307693,0.34615384615384615,0.46153846153846156,0.15384615384615385,1.0,2012,8,1,1.6860995334786528,1.3250255887877989
8080,1986,2,0,26816.0,0,0,2012-08-17,50,5,1,6,3,4,3,1,0,0,3,4,0,0,0,0,0,0,3,11,0,22,3,0,0,0.25,0.0,0.75,0.0,0.0,2012,8,0,-2.910925962566729,-3.824190344603272
9432,1977,2,4,666666.0,1,0,2013-06-02,23,9,14,18,8,1,12,4,3,1,3,6,0,0,0,0,0,0,3,11,0,62,7,1,0,0.5,0.375,0.375,0.125,0.42857142857142855,2013,6,1,3.1887236776675314,0.3334541474109105
8372,1974,2,4,34421.0,1,0,2013-07-01,81,3,3,7,6,2,9,1,1,0,2,7,0,0,0,0,0,0,3,11,0,30,3,1,0,0.25,0.25,0.5,0.0,0.125,2013,7,0,-3.4664480716524237,-1.4770120071204111
10870,1967,2,4,61223.0,0,1,2013-06-13,46,709,43,182,42,118,247,2,9,3,4,5,0,0,0,0,0,0,3,11,0,1341,16,1,0,0.11764705882352941,0.5294117647058824,0.23529411764705882,0.17647058823529413,1.5,2013,6,1,2.7056297701472194,2.708588636982036
4001,1946,4,4,64014.0,2,1,2014-06-10,56,406,0,30,0,0,8,7,8,2,5,7,0,0,0,1,0,0,3,11,0,444,15,3,1,0.4375,0.5,0.3125,0.125,1.0,2014,6,0,-1.0522133757135381,4.161160064337065
7270,1981,2,1,56981.0,0,0,2014-01-25,91,908,48,217,32,12,24,1,2,3,13,6,0,1,0,0,0,0,3,11,0,1241,18,0,1,0.05263157894736842,0.10526315789473684,0.6842105263157895,0.15789473684210525,0.2857142857142857,2014,1,1,1.7805848601021648,-2.5576934557579647
8235,1956,3,4,69245.0,0,1,2014-01-24,8,428,30,214,80,30,61,2,6,5,10,3,0,0,0,0,0,0,3,11,0,843,21,1,0,0.09090909090909091,0.2727272727272727,0.45454545454545453,0.22727272727272727,1.5,2014,1,1,2.032534748324233,0.27687737727977385
9405,1954,4,4,52869.0,1,1,2012-10-15,40,84,3,61,2,1,21,3,3,1,4,7,0,0,0,0,0,0,3,11,1,172,8,2,0,0.3333333333333333,0.3333333333333333,0.4444444444444444,0.1111111111111111,0.375,2012,10,0,-2.1975683628020883,1.7781771056690758
